ISO-10303-21;
HEADER;
/* Generated by software containing ST-Developer
 * from STEP Tools, Inc. (www.steptools.com) 
 */

FILE_DESCRIPTION(
/* description */ (''),
/* implementation_level */ '2;1');

FILE_NAME(
/* name */ 
'\\\\Tk106\\r&d\\01_\X2\88FD54C130C730FC30BF\X0\\\M\\MB\\HP\X2\752856F39762\X0\\\
3D\\\X2\924430D330B9\X0\_\X2\30EF30C330B730E330FC712130FB520766FF672A\X0\\\
MB12-8-18.stp',
/* time_stamp */ '2022-06-09T17:03:08+09:00',
/* author */ ('TK317'),
/* organization */ (''),
/* preprocessor_version */ 'ST-DEVELOPER v18.1',
/* originating_system */ 'Autodesk Inventor 2022',
/* authorisation */ '');

FILE_SCHEMA (('CONFIG_CONTROL_DESIGN'));
ENDSEC;

DATA;
#10=MECHANICAL_DESIGN_GEOMETRIC_PRESENTATION_REPRESENTATION('',(#2067,#2068,
#2069,#2070,#2071,#2072,#2073,#2074,#2075,#2076,#2077,#2078,#2079,#2080,
#2081,#2082,#2083,#2084,#2085,#2086,#2087,#2088,#2089,#2090,#2091,#2092,
#2093,#2094,#2095,#2096,#2097,#2098,#2099,#2100,#2101,#2102,#2103,#2104,
#2105,#2106,#2107,#2108,#2109,#2110,#2111,#2112,#2113,#2114,#2115,#2116,
#2117,#2118,#2119,#2120,#2121,#2122,#2123,#2124,#2125,#2126,#2127,#2128,
#2129,#2130,#2131,#2132,#2133,#2134,#2135,#2136,#2137,#2138,#2139,#2140,
#2141,#2142,#2143,#2144,#2145,#2146,#2147,#2148,#2149,#2150,#2151,#2152,
#2153,#2154,#2155,#2156,#2157,#2158,#2159,#2160,#2161,#2162,#2163,#2164,
#2165,#2166,#2167,#2168,#2169,#2170,#2171,#2172,#2173,#2174,#2175,#2176,
#2177,#2178,#2179,#2180,#2181,#2182,#2183,#2184,#2185,#2186,#2187,#2188,
#2189),#4925);
#11=ITEM_DEFINED_TRANSFORMATION($,$,#2427,#2614);
#12=ITEM_DEFINED_TRANSFORMATION($,$,#2482,#2615);
#13=ITEM_DEFINED_TRANSFORMATION($,$,#2573,#2616);
#14=ITEM_DEFINED_TRANSFORMATION($,$,#2573,#2617);
#15=ITEM_DEFINED_TRANSFORMATION($,$,#2573,#2618);
#16=ITEM_DEFINED_TRANSFORMATION($,$,#2573,#2619);
#17=(
REPRESENTATION_RELATIONSHIP($,$,#4945,#4944)
REPRESENTATION_RELATIONSHIP_WITH_TRANSFORMATION(#11)
SHAPE_REPRESENTATION_RELATIONSHIP()
);
#18=(
REPRESENTATION_RELATIONSHIP($,$,#4946,#4944)
REPRESENTATION_RELATIONSHIP_WITH_TRANSFORMATION(#12)
SHAPE_REPRESENTATION_RELATIONSHIP()
);
#19=(
REPRESENTATION_RELATIONSHIP($,$,#4947,#4944)
REPRESENTATION_RELATIONSHIP_WITH_TRANSFORMATION(#13)
SHAPE_REPRESENTATION_RELATIONSHIP()
);
#20=(
REPRESENTATION_RELATIONSHIP($,$,#4947,#4944)
REPRESENTATION_RELATIONSHIP_WITH_TRANSFORMATION(#14)
SHAPE_REPRESENTATION_RELATIONSHIP()
);
#21=(
REPRESENTATION_RELATIONSHIP($,$,#4947,#4944)
REPRESENTATION_RELATIONSHIP_WITH_TRANSFORMATION(#15)
SHAPE_REPRESENTATION_RELATIONSHIP()
);
#22=(
REPRESENTATION_RELATIONSHIP($,$,#4947,#4944)
REPRESENTATION_RELATIONSHIP_WITH_TRANSFORMATION(#16)
SHAPE_REPRESENTATION_RELATIONSHIP()
);
#23=CONTEXT_DEPENDENT_SHAPE_REPRESENTATION(#17,#4938);
#24=CONTEXT_DEPENDENT_SHAPE_REPRESENTATION(#18,#4939);
#25=CONTEXT_DEPENDENT_SHAPE_REPRESENTATION(#19,#4940);
#26=CONTEXT_DEPENDENT_SHAPE_REPRESENTATION(#20,#4941);
#27=CONTEXT_DEPENDENT_SHAPE_REPRESENTATION(#21,#4942);
#28=CONTEXT_DEPENDENT_SHAPE_REPRESENTATION(#22,#4943);
#29=NEXT_ASSEMBLY_USAGE_OCCURRENCE('MB12-8-18_cover:1',
'MB12-8-18_cover:1','MB12-8-18_cover:1',#4949,#4950,'MB12-8-18_cover:1');
#30=NEXT_ASSEMBLY_USAGE_OCCURRENCE('MB12-8-18_\X2\FF7CFF6CFF70FF7C\X0\:
1','MB12-8-18_\X2\FF7CFF6CFF70FF7C\X0\:1','MB12-8-18_\X2\FF7CFF6CFF70FF7C\X0\:
1',#4949,#4951,'MB12-8-18_\X2\FF7CFF6CFF70FF7C\X0\:1');
#31=NEXT_ASSEMBLY_USAGE_OCCURRENCE('M3x5:1','M3x5:1','M3x5:1',#4949,#4952,
'M3x5:1');
#32=NEXT_ASSEMBLY_USAGE_OCCURRENCE('M3x5:2','M3x5:2','M3x5:2',#4949,#4952,
'M3x5:2');
#33=NEXT_ASSEMBLY_USAGE_OCCURRENCE('M3x5:3','M3x5:3','M3x5:3',#4949,#4952,
'M3x5:3');
#34=NEXT_ASSEMBLY_USAGE_OCCURRENCE('M3x5:4','M3x5:4','M3x5:4',#4949,#4952,
'M3x5:4');
#35=CONICAL_SURFACE('',#2607,1.41875,0.487195031078496);
#36=CONICAL_SURFACE('',#2611,1.3466375,0.785398163397448);
#37=SPHERICAL_SURFACE('',#2576,4.6);
#38=B_SPLINE_SURFACE_WITH_KNOTS('',3,3,((#3397,#3398,#3399,#3400,#3401),
(#3402,#3403,#3404,#3405,#3406),(#3407,#3408,#3409,#3410,#3411),(#3412,
#3413,#3414,#3415,#3416)),.UNSPECIFIED.,.F.,.F.,.F.,(4,4),(4,1,4),(0.,0.1),
(0.,0.0633531735103924,0.147824071524249),.UNSPECIFIED.);
#39=B_SPLINE_SURFACE_WITH_KNOTS('',3,3,((#3429,#3430,#3431,#3432,#3433),
(#3434,#3435,#3436,#3437,#3438),(#3439,#3440,#3441,#3442,#3443),(#3444,
#3445,#3446,#3447,#3448)),.UNSPECIFIED.,.F.,.F.,.F.,(4,4),(4,1,4),(-0.1,
0.),(-0.147824071524249,-0.0844708980138565,0.),.UNSPECIFIED.);
#40=B_SPLINE_SURFACE_WITH_KNOTS('',3,3,((#3506,#3507,#3508,#3509),(#3510,
#3511,#3512,#3513),(#3514,#3515,#3516,#3517),(#3518,#3519,#3520,#3521),
(#3522,#3523,#3524,#3525)),.UNSPECIFIED.,.F.,.F.,.F.,(4,1,4),(4,4),(-1.23980114060613E-17,
0.0878678959102583,0.153768817842952),(-0.0999999999999998,1.95399252334028E-15),
 .UNSPECIFIED.);
#41=B_SPLINE_SURFACE_WITH_KNOTS('',3,3,((#3535,#3536,#3537,#3538),(#3539,
#3540,#3541,#3542),(#3543,#3544,#3545,#3546),(#3547,#3548,#3549,#3550),
(#3551,#3552,#3553,#3554)),.UNSPECIFIED.,.F.,.F.,.F.,(4,1,4),(4,4),(-2.12427170012853E-17,
0.0844708980138569,0.14782407152425),(-0.100000000000002,1.77635683940025E-16),
 .UNSPECIFIED.);
#42=B_SPLINE_SURFACE_WITH_KNOTS('',3,3,((#3611,#3612,#3613,#3614),(#3615,
#3616,#3617,#3618),(#3619,#3620,#3621,#3622),(#3623,#3624,#3625,#3626),
(#3627,#3628,#3629,#3630)),.UNSPECIFIED.,.F.,.F.,.F.,(4,1,4),(4,4),(0.,
0.0878678959102603,0.153768817842955),(-0.100000000000002,1.77635683940025E-16),
 .UNSPECIFIED.);
#43=B_SPLINE_SURFACE_WITH_KNOTS('',3,3,((#3640,#3641,#3642,#3643),(#3644,
#3645,#3646,#3647),(#3648,#3649,#3650,#3651),(#3652,#3653,#3654,#3655),
(#3656,#3657,#3658,#3659)),.UNSPECIFIED.,.F.,.F.,.F.,(4,1,4),(4,4),(0.,
0.0878678959102603,0.153768817842955),(-0.0999999999999998,1.95399252334028E-15),
 .UNSPECIFIED.);
#44=B_SPLINE_SURFACE_WITH_KNOTS('',3,3,((#3711,#3712,#3713,#3714),(#3715,
#3716,#3717,#3718),(#3719,#3720,#3721,#3722),(#3723,#3724,#3725,#3726),
(#3727,#3728,#3729,#3730)),.UNSPECIFIED.,.F.,.F.,.F.,(4,1,4),(4,4),(0.,
0.0633531735103927,0.14782407152425),(-0.0999999999999998,1.95399252334028E-15),
 .UNSPECIFIED.);
#45=B_SPLINE_SURFACE_WITH_KNOTS('',3,3,((#3743,#3744,#3745,#3746),(#3747,
#3748,#3749,#3750),(#3751,#3752,#3753,#3754),(#3755,#3756,#3757,#3758),
(#3759,#3760,#3761,#3762)),.UNSPECIFIED.,.F.,.F.,.F.,(4,1,4),(4,4),(-1.77635683940025E-15,
0.0659009219326938,0.153768817842955),(-0.100000000000002,1.77635683940023E-16),
 .UNSPECIFIED.);
#46=B_SPLINE_SURFACE_WITH_KNOTS('',3,3,((#3815,#3816,#3817,#3818,#3819),
(#3820,#3821,#3822,#3823,#3824),(#3825,#3826,#3827,#3828,#3829),(#3830,
#3831,#3832,#3833,#3834)),.UNSPECIFIED.,.F.,.F.,.F.,(4,4),(4,1,4),(-0.1,
0.),(-0.14782407152425,-0.0844708980138569,0.),.UNSPECIFIED.);
#47=B_SPLINE_SURFACE_WITH_KNOTS('',3,3,((#3847,#3848,#3849,#3850,#3851),
(#3852,#3853,#3854,#3855,#3856),(#3857,#3858,#3859,#3860,#3861),(#3862,
#3863,#3864,#3865,#3866)),.UNSPECIFIED.,.F.,.F.,.F.,(4,4),(4,1,4),(0.,0.1),
(0.,0.0633531735103924,0.147824071524249),.UNSPECIFIED.);
#48=B_SPLINE_SURFACE_WITH_KNOTS('',3,3,((#3924,#3925,#3926,#3927),(#3928,
#3929,#3930,#3931),(#3932,#3933,#3934,#3935),(#3936,#3937,#3938,#3939),
(#3940,#3941,#3942,#3943)),.UNSPECIFIED.,.F.,.F.,.F.,(4,1,4),(4,4),(-0.14782407152425,
-0.0844708980138569,4.24854340025801E-17),(-1.77635683940025E-16,0.100000000000002),
 .UNSPECIFIED.);
#49=B_SPLINE_SURFACE_WITH_KNOTS('',3,3,((#3956,#3957,#3958,#3959),(#3960,
#3961,#3962,#3963),(#3964,#3965,#3966,#3967),(#3968,#3969,#3970,#3971),
(#3972,#3973,#3974,#3975)),.UNSPECIFIED.,.F.,.F.,.F.,(4,1,4),(4,4),(-0.153768817842955,
-0.08786789591026,2.47960228121208E-17),(-1.95399252334028E-15,0.0999999999999998),
 .UNSPECIFIED.);
#50=B_SPLINE_SURFACE_WITH_KNOTS('',3,3,((#4029,#4030,#4031,#4032),(#4033,
#4034,#4035,#4036),(#4037,#4038,#4039,#4040),(#4041,#4042,#4043,#4044),
(#4045,#4046,#4047,#4048)),.UNSPECIFIED.,.F.,.F.,.F.,(4,1,4),(4,4),(-0.153768817842955,
-0.0659009219326952,0.),(-1.77635683940025E-16,0.100000000000003),
 .UNSPECIFIED.);
#51=B_SPLINE_SURFACE_WITH_KNOTS('',3,3,((#4056,#4057,#4058,#4059),(#4060,
#4061,#4062,#4063),(#4064,#4065,#4066,#4067),(#4068,#4069,#4070,#4071),
(#4072,#4073,#4074,#4075)),.UNSPECIFIED.,.F.,.F.,.F.,(4,1,4),(4,4),(-0.153768817842955,
-0.0659009219326952,0.),(-1.95399252334028E-15,0.100000000000001),
 .UNSPECIFIED.);
#52=B_SPLINE_SURFACE_WITH_KNOTS('',3,3,((#4129,#4130,#4131,#4132),(#4133,
#4134,#4135,#4136),(#4137,#4138,#4139,#4140),(#4141,#4142,#4143,#4144),
(#4145,#4146,#4147,#4148)),.UNSPECIFIED.,.F.,.F.,.F.,(4,1,4),(4,4),(-0.153768817842958,
-0.0878678959102616,2.72756250933349E-16),(-1.77635683940029E-16,0.100000000000002),
 .UNSPECIFIED.);
#53=B_SPLINE_SURFACE_WITH_KNOTS('',3,3,((#4156,#4157,#4158,#4159),(#4160,
#4161,#4162,#4163),(#4164,#4165,#4166,#4167),(#4168,#4169,#4170,#4171),
(#4172,#4173,#4174,#4175)),.UNSPECIFIED.,.F.,.F.,.F.,(4,1,4),(4,4),(-0.14782407152425,
-0.0844708980138569,0.),(-1.95399252334028E-15,0.0999999999999998),
 .UNSPECIFIED.);
#54=B_SPLINE_SURFACE_WITH_KNOTS('',3,3,((#4229,#4230,#4231,#4232,#4233,
#4234,#4235),(#4236,#4237,#4238,#4239,#4240,#4241,#4242),(#4243,#4244,#4245,
#4246,#4247,#4248,#4249),(#4250,#4251,#4252,#4253,#4254,#4255,#4256),(#4257,
#4258,#4259,#4260,#4261,#4262,#4263),(#4264,#4265,#4266,#4267,#4268,#4269,
#4270),(#4271,#4272,#4273,#4274,#4275,#4276,#4277),(#4278,#4279,#4280,#4281,
#4282,#4283,#4284)),.UNSPECIFIED.,.F.,.F.,.F.,(4,1,1,1,1,4),(4,1,1,1,4),
(-0.00167315082092302,0.285714285714286,0.428571428571429,0.571428571428571,
0.785714285714286,1.),(-0.0345631342267018,-0.0025372464760738,0.0294886412745542,
0.0721898249420582,0.114891008609562),.UNSPECIFIED.);
#55=B_SPLINE_SURFACE_WITH_KNOTS('',3,3,((#4458,#4459,#4460,#4461,#4462,
#4463,#4464,#4465,#4466,#4467),(#4468,#4469,#4470,#4471,#4472,#4473,#4474,
#4475,#4476,#4477),(#4478,#4479,#4480,#4481,#4482,#4483,#4484,#4485,#4486,
#4487),(#4488,#4489,#4490,#4491,#4492,#4493,#4494,#4495,#4496,#4497),(#4498,
#4499,#4500,#4501,#4502,#4503,#4504,#4505,#4506,#4507),(#4508,#4509,#4510,
#4511,#4512,#4513,#4514,#4515,#4516,#4517),(#4518,#4519,#4520,#4521,#4522,
#4523,#4524,#4525,#4526,#4527),(#4528,#4529,#4530,#4531,#4532,#4533,#4534,
#4535,#4536,#4537)),.UNSPECIFIED.,.F.,.F.,.F.,(4,1,1,1,1,4),(4,1,1,1,1,
1,1,4),(0.,0.285714285714286,0.428571428571429,0.571428571428571,0.785714285714286,
1.),(-0.114891013271147,-0.0935404207714542,-0.0828651245216079,-0.0508392357720689,
-0.00813805077268351,0.0132125417270092,0.0238878379768555,0.0345631342267019),
 .UNSPECIFIED.);
#56=B_SPLINE_SURFACE_WITH_KNOTS('',3,3,((#4585,#4586,#4587,#4588,#4589,
#4590,#4591),(#4592,#4593,#4594,#4595,#4596,#4597,#4598),(#4599,#4600,#4601,
#4602,#4603,#4604,#4605),(#4606,#4607,#4608,#4609,#4610,#4611,#4612),(#4613,
#4614,#4615,#4616,#4617,#4618,#4619),(#4620,#4621,#4622,#4623,#4624,#4625,
#4626),(#4627,#4628,#4629,#4630,#4631,#4632,#4633),(#4634,#4635,#4636,#4637,
#4638,#4639,#4640)),.UNSPECIFIED.,.F.,.F.,.F.,(4,1,1,1,1,4),(4,1,1,1,4),
(-0.00167315082092683,0.285714285714286,0.428571428571429,0.571428571428571,
0.785714285714286,1.),(-0.0345631342267018,-0.00253724647607386,0.0294886412745541,
0.0721898249420581,0.114891008609562),.UNSPECIFIED.);
#57=B_SPLINE_SURFACE_WITH_KNOTS('',3,3,((#4727,#4728,#4729,#4730,#4731,
#4732,#4733),(#4734,#4735,#4736,#4737,#4738,#4739,#4740),(#4741,#4742,#4743,
#4744,#4745,#4746,#4747),(#4748,#4749,#4750,#4751,#4752,#4753,#4754),(#4755,
#4756,#4757,#4758,#4759,#4760,#4761),(#4762,#4763,#4764,#4765,#4766,#4767,
#4768),(#4769,#4770,#4771,#4772,#4773,#4774,#4775),(#4776,#4777,#4778,#4779,
#4780,#4781,#4782)),.UNSPECIFIED.,.F.,.F.,.F.,(4,1,1,1,1,4),(4,1,1,1,4),
(-0.0016731508209326,0.285714285714286,0.428571428571429,0.571428571428571,
0.785714285714286,1.),(-0.0345631342267018,-0.00253724647607384,0.0294886412745541,
0.072189824942058,0.114891008609562),.UNSPECIFIED.);
#58=B_SPLINE_CURVE_WITH_KNOTS('',3,(#3367,#3368,#3369,#3370,#3371,#3372,
#3373),.UNSPECIFIED.,.F.,.F.,(4,3,4),(0.,0.897597901025656,1.5707963267949),
 .UNSPECIFIED.);
#59=B_SPLINE_CURVE_WITH_KNOTS('',3,(#3376,#3377,#3378,#3379,#3380,#3381,
#3382),.UNSPECIFIED.,.F.,.F.,(4,3,4),(0.,0.673198425769243,1.5707963267949),
 .UNSPECIFIED.);
#60=B_SPLINE_CURVE_WITH_KNOTS('',3,(#3418,#3419,#3420,#3421),
 .UNSPECIFIED.,.F.,.F.,(4,4),(0.,0.1),.UNSPECIFIED.);
#61=B_SPLINE_CURVE_WITH_KNOTS('',3,(#3422,#3423,#3424,#3425,#3426,#3427,
#3428),.UNSPECIFIED.,.F.,.F.,(4,3,4),(0.,0.897597901025657,1.5707963267949),
 .UNSPECIFIED.);
#62=B_SPLINE_CURVE_WITH_KNOTS('',3,(#3451,#3452,#3453,#3454,#3455,#3456,
#3457),.UNSPECIFIED.,.F.,.F.,(4,3,4),(0.,0.897597901025653,1.5707963267949),
 .UNSPECIFIED.);
#63=B_SPLINE_CURVE_WITH_KNOTS('',3,(#3458,#3459,#3460,#3461),
 .UNSPECIFIED.,.F.,.F.,(4,4),(-0.1,0.),.UNSPECIFIED.);
#64=B_SPLINE_CURVE_WITH_KNOTS('',3,(#3476,#3477,#3478,#3479,#3480,#3481,
#3482),.UNSPECIFIED.,.F.,.F.,(4,3,4),(0.,0.897597901025655,1.5707963267949),
 .UNSPECIFIED.);
#65=B_SPLINE_CURVE_WITH_KNOTS('',3,(#3485,#3486,#3487,#3488,#3489,#3490,
#3491),.UNSPECIFIED.,.F.,.F.,(4,3,4),(0.,0.897597901025641,1.57079632679487),
 .UNSPECIFIED.);
#66=B_SPLINE_CURVE_WITH_KNOTS('',3,(#3528,#3529,#3530,#3531,#3532,#3533,
#3534),.UNSPECIFIED.,.F.,.F.,(4,3,4),(0.,0.673198425769237,1.57079632679487),
 .UNSPECIFIED.);
#67=B_SPLINE_CURVE_WITH_KNOTS('',3,(#3557,#3558,#3559,#3560,#3561,#3562,
#3563),.UNSPECIFIED.,.F.,.F.,(4,3,4),(0.,0.897597901025655,1.5707963267949),
 .UNSPECIFIED.);
#68=B_SPLINE_CURVE_WITH_KNOTS('',3,(#3564,#3565,#3566,#3567),
 .UNSPECIFIED.,.F.,.F.,(4,4),(-0.100000000000002,1.77635683940025E-16),
 .UNSPECIFIED.);
#69=B_SPLINE_CURVE_WITH_KNOTS('',3,(#3581,#3582,#3583,#3584,#3585,#3586,
#3587),.UNSPECIFIED.,.F.,.F.,(4,3,4),(0.,0.897597901025661,1.5707963267949),
 .UNSPECIFIED.);
#70=B_SPLINE_CURVE_WITH_KNOTS('',3,(#3590,#3591,#3592,#3593,#3594,#3595,
#3596),.UNSPECIFIED.,.F.,.F.,(4,3,4),(0.,0.897597901025658,1.5707963267949),
 .UNSPECIFIED.);
#71=B_SPLINE_CURVE_WITH_KNOTS('',3,(#3633,#3634,#3635,#3636,#3637,#3638,
#3639),.UNSPECIFIED.,.F.,.F.,(4,3,4),(0.,0.673198425769246,1.5707963267949),
 .UNSPECIFIED.);
#72=B_SPLINE_CURVE_WITH_KNOTS('',3,(#3661,#3662,#3663,#3664,#3665,#3666,
#3667),.UNSPECIFIED.,.F.,.F.,(4,3,4),(0.,0.897597901025653,1.5707963267949),
 .UNSPECIFIED.);
#73=B_SPLINE_CURVE_WITH_KNOTS('',3,(#3681,#3682,#3683,#3684,#3685,#3686,
#3687),.UNSPECIFIED.,.F.,.F.,(4,3,4),(0.,0.673198425769227,1.57079632679489),
 .UNSPECIFIED.);
#74=B_SPLINE_CURVE_WITH_KNOTS('',3,(#3690,#3691,#3692,#3693,#3694,#3695,
#3696),.UNSPECIFIED.,.F.,.F.,(4,3,4),(0.,0.673198425769241,1.5707963267949),
 .UNSPECIFIED.);
#75=B_SPLINE_CURVE_WITH_KNOTS('',3,(#3732,#3733,#3734,#3735),
 .UNSPECIFIED.,.F.,.F.,(4,4),(-1.95399252334028E-15,0.0999999999999998),
 .UNSPECIFIED.);
#76=B_SPLINE_CURVE_WITH_KNOTS('',3,(#3736,#3737,#3738,#3739,#3740,#3741,
#3742),.UNSPECIFIED.,.F.,.F.,(4,3,4),(0.,0.897597901025655,1.5707963267949),
 .UNSPECIFIED.);
#77=B_SPLINE_CURVE_WITH_KNOTS('',3,(#3764,#3765,#3766,#3767,#3768,#3769,
#3770),.UNSPECIFIED.,.F.,.F.,(4,3,4),(0.,0.673198425769232,1.57079632679489),
 .UNSPECIFIED.);
#78=B_SPLINE_CURVE_WITH_KNOTS('',3,(#3785,#3786,#3787,#3788,#3789,#3790,
#3791),.UNSPECIFIED.,.F.,.F.,(4,3,4),(0.,0.673198425769242,1.5707963267949),
 .UNSPECIFIED.);
#79=B_SPLINE_CURVE_WITH_KNOTS('',3,(#3794,#3795,#3796,#3797,#3798,#3799,
#3800),.UNSPECIFIED.,.F.,.F.,(4,3,4),(0.,0.897597901025661,1.5707963267949),
 .UNSPECIFIED.);
#80=B_SPLINE_CURVE_WITH_KNOTS('',3,(#3836,#3837,#3838,#3839),
 .UNSPECIFIED.,.F.,.F.,(4,4),(0.,0.1),.UNSPECIFIED.);
#81=B_SPLINE_CURVE_WITH_KNOTS('',3,(#3840,#3841,#3842,#3843,#3844,#3845,
#3846),.UNSPECIFIED.,.F.,.F.,(4,3,4),(0.,0.673198425769242,1.5707963267949),
 .UNSPECIFIED.);
#82=B_SPLINE_CURVE_WITH_KNOTS('',3,(#3869,#3870,#3871,#3872,#3873,#3874,
#3875),.UNSPECIFIED.,.F.,.F.,(4,3,4),(0.,0.673198425769242,1.5707963267949),
 .UNSPECIFIED.);
#83=B_SPLINE_CURVE_WITH_KNOTS('',3,(#3876,#3877,#3878,#3879),
 .UNSPECIFIED.,.F.,.F.,(4,4),(-0.1,0.),.UNSPECIFIED.);
#84=B_SPLINE_CURVE_WITH_KNOTS('',3,(#3894,#3895,#3896,#3897,#3898,#3899,
#3900),.UNSPECIFIED.,.F.,.F.,(4,3,4),(0.,0.89759790102566,1.57079632679491),
 .UNSPECIFIED.);
#85=B_SPLINE_CURVE_WITH_KNOTS('',3,(#3903,#3904,#3905,#3906,#3907,#3908,
#3909),.UNSPECIFIED.,.F.,.F.,(4,3,4),(0.,0.897597901025658,1.5707963267949),
 .UNSPECIFIED.);
#86=B_SPLINE_CURVE_WITH_KNOTS('',3,(#3945,#3946,#3947,#3948),
 .UNSPECIFIED.,.F.,.F.,(4,4),(-1.77635683940025E-16,0.100000000000002),
 .UNSPECIFIED.);
#87=B_SPLINE_CURVE_WITH_KNOTS('',3,(#3949,#3950,#3951,#3952,#3953,#3954,
#3955),.UNSPECIFIED.,.F.,.F.,(4,3,4),(0.,0.673198425769243,1.5707963267949),
 .UNSPECIFIED.);
#88=B_SPLINE_CURVE_WITH_KNOTS('',3,(#3978,#3979,#3980,#3981,#3982,#3983,
#3984),.UNSPECIFIED.,.F.,.F.,(4,3,4),(0.,0.89759790102566,1.57079632679491),
 .UNSPECIFIED.);
#89=B_SPLINE_CURVE_WITH_KNOTS('',3,(#4000,#4001,#4002,#4003,#4004,#4005,
#4006),.UNSPECIFIED.,.F.,.F.,(4,3,4),(0.,0.673198425769245,1.57079632679491),
 .UNSPECIFIED.);
#90=B_SPLINE_CURVE_WITH_KNOTS('',3,(#4008,#4009,#4010,#4011,#4012,#4013,
#4014),.UNSPECIFIED.,.F.,.F.,(4,3,4),(0.,0.673198425769245,1.57079632679491),
 .UNSPECIFIED.);
#91=B_SPLINE_CURVE_WITH_KNOTS('',3,(#4049,#4050,#4051,#4052,#4053,#4054,
#4055),.UNSPECIFIED.,.F.,.F.,(4,3,4),(0.,0.89759790102566,1.57079632679491),
 .UNSPECIFIED.);
#92=B_SPLINE_CURVE_WITH_KNOTS('',3,(#4078,#4079,#4080,#4081,#4082,#4083,
#4084),.UNSPECIFIED.,.F.,.F.,(4,3,4),(0.,0.673198425769245,1.57079632679491),
 .UNSPECIFIED.);
#93=B_SPLINE_CURVE_WITH_KNOTS('',3,(#4100,#4101,#4102,#4103,#4104,#4105,
#4106),.UNSPECIFIED.,.F.,.F.,(4,3,4),(0.,0.897597901025658,1.5707963267949),
 .UNSPECIFIED.);
#94=B_SPLINE_CURVE_WITH_KNOTS('',3,(#4108,#4109,#4110,#4111,#4112,#4113,
#4114),.UNSPECIFIED.,.F.,.F.,(4,3,4),(0.,0.897597901025676,1.57079632679493),
 .UNSPECIFIED.);
#95=B_SPLINE_CURVE_WITH_KNOTS('',3,(#4149,#4150,#4151,#4152,#4153,#4154,
#4155),.UNSPECIFIED.,.F.,.F.,(4,3,4),(0.,0.673198425769257,1.57079632679493),
 .UNSPECIFIED.);
#96=B_SPLINE_CURVE_WITH_KNOTS('',3,(#4178,#4179,#4180,#4181,#4182,#4183,
#4184),.UNSPECIFIED.,.F.,.F.,(4,3,4),(0.,0.897597901025675,1.5707963267949),
 .UNSPECIFIED.);
#97=B_SPLINE_CURVE_WITH_KNOTS('',3,(#4185,#4186,#4187,#4188),
 .UNSPECIFIED.,.F.,.F.,(4,4),(-0.0999999999999998,1.95399252334028E-15),
 .UNSPECIFIED.);
#98=B_SPLINE_CURVE_WITH_KNOTS('',3,(#4287,#4288,#4289,#4290,#4291,#4292,
#4293,#4294,#4295,#4296,#4297,#4298,#4299),.UNSPECIFIED.,.F.,.F.,(4,3,3,
3,4),(-0.114802999968926,-0.0721898249420582,-0.0294886412745542,0.0025372464760738,
0.0345631342267018),.UNSPECIFIED.);
#99=B_SPLINE_CURVE_WITH_KNOTS('',3,(#4301,#4302,#4303,#4304,#4305,#4306,
#4307,#4308,#4309,#4310,#4311,#4312,#4313,#4314),.UNSPECIFIED.,.F.,.F.,
(4,2,2,2,2,2,4),(0.,0.0243261605673213,0.0500119001024964,0.0765891108727216,
0.0996631907374351,0.116461181236866,0.132187800311644),.UNSPECIFIED.);
#100=B_SPLINE_CURVE_WITH_KNOTS('',3,(#4315,#4316,#4317,#4318,#4319,#4320,
#4321,#4322,#4323,#4324,#4325,#4326,#4327,#4328,#4329,#4330,#4331,#4332,
#4333,#4334,#4335,#4336,#4337,#4338,#4339,#4340,#4341,#4342,#4343,#4344,
#4345,#4346,#4347,#4348,#4349,#4350,#4351,#4352,#4353,#4354,#4355,#4356,
#4357,#4358,#4359,#4360,#4361,#4362,#4363,#4364,#4365,#4366,#4367,#4368,
#4369,#4370,#4371,#4372,#4373,#4374,#4375,#4376,#4377,#4378,#4379,#4380,
#4381,#4382,#4383,#4384),.UNSPECIFIED.,.F.,.F.,(4,3,3,3,3,3,3,3,3,3,3,3,
3,3,3,3,3,3,3,3,3,3,3,4),(0.,0.00711311839224793,0.0145192905952129,0.0224101195522117,
0.0308762102843536,0.0390913194484932,0.0485766767766696,0.0591775016038765,
0.0637122028355669,0.0758571811149859,0.0844198264976657,0.0968762047091776,
0.106398818557611,0.115210349215059,0.123475699895167,0.131106691475404,
0.134245339343713,0.141792046941941,0.15991888012234,0.172809824107853,
0.181775038956772,0.18512466018275,0.18824891328189,0.189785499638277),
 .UNSPECIFIED.);
#101=B_SPLINE_CURVE_WITH_KNOTS('',3,(#4399,#4400,#4401,#4402,#4403,#4404,
#4405,#4406,#4407,#4408,#4409,#4410,#4411,#4412),.UNSPECIFIED.,.F.,.F.,
(4,2,2,2,2,2,4),(0.,0.0243261605673211,0.0500119001024953,0.076589110872701,
0.0996631907373907,0.116461181236805,0.132187800311568),.UNSPECIFIED.);
#102=B_SPLINE_CURVE_WITH_KNOTS('',3,(#4420,#4421,#4422,#4423,#4424,#4425,
#4426,#4427,#4428,#4429,#4430,#4431,#4432,#4433),.UNSPECIFIED.,.F.,.F.,
(4,2,2,2,2,2,4),(0.,0.0243261605673206,0.0500119001024943,0.0765891108727329,
0.0996631907374631,0.116461181236906,0.132187800311697),.UNSPECIFIED.);
#103=B_SPLINE_CURVE_WITH_KNOTS('',3,(#4441,#4442,#4443,#4444,#4445,#4446,
#4447,#4448,#4449,#4450,#4451,#4452,#4453,#4454),.UNSPECIFIED.,.F.,.F.,
(4,2,2,2,2,2,4),(0.,0.0242536704134961,0.0501416385628677,0.0857030990827722,
0.127165475026192,0.16885020226196,0.208348031602731),.UNSPECIFIED.);
#104=B_SPLINE_CURVE_WITH_KNOTS('',3,(#4539,#4540,#4541,#4542,#4543,#4544,
#4545,#4546,#4547,#4548,#4549,#4550,#4551,#4552,#4553,#4554,#4555,#4556,
#4557,#4558,#4559,#4560),.UNSPECIFIED.,.F.,.F.,(4,3,3,3,3,3,3,4),(-0.114802999968926,
-0.0935404207714542,-0.0828651245216079,-0.0508392357720689,-0.00813805077268351,
0.0132125417270092,0.0238878379768555,0.0345631342267019),.UNSPECIFIED.);
#105=B_SPLINE_CURVE_WITH_KNOTS('',3,(#4561,#4562,#4563,#4564,#4565,#4566,
#4567,#4568,#4569,#4570,#4571,#4572,#4573,#4574,#4575,#4576,#4577,#4578,
#4579,#4580,#4581,#4582),.UNSPECIFIED.,.F.,.F.,(4,3,3,3,3,3,3,4),(-0.0345631342267019,
-0.0238878379768555,-0.0132125417270092,0.00813805077268351,0.0508392357720689,
0.0828651245216079,0.0935404207714542,0.114802999968926),.UNSPECIFIED.);
#106=B_SPLINE_CURVE_WITH_KNOTS('',3,(#4642,#4643,#4644,#4645,#4646,#4647,
#4648,#4649,#4650,#4651,#4652,#4653,#4654),.UNSPECIFIED.,.F.,.F.,(4,3,3,
3,4),(-0.114802999968926,-0.0721898249420581,-0.0294886412745541,0.00253724647607386,
0.0345631342267018),.UNSPECIFIED.);
#107=B_SPLINE_CURVE_WITH_KNOTS('',3,(#4655,#4656,#4657,#4658,#4659,#4660,
#4661,#4662,#4663,#4664,#4665,#4666,#4667,#4668,#4669,#4670,#4671,#4672,
#4673,#4674,#4675,#4676,#4677,#4678,#4679,#4680,#4681,#4682,#4683,#4684,
#4685,#4686,#4687,#4688,#4689,#4690,#4691,#4692,#4693,#4694,#4695,#4696,
#4697,#4698,#4699,#4700,#4701,#4702,#4703,#4704,#4705,#4706,#4707,#4708,
#4709,#4710,#4711,#4712,#4713,#4714,#4715,#4716,#4717,#4718,#4719,#4720,
#4721,#4722,#4723,#4724),.UNSPECIFIED.,.F.,.F.,(4,3,3,3,3,3,3,3,3,3,3,3,
3,3,3,3,3,3,3,3,3,3,3,4),(0.,0.00711311839224559,0.0145192905952075,0.0224101195522079,
0.0308762102843504,0.0390913194484932,0.0485766767766673,0.0591775016038722,
0.063712202835567,0.0758571811159806,0.0844198264976713,0.0968762047091818,
0.10639881855745,0.115210349214818,0.123475699894888,0.131106691475115,
0.134245339343714,0.141792046942177,0.159918880052751,0.172809824054279,
0.181775038951388,0.185124660178518,0.188248913278805,0.189785499638275),
 .UNSPECIFIED.);
#108=B_SPLINE_CURVE_WITH_KNOTS('',3,(#4784,#4785,#4786,#4787,#4788,#4789,
#4790,#4791,#4792,#4793,#4794,#4795,#4796),.UNSPECIFIED.,.F.,.F.,(4,3,3,
3,4),(-0.114802999968926,-0.072189824942058,-0.0294886412745541,0.00253724647607384,
0.0345631342267018),.UNSPECIFIED.);
#109=B_SPLINE_CURVE_WITH_KNOTS('',3,(#4797,#4798,#4799,#4800,#4801,#4802,
#4803,#4804,#4805,#4806,#4807,#4808,#4809,#4810,#4811,#4812,#4813,#4814,
#4815,#4816,#4817,#4818,#4819,#4820,#4821,#4822,#4823,#4824,#4825,#4826,
#4827,#4828,#4829,#4830,#4831,#4832,#4833,#4834,#4835,#4836,#4837,#4838,
#4839,#4840,#4841,#4842,#4843,#4844,#4845,#4846,#4847,#4848,#4849,#4850,
#4851,#4852,#4853,#4854,#4855,#4856,#4857,#4858,#4859,#4860,#4861,#4862,
#4863,#4864,#4865,#4866),.UNSPECIFIED.,.F.,.F.,(4,3,3,3,3,3,3,3,3,3,3,3,
3,3,3,3,3,3,3,3,3,3,3,4),(0.,0.00711311839224817,0.0145192905952096,0.0224101195522085,
0.0308762102843508,0.0390913194484932,0.0485766767766664,0.0591775016038728,
0.063712202835567,0.0758571811156601,0.0844198264976694,0.0968762047091804,
0.106398818557502,0.115210349214896,0.123475699894982,0.131106691475212,
0.134245339343714,0.1417920469421,0.159918880075264,0.172809824071609,0.181775038953132,
0.185124660179889,0.188248913279805,0.189785499638276),.UNSPECIFIED.);
#110=SHAPE_REPRESENTATION_RELATIONSHIP('SRR','None',#4945,#113);
#111=SHAPE_REPRESENTATION_RELATIONSHIP('SRR','None',#4946,#114);
#112=SHAPE_REPRESENTATION_RELATIONSHIP('SRR','None',#4947,#115);
#113=ADVANCED_BREP_SHAPE_REPRESENTATION('',(#116),#4922);
#114=ADVANCED_BREP_SHAPE_REPRESENTATION('',(#117),#4923);
#115=ADVANCED_BREP_SHAPE_REPRESENTATION('',(#118),#4924);
#116=MANIFOLD_SOLID_BREP('\X2\30BD30EA30C330C9\X0\1',#2335);
#117=MANIFOLD_SOLID_BREP('\X2\30BD30EA30C330C9\X0\1',#2336);
#118=MANIFOLD_SOLID_BREP('\X2\30BD30EA30C330C9\X0\1',#2337);
#119=FACE_BOUND('',#368,.T.);
#120=FACE_BOUND('',#369,.T.);
#121=FACE_BOUND('',#375,.T.);
#122=FACE_BOUND('',#376,.T.);
#123=FACE_BOUND('',#388,.T.);
#124=FACE_BOUND('',#389,.T.);
#125=FACE_BOUND('',#396,.T.);
#126=FACE_BOUND('',#397,.T.);
#127=FACE_BOUND('',#418,.T.);
#128=FACE_BOUND('',#425,.T.);
#129=FACE_BOUND('',#438,.T.);
#130=FACE_BOUND('',#445,.T.);
#131=FACE_BOUND('',#458,.T.);
#132=FACE_BOUND('',#465,.T.);
#133=FACE_BOUND('',#478,.T.);
#134=FACE_BOUND('',#485,.T.);
#135=FACE_BOUND('',#504,.T.);
#136=FACE_BOUND('',#522,.T.);
#137=PLANE('',#2431);
#138=PLANE('',#2432);
#139=PLANE('',#2438);
#140=PLANE('',#2442);
#141=PLANE('',#2443);
#142=PLANE('',#2449);
#143=PLANE('',#2461);
#144=PLANE('',#2463);
#145=PLANE('',#2465);
#146=PLANE('',#2466);
#147=PLANE('',#2471);
#148=PLANE('',#2473);
#149=PLANE('',#2475);
#150=PLANE('',#2476);
#151=PLANE('',#2478);
#152=PLANE('',#2479);
#153=PLANE('',#2480);
#154=PLANE('',#2481);
#155=PLANE('',#2496);
#156=PLANE('',#2497);
#157=PLANE('',#2498);
#158=PLANE('',#2499);
#159=PLANE('',#2500);
#160=PLANE('',#2503);
#161=PLANE('',#2504);
#162=PLANE('',#2505);
#163=PLANE('',#2506);
#164=PLANE('',#2507);
#165=PLANE('',#2510);
#166=PLANE('',#2511);
#167=PLANE('',#2512);
#168=PLANE('',#2513);
#169=PLANE('',#2514);
#170=PLANE('',#2517);
#171=PLANE('',#2518);
#172=PLANE('',#2519);
#173=PLANE('',#2520);
#174=PLANE('',#2521);
#175=PLANE('',#2524);
#176=PLANE('',#2525);
#177=PLANE('',#2526);
#178=PLANE('',#2527);
#179=PLANE('',#2528);
#180=PLANE('',#2531);
#181=PLANE('',#2532);
#182=PLANE('',#2533);
#183=PLANE('',#2534);
#184=PLANE('',#2535);
#185=PLANE('',#2538);
#186=PLANE('',#2539);
#187=PLANE('',#2540);
#188=PLANE('',#2541);
#189=PLANE('',#2542);
#190=PLANE('',#2545);
#191=PLANE('',#2546);
#192=PLANE('',#2547);
#193=PLANE('',#2548);
#194=PLANE('',#2549);
#195=PLANE('',#2551);
#196=PLANE('',#2554);
#197=PLANE('',#2557);
#198=PLANE('',#2560);
#199=PLANE('',#2563);
#200=PLANE('',#2565);
#201=PLANE('',#2566);
#202=PLANE('',#2569);
#203=PLANE('',#2571);
#204=PLANE('',#2572);
#205=PLANE('',#2574);
#206=PLANE('',#2589);
#207=PLANE('',#2590);
#208=PLANE('',#2591);
#209=PLANE('',#2592);
#210=PLANE('',#2593);
#211=PLANE('',#2594);
#212=PLANE('',#2595);
#213=PLANE('',#2596);
#214=PLANE('',#2597);
#215=PLANE('',#2598);
#216=PLANE('',#2599);
#217=PLANE('',#2600);
#218=PLANE('',#2603);
#219=PLANE('',#2613);
#220=FACE_OUTER_BOUND('',#365,.T.);
#221=FACE_OUTER_BOUND('',#366,.T.);
#222=FACE_OUTER_BOUND('',#367,.T.);
#223=FACE_OUTER_BOUND('',#370,.T.);
#224=FACE_OUTER_BOUND('',#371,.T.);
#225=FACE_OUTER_BOUND('',#372,.T.);
#226=FACE_OUTER_BOUND('',#373,.T.);
#227=FACE_OUTER_BOUND('',#374,.T.);
#228=FACE_OUTER_BOUND('',#377,.T.);
#229=FACE_OUTER_BOUND('',#378,.T.);
#230=FACE_OUTER_BOUND('',#379,.T.);
#231=FACE_OUTER_BOUND('',#380,.T.);
#232=FACE_OUTER_BOUND('',#381,.T.);
#233=FACE_OUTER_BOUND('',#382,.T.);
#234=FACE_OUTER_BOUND('',#383,.T.);
#235=FACE_OUTER_BOUND('',#384,.T.);
#236=FACE_OUTER_BOUND('',#385,.T.);
#237=FACE_OUTER_BOUND('',#386,.T.);
#238=FACE_OUTER_BOUND('',#387,.T.);
#239=FACE_OUTER_BOUND('',#390,.T.);
#240=FACE_OUTER_BOUND('',#391,.T.);
#241=FACE_OUTER_BOUND('',#392,.T.);
#242=FACE_OUTER_BOUND('',#393,.T.);
#243=FACE_OUTER_BOUND('',#394,.T.);
#244=FACE_OUTER_BOUND('',#395,.T.);
#245=FACE_OUTER_BOUND('',#398,.T.);
#246=FACE_OUTER_BOUND('',#399,.T.);
#247=FACE_OUTER_BOUND('',#400,.T.);
#248=FACE_OUTER_BOUND('',#401,.T.);
#249=FACE_OUTER_BOUND('',#402,.T.);
#250=FACE_OUTER_BOUND('',#403,.T.);
#251=FACE_OUTER_BOUND('',#404,.T.);
#252=FACE_OUTER_BOUND('',#405,.T.);
#253=FACE_OUTER_BOUND('',#406,.T.);
#254=FACE_OUTER_BOUND('',#407,.T.);
#255=FACE_OUTER_BOUND('',#408,.T.);
#256=FACE_OUTER_BOUND('',#409,.T.);
#257=FACE_OUTER_BOUND('',#410,.T.);
#258=FACE_OUTER_BOUND('',#411,.T.);
#259=FACE_OUTER_BOUND('',#412,.T.);
#260=FACE_OUTER_BOUND('',#413,.T.);
#261=FACE_OUTER_BOUND('',#414,.T.);
#262=FACE_OUTER_BOUND('',#415,.T.);
#263=FACE_OUTER_BOUND('',#416,.T.);
#264=FACE_OUTER_BOUND('',#417,.T.);
#265=FACE_OUTER_BOUND('',#419,.T.);
#266=FACE_OUTER_BOUND('',#420,.T.);
#267=FACE_OUTER_BOUND('',#421,.T.);
#268=FACE_OUTER_BOUND('',#422,.T.);
#269=FACE_OUTER_BOUND('',#423,.T.);
#270=FACE_OUTER_BOUND('',#424,.T.);
#271=FACE_OUTER_BOUND('',#426,.T.);
#272=FACE_OUTER_BOUND('',#427,.T.);
#273=FACE_OUTER_BOUND('',#428,.T.);
#274=FACE_OUTER_BOUND('',#429,.T.);
#275=FACE_OUTER_BOUND('',#430,.T.);
#276=FACE_OUTER_BOUND('',#431,.T.);
#277=FACE_OUTER_BOUND('',#432,.T.);
#278=FACE_OUTER_BOUND('',#433,.T.);
#279=FACE_OUTER_BOUND('',#434,.T.);
#280=FACE_OUTER_BOUND('',#435,.T.);
#281=FACE_OUTER_BOUND('',#436,.T.);
#282=FACE_OUTER_BOUND('',#437,.T.);
#283=FACE_OUTER_BOUND('',#439,.T.);
#284=FACE_OUTER_BOUND('',#440,.T.);
#285=FACE_OUTER_BOUND('',#441,.T.);
#286=FACE_OUTER_BOUND('',#442,.T.);
#287=FACE_OUTER_BOUND('',#443,.T.);
#288=FACE_OUTER_BOUND('',#444,.T.);
#289=FACE_OUTER_BOUND('',#446,.T.);
#290=FACE_OUTER_BOUND('',#447,.T.);
#291=FACE_OUTER_BOUND('',#448,.T.);
#292=FACE_OUTER_BOUND('',#449,.T.);
#293=FACE_OUTER_BOUND('',#450,.T.);
#294=FACE_OUTER_BOUND('',#451,.T.);
#295=FACE_OUTER_BOUND('',#452,.T.);
#296=FACE_OUTER_BOUND('',#453,.T.);
#297=FACE_OUTER_BOUND('',#454,.T.);
#298=FACE_OUTER_BOUND('',#455,.T.);
#299=FACE_OUTER_BOUND('',#456,.T.);
#300=FACE_OUTER_BOUND('',#457,.T.);
#301=FACE_OUTER_BOUND('',#459,.T.);
#302=FACE_OUTER_BOUND('',#460,.T.);
#303=FACE_OUTER_BOUND('',#461,.T.);
#304=FACE_OUTER_BOUND('',#462,.T.);
#305=FACE_OUTER_BOUND('',#463,.T.);
#306=FACE_OUTER_BOUND('',#464,.T.);
#307=FACE_OUTER_BOUND('',#466,.T.);
#308=FACE_OUTER_BOUND('',#467,.T.);
#309=FACE_OUTER_BOUND('',#468,.T.);
#310=FACE_OUTER_BOUND('',#469,.T.);
#311=FACE_OUTER_BOUND('',#470,.T.);
#312=FACE_OUTER_BOUND('',#471,.T.);
#313=FACE_OUTER_BOUND('',#472,.T.);
#314=FACE_OUTER_BOUND('',#473,.T.);
#315=FACE_OUTER_BOUND('',#474,.T.);
#316=FACE_OUTER_BOUND('',#475,.T.);
#317=FACE_OUTER_BOUND('',#476,.T.);
#318=FACE_OUTER_BOUND('',#477,.T.);
#319=FACE_OUTER_BOUND('',#479,.T.);
#320=FACE_OUTER_BOUND('',#480,.T.);
#321=FACE_OUTER_BOUND('',#481,.T.);
#322=FACE_OUTER_BOUND('',#482,.T.);
#323=FACE_OUTER_BOUND('',#483,.T.);
#324=FACE_OUTER_BOUND('',#484,.T.);
#325=FACE_OUTER_BOUND('',#486,.T.);
#326=FACE_OUTER_BOUND('',#487,.T.);
#327=FACE_OUTER_BOUND('',#488,.T.);
#328=FACE_OUTER_BOUND('',#489,.T.);
#329=FACE_OUTER_BOUND('',#490,.T.);
#330=FACE_OUTER_BOUND('',#491,.T.);
#331=FACE_OUTER_BOUND('',#492,.T.);
#332=FACE_OUTER_BOUND('',#493,.T.);
#333=FACE_OUTER_BOUND('',#494,.T.);
#334=FACE_OUTER_BOUND('',#495,.T.);
#335=FACE_OUTER_BOUND('',#496,.T.);
#336=FACE_OUTER_BOUND('',#497,.T.);
#337=FACE_OUTER_BOUND('',#498,.T.);
#338=FACE_OUTER_BOUND('',#499,.T.);
#339=FACE_OUTER_BOUND('',#500,.T.);
#340=FACE_OUTER_BOUND('',#501,.T.);
#341=FACE_OUTER_BOUND('',#502,.T.);
#342=FACE_OUTER_BOUND('',#503,.T.);
#343=FACE_OUTER_BOUND('',#505,.T.);
#344=FACE_OUTER_BOUND('',#506,.T.);
#345=FACE_OUTER_BOUND('',#507,.T.);
#346=FACE_OUTER_BOUND('',#508,.T.);
#347=FACE_OUTER_BOUND('',#509,.T.);
#348=FACE_OUTER_BOUND('',#510,.T.);
#349=FACE_OUTER_BOUND('',#511,.T.);
#350=FACE_OUTER_BOUND('',#512,.T.);
#351=FACE_OUTER_BOUND('',#513,.T.);
#352=FACE_OUTER_BOUND('',#514,.T.);
#353=FACE_OUTER_BOUND('',#515,.T.);
#354=FACE_OUTER_BOUND('',#516,.T.);
#355=FACE_OUTER_BOUND('',#517,.T.);
#356=FACE_OUTER_BOUND('',#518,.T.);
#357=FACE_OUTER_BOUND('',#519,.T.);
#358=FACE_OUTER_BOUND('',#520,.T.);
#359=FACE_OUTER_BOUND('',#521,.T.);
#360=FACE_OUTER_BOUND('',#523,.T.);
#361=FACE_OUTER_BOUND('',#524,.T.);
#362=FACE_OUTER_BOUND('',#525,.T.);
#363=FACE_OUTER_BOUND('',#526,.T.);
#364=FACE_OUTER_BOUND('',#527,.T.);
#365=EDGE_LOOP('',(#1428,#1429,#1430,#1431));
#366=EDGE_LOOP('',(#1432,#1433,#1434,#1435));
#367=EDGE_LOOP('',(#1436,#1437,#1438,#1439,#1440,#1441));
#368=EDGE_LOOP('',(#1442));
#369=EDGE_LOOP('',(#1443));
#370=EDGE_LOOP('',(#1444,#1445,#1446,#1447));
#371=EDGE_LOOP('',(#1448,#1449,#1450,#1451));
#372=EDGE_LOOP('',(#1452,#1453,#1454,#1455));
#373=EDGE_LOOP('',(#1456,#1457,#1458,#1459));
#374=EDGE_LOOP('',(#1460,#1461,#1462,#1463,#1464,#1465));
#375=EDGE_LOOP('',(#1466));
#376=EDGE_LOOP('',(#1467));
#377=EDGE_LOOP('',(#1468,#1469,#1470,#1471));
#378=EDGE_LOOP('',(#1472,#1473,#1474,#1475));
#379=EDGE_LOOP('',(#1476,#1477,#1478,#1479));
#380=EDGE_LOOP('',(#1480,#1481,#1482,#1483));
#381=EDGE_LOOP('',(#1484,#1485,#1486,#1487));
#382=EDGE_LOOP('',(#1488,#1489,#1490,#1491));
#383=EDGE_LOOP('',(#1492,#1493,#1494,#1495));
#384=EDGE_LOOP('',(#1496,#1497,#1498,#1499));
#385=EDGE_LOOP('',(#1500,#1501,#1502,#1503));
#386=EDGE_LOOP('',(#1504,#1505,#1506,#1507));
#387=EDGE_LOOP('',(#1508,#1509,#1510,#1511,#1512,#1513));
#388=EDGE_LOOP('',(#1514));
#389=EDGE_LOOP('',(#1515));
#390=EDGE_LOOP('',(#1516,#1517,#1518,#1519));
#391=EDGE_LOOP('',(#1520,#1521,#1522,#1523));
#392=EDGE_LOOP('',(#1524,#1525,#1526,#1527));
#393=EDGE_LOOP('',(#1528,#1529,#1530,#1531));
#394=EDGE_LOOP('',(#1532,#1533,#1534,#1535));
#395=EDGE_LOOP('',(#1536,#1537,#1538,#1539,#1540,#1541));
#396=EDGE_LOOP('',(#1542));
#397=EDGE_LOOP('',(#1543));
#398=EDGE_LOOP('',(#1544,#1545,#1546,#1547));
#399=EDGE_LOOP('',(#1548,#1549,#1550,#1551));
#400=EDGE_LOOP('',(#1552,#1553,#1554,#1555));
#401=EDGE_LOOP('',(#1556,#1557,#1558,#1559));
#402=EDGE_LOOP('',(#1560,#1561,#1562,#1563));
#403=EDGE_LOOP('',(#1564,#1565,#1566,#1567));
#404=EDGE_LOOP('',(#1568,#1569,#1570,#1571));
#405=EDGE_LOOP('',(#1572,#1573,#1574,#1575));
#406=EDGE_LOOP('',(#1576,#1577,#1578,#1579));
#407=EDGE_LOOP('',(#1580,#1581,#1582,#1583));
#408=EDGE_LOOP('',(#1584,#1585,#1586,#1587));
#409=EDGE_LOOP('',(#1588,#1589,#1590,#1591));
#410=EDGE_LOOP('',(#1592,#1593,#1594,#1595));
#411=EDGE_LOOP('',(#1596,#1597,#1598,#1599));
#412=EDGE_LOOP('',(#1600,#1601,#1602,#1603));
#413=EDGE_LOOP('',(#1604,#1605,#1606,#1607));
#414=EDGE_LOOP('',(#1608,#1609,#1610,#1611));
#415=EDGE_LOOP('',(#1612,#1613,#1614,#1615));
#416=EDGE_LOOP('',(#1616,#1617,#1618,#1619));
#417=EDGE_LOOP('',(#1620,#1621,#1622,#1623));
#418=EDGE_LOOP('',(#1624));
#419=EDGE_LOOP('',(#1625,#1626,#1627,#1628));
#420=EDGE_LOOP('',(#1629,#1630,#1631,#1632));
#421=EDGE_LOOP('',(#1633,#1634,#1635,#1636));
#422=EDGE_LOOP('',(#1637,#1638,#1639,#1640));
#423=EDGE_LOOP('',(#1641,#1642,#1643,#1644));
#424=EDGE_LOOP('',(#1645,#1646,#1647,#1648));
#425=EDGE_LOOP('',(#1649));
#426=EDGE_LOOP('',(#1650,#1651,#1652,#1653));
#427=EDGE_LOOP('',(#1654,#1655,#1656,#1657));
#428=EDGE_LOOP('',(#1658,#1659,#1660,#1661));
#429=EDGE_LOOP('',(#1662,#1663,#1664,#1665));
#430=EDGE_LOOP('',(#1666,#1667,#1668,#1669));
#431=EDGE_LOOP('',(#1670,#1671,#1672,#1673));
#432=EDGE_LOOP('',(#1674,#1675,#1676,#1677));
#433=EDGE_LOOP('',(#1678,#1679,#1680,#1681));
#434=EDGE_LOOP('',(#1682,#1683,#1684,#1685));
#435=EDGE_LOOP('',(#1686,#1687,#1688,#1689));
#436=EDGE_LOOP('',(#1690,#1691,#1692,#1693));
#437=EDGE_LOOP('',(#1694,#1695,#1696,#1697));
#438=EDGE_LOOP('',(#1698));
#439=EDGE_LOOP('',(#1699,#1700,#1701,#1702));
#440=EDGE_LOOP('',(#1703,#1704,#1705,#1706));
#441=EDGE_LOOP('',(#1707,#1708,#1709,#1710));
#442=EDGE_LOOP('',(#1711,#1712,#1713,#1714));
#443=EDGE_LOOP('',(#1715,#1716,#1717,#1718));
#444=EDGE_LOOP('',(#1719,#1720,#1721,#1722));
#445=EDGE_LOOP('',(#1723));
#446=EDGE_LOOP('',(#1724,#1725,#1726,#1727));
#447=EDGE_LOOP('',(#1728,#1729,#1730,#1731));
#448=EDGE_LOOP('',(#1732,#1733,#1734,#1735));
#449=EDGE_LOOP('',(#1736,#1737,#1738,#1739));
#450=EDGE_LOOP('',(#1740,#1741,#1742,#1743));
#451=EDGE_LOOP('',(#1744,#1745,#1746,#1747));
#452=EDGE_LOOP('',(#1748,#1749,#1750,#1751));
#453=EDGE_LOOP('',(#1752,#1753,#1754,#1755));
#454=EDGE_LOOP('',(#1756,#1757,#1758,#1759));
#455=EDGE_LOOP('',(#1760,#1761,#1762,#1763));
#456=EDGE_LOOP('',(#1764,#1765,#1766,#1767));
#457=EDGE_LOOP('',(#1768,#1769,#1770,#1771));
#458=EDGE_LOOP('',(#1772));
#459=EDGE_LOOP('',(#1773,#1774,#1775,#1776));
#460=EDGE_LOOP('',(#1777,#1778,#1779,#1780));
#461=EDGE_LOOP('',(#1781,#1782,#1783,#1784));
#462=EDGE_LOOP('',(#1785,#1786,#1787,#1788));
#463=EDGE_LOOP('',(#1789,#1790,#1791,#1792));
#464=EDGE_LOOP('',(#1793,#1794,#1795,#1796));
#465=EDGE_LOOP('',(#1797));
#466=EDGE_LOOP('',(#1798,#1799,#1800,#1801));
#467=EDGE_LOOP('',(#1802,#1803,#1804,#1805));
#468=EDGE_LOOP('',(#1806,#1807,#1808,#1809));
#469=EDGE_LOOP('',(#1810,#1811,#1812,#1813));
#470=EDGE_LOOP('',(#1814,#1815,#1816,#1817));
#471=EDGE_LOOP('',(#1818,#1819,#1820,#1821));
#472=EDGE_LOOP('',(#1822,#1823,#1824,#1825));
#473=EDGE_LOOP('',(#1826,#1827,#1828,#1829));
#474=EDGE_LOOP('',(#1830,#1831,#1832,#1833));
#475=EDGE_LOOP('',(#1834,#1835,#1836,#1837));
#476=EDGE_LOOP('',(#1838,#1839,#1840,#1841));
#477=EDGE_LOOP('',(#1842,#1843,#1844,#1845));
#478=EDGE_LOOP('',(#1846));
#479=EDGE_LOOP('',(#1847,#1848,#1849,#1850));
#480=EDGE_LOOP('',(#1851,#1852,#1853,#1854));
#481=EDGE_LOOP('',(#1855,#1856,#1857,#1858));
#482=EDGE_LOOP('',(#1859,#1860,#1861,#1862));
#483=EDGE_LOOP('',(#1863,#1864,#1865,#1866));
#484=EDGE_LOOP('',(#1867,#1868,#1869,#1870));
#485=EDGE_LOOP('',(#1871));
#486=EDGE_LOOP('',(#1872,#1873,#1874,#1875));
#487=EDGE_LOOP('',(#1876,#1877,#1878,#1879));
#488=EDGE_LOOP('',(#1880,#1881,#1882,#1883));
#489=EDGE_LOOP('',(#1884,#1885,#1886,#1887));
#490=EDGE_LOOP('',(#1888,#1889,#1890,#1891));
#491=EDGE_LOOP('',(#1892,#1893,#1894,#1895));
#492=EDGE_LOOP('',(#1896,#1897,#1898,#1899));
#493=EDGE_LOOP('',(#1900,#1901,#1902,#1903));
#494=EDGE_LOOP('',(#1904,#1905,#1906,#1907));
#495=EDGE_LOOP('',(#1908,#1909,#1910,#1911));
#496=EDGE_LOOP('',(#1912,#1913,#1914,#1915));
#497=EDGE_LOOP('',(#1916,#1917,#1918,#1919));
#498=EDGE_LOOP('',(#1920,#1921,#1922,#1923));
#499=EDGE_LOOP('',(#1924,#1925,#1926,#1927));
#500=EDGE_LOOP('',(#1928,#1929,#1930,#1931));
#501=EDGE_LOOP('',(#1932,#1933,#1934));
#502=EDGE_LOOP('',(#1935,#1936,#1937));
#503=EDGE_LOOP('',(#1938));
#504=EDGE_LOOP('',(#1939,#1940,#1941,#1942,#1943,#1944,#1945,#1946,#1947,
#1948,#1949,#1950,#1951,#1952,#1953,#1954));
#505=EDGE_LOOP('',(#1955,#1956,#1957));
#506=EDGE_LOOP('',(#1958,#1959,#1960));
#507=EDGE_LOOP('',(#1961,#1962,#1963));
#508=EDGE_LOOP('',(#1964,#1965,#1966));
#509=EDGE_LOOP('',(#1967,#1968,#1969));
#510=EDGE_LOOP('',(#1970,#1971,#1972));
#511=EDGE_LOOP('',(#1973,#1974,#1975));
#512=EDGE_LOOP('',(#1976,#1977,#1978,#1979));
#513=EDGE_LOOP('',(#1980,#1981,#1982,#1983));
#514=EDGE_LOOP('',(#1984,#1985,#1986));
#515=EDGE_LOOP('',(#1987,#1988,#1989));
#516=EDGE_LOOP('',(#1990,#1991,#1992,#1993));
#517=EDGE_LOOP('',(#1994,#1995,#1996));
#518=EDGE_LOOP('',(#1997,#1998,#1999,#2000));
#519=EDGE_LOOP('',(#2001,#2002,#2003,#2004));
#520=EDGE_LOOP('',(#2005,#2006,#2007,#2008));
#521=EDGE_LOOP('',(#2009));
#522=EDGE_LOOP('',(#2010));
#523=EDGE_LOOP('',(#2011,#2012,#2013,#2014));
#524=EDGE_LOOP('',(#2015,#2016,#2017,#2018));
#525=EDGE_LOOP('',(#2019,#2020,#2021,#2022));
#526=EDGE_LOOP('',(#2023,#2024,#2025,#2026));
#527=EDGE_LOOP('',(#2027));
#528=LINE('',#3204,#717);
#529=LINE('',#3207,#718);
#530=LINE('',#3210,#719);
#531=LINE('',#3212,#720);
#532=LINE('',#3213,#721);
#533=LINE('',#3216,#722);
#534=LINE('',#3220,#723);
#535=LINE('',#3221,#724);
#536=LINE('',#3230,#725);
#537=LINE('',#3231,#726);
#538=LINE('',#3234,#727);
#539=LINE('',#3235,#728);
#540=LINE('',#3241,#729);
#541=LINE('',#3244,#730);
#542=LINE('',#3247,#731);
#543=LINE('',#3249,#732);
#544=LINE('',#3250,#733);
#545=LINE('',#3253,#734);
#546=LINE('',#3257,#735);
#547=LINE('',#3258,#736);
#548=LINE('',#3267,#737);
#549=LINE('',#3268,#738);
#550=LINE('',#3271,#739);
#551=LINE('',#3272,#740);
#552=LINE('',#3275,#741);
#553=LINE('',#3280,#742);
#554=LINE('',#3283,#743);
#555=LINE('',#3288,#744);
#556=LINE('',#3290,#745);
#557=LINE('',#3294,#746);
#558=LINE('',#3299,#747);
#559=LINE('',#3302,#748);
#560=LINE('',#3305,#749);
#561=LINE('',#3308,#750);
#562=LINE('',#3310,#751);
#563=LINE('',#3314,#752);
#564=LINE('',#3319,#753);
#565=LINE('',#3322,#754);
#566=LINE('',#3325,#755);
#567=LINE('',#3328,#756);
#568=LINE('',#3330,#757);
#569=LINE('',#3331,#758);
#570=LINE('',#3333,#759);
#571=LINE('',#3335,#760);
#572=LINE('',#3342,#761);
#573=LINE('',#3348,#762);
#574=LINE('',#3354,#763);
#575=LINE('',#3360,#764);
#576=LINE('',#3365,#765);
#577=LINE('',#3375,#766);
#578=LINE('',#3386,#767);
#579=LINE('',#3388,#768);
#580=LINE('',#3390,#769);
#581=LINE('',#3391,#770);
#582=LINE('',#3394,#771);
#583=LINE('',#3395,#772);
#584=LINE('',#3396,#773);
#585=LINE('',#3449,#774);
#586=LINE('',#3464,#775);
#587=LINE('',#3465,#776);
#588=LINE('',#3467,#777);
#589=LINE('',#3470,#778);
#590=LINE('',#3474,#779);
#591=LINE('',#3484,#780);
#592=LINE('',#3495,#781);
#593=LINE('',#3497,#782);
#594=LINE('',#3499,#783);
#595=LINE('',#3500,#784);
#596=LINE('',#3503,#785);
#597=LINE('',#3504,#786);
#598=LINE('',#3505,#787);
#599=LINE('',#3527,#788);
#600=LINE('',#3555,#789);
#601=LINE('',#3570,#790);
#602=LINE('',#3571,#791);
#603=LINE('',#3573,#792);
#604=LINE('',#3576,#793);
#605=LINE('',#3580,#794);
#606=LINE('',#3589,#795);
#607=LINE('',#3600,#796);
#608=LINE('',#3602,#797);
#609=LINE('',#3604,#798);
#610=LINE('',#3605,#799);
#611=LINE('',#3608,#800);
#612=LINE('',#3609,#801);
#613=LINE('',#3610,#802);
#614=LINE('',#3632,#803);
#615=LINE('',#3660,#804);
#616=LINE('',#3670,#805);
#617=LINE('',#3671,#806);
#618=LINE('',#3673,#807);
#619=LINE('',#3676,#808);
#620=LINE('',#3680,#809);
#621=LINE('',#3689,#810);
#622=LINE('',#3700,#811);
#623=LINE('',#3702,#812);
#624=LINE('',#3704,#813);
#625=LINE('',#3705,#814);
#626=LINE('',#3708,#815);
#627=LINE('',#3709,#816);
#628=LINE('',#3710,#817);
#629=LINE('',#3763,#818);
#630=LINE('',#3773,#819);
#631=LINE('',#3774,#820);
#632=LINE('',#3776,#821);
#633=LINE('',#3779,#822);
#634=LINE('',#3783,#823);
#635=LINE('',#3793,#824);
#636=LINE('',#3804,#825);
#637=LINE('',#3806,#826);
#638=LINE('',#3808,#827);
#639=LINE('',#3809,#828);
#640=LINE('',#3812,#829);
#641=LINE('',#3813,#830);
#642=LINE('',#3814,#831);
#643=LINE('',#3867,#832);
#644=LINE('',#3882,#833);
#645=LINE('',#3883,#834);
#646=LINE('',#3885,#835);
#647=LINE('',#3888,#836);
#648=LINE('',#3892,#837);
#649=LINE('',#3902,#838);
#650=LINE('',#3913,#839);
#651=LINE('',#3915,#840);
#652=LINE('',#3917,#841);
#653=LINE('',#3918,#842);
#654=LINE('',#3921,#843);
#655=LINE('',#3922,#844);
#656=LINE('',#3923,#845);
#657=LINE('',#3976,#846);
#658=LINE('',#3985,#847);
#659=LINE('',#3988,#848);
#660=LINE('',#3989,#849);
#661=LINE('',#3991,#850);
#662=LINE('',#3994,#851);
#663=LINE('',#3998,#852);
#664=LINE('',#4007,#853);
#665=LINE('',#4018,#854);
#666=LINE('',#4020,#855);
#667=LINE('',#4022,#856);
#668=LINE('',#4023,#857);
#669=LINE('',#4026,#858);
#670=LINE('',#4027,#859);
#671=LINE('',#4028,#860);
#672=LINE('',#4076,#861);
#673=LINE('',#4085,#862);
#674=LINE('',#4088,#863);
#675=LINE('',#4089,#864);
#676=LINE('',#4091,#865);
#677=LINE('',#4094,#866);
#678=LINE('',#4098,#867);
#679=LINE('',#4107,#868);
#680=LINE('',#4118,#869);
#681=LINE('',#4120,#870);
#682=LINE('',#4122,#871);
#683=LINE('',#4123,#872);
#684=LINE('',#4126,#873);
#685=LINE('',#4127,#874);
#686=LINE('',#4128,#875);
#687=LINE('',#4176,#876);
#688=LINE('',#4191,#877);
#689=LINE('',#4192,#878);
#690=LINE('',#4194,#879);
#691=LINE('',#4197,#880);
#692=LINE('',#4211,#881);
#693=LINE('',#4213,#882);
#694=LINE('',#4215,#883);
#695=LINE('',#4216,#884);
#696=LINE('',#4218,#885);
#697=LINE('',#4221,#886);
#698=LINE('',#4224,#887);
#699=LINE('',#4225,#888);
#700=LINE('',#4388,#889);
#701=LINE('',#4584,#890);
#702=LINE('',#4726,#891);
#703=LINE('',#4868,#892);
#704=LINE('',#4870,#893);
#705=LINE('',#4872,#894);
#706=LINE('',#4874,#895);
#707=LINE('',#4876,#896);
#708=LINE('',#4878,#897);
#709=LINE('',#4880,#898);
#710=LINE('',#4882,#899);
#711=LINE('',#4884,#900);
#712=LINE('',#4889,#901);
#713=LINE('',#4896,#902);
#714=LINE('',#4900,#903);
#715=LINE('',#4904,#904);
#716=LINE('',#4907,#905);
#717=VECTOR('',#2628,10.);
#718=VECTOR('',#2631,10.);
#719=VECTOR('',#2634,0.740000000000003);
#720=VECTOR('',#2635,10.);
#721=VECTOR('',#2636,10.);
#722=VECTOR('',#2639,10.);
#723=VECTOR('',#2642,0.740000000000003);
#724=VECTOR('',#2643,10.);
#725=VECTOR('',#2652,10.);
#726=VECTOR('',#2653,10.);
#727=VECTOR('',#2656,0.740000000000003);
#728=VECTOR('',#2657,10.);
#729=VECTOR('',#2662,10.);
#730=VECTOR('',#2665,10.);
#731=VECTOR('',#2668,0.740000000000003);
#732=VECTOR('',#2669,10.);
#733=VECTOR('',#2670,10.);
#734=VECTOR('',#2673,10.);
#735=VECTOR('',#2676,0.740000000000003);
#736=VECTOR('',#2677,10.);
#737=VECTOR('',#2686,10.);
#738=VECTOR('',#2687,10.);
#739=VECTOR('',#2690,0.740000000000003);
#740=VECTOR('',#2691,10.);
#741=VECTOR('',#2694,2.25);
#742=VECTOR('',#2701,2.25);
#743=VECTOR('',#2704,2.25);
#744=VECTOR('',#2711,2.25);
#745=VECTOR('',#2714,10.);
#746=VECTOR('',#2717,10.);
#747=VECTOR('',#2724,10.);
#748=VECTOR('',#2727,10.);
#749=VECTOR('',#2732,10.);
#750=VECTOR('',#2737,10.);
#751=VECTOR('',#2740,10.);
#752=VECTOR('',#2743,10.);
#753=VECTOR('',#2750,10.);
#754=VECTOR('',#2753,10.);
#755=VECTOR('',#2758,10.);
#756=VECTOR('',#2763,10.);
#757=VECTOR('',#2766,10.);
#758=VECTOR('',#2767,10.);
#759=VECTOR('',#2770,10.);
#760=VECTOR('',#2773,10.);
#761=VECTOR('',#2782,1.2295);
#762=VECTOR('',#2789,1.2295);
#763=VECTOR('',#2796,1.2295);
#764=VECTOR('',#2803,1.2295);
#765=VECTOR('',#2808,10.);
#766=VECTOR('',#2809,10.);
#767=VECTOR('',#2812,10.);
#768=VECTOR('',#2813,10.);
#769=VECTOR('',#2814,10.);
#770=VECTOR('',#2815,10.);
#771=VECTOR('',#2818,10.);
#772=VECTOR('',#2819,10.);
#773=VECTOR('',#2820,10.);
#774=VECTOR('',#2821,10.);
#775=VECTOR('',#2824,10.);
#776=VECTOR('',#2825,10.);
#777=VECTOR('',#2828,10.);
#778=VECTOR('',#2833,10.);
#779=VECTOR('',#2836,10.);
#780=VECTOR('',#2837,10.);
#781=VECTOR('',#2840,10.);
#782=VECTOR('',#2841,10.);
#783=VECTOR('',#2842,10.);
#784=VECTOR('',#2843,10.);
#785=VECTOR('',#2846,10.);
#786=VECTOR('',#2847,10.);
#787=VECTOR('',#2848,10.);
#788=VECTOR('',#2849,10.);
#789=VECTOR('',#2850,10.);
#790=VECTOR('',#2853,10.);
#791=VECTOR('',#2854,10.);
#792=VECTOR('',#2857,10.);
#793=VECTOR('',#2862,10.);
#794=VECTOR('',#2865,10.);
#795=VECTOR('',#2866,10.);
#796=VECTOR('',#2869,10.);
#797=VECTOR('',#2870,10.);
#798=VECTOR('',#2871,10.);
#799=VECTOR('',#2872,10.);
#800=VECTOR('',#2875,10.);
#801=VECTOR('',#2876,10.);
#802=VECTOR('',#2877,10.);
#803=VECTOR('',#2878,10.);
#804=VECTOR('',#2879,10.);
#805=VECTOR('',#2882,10.);
#806=VECTOR('',#2883,10.);
#807=VECTOR('',#2886,10.);
#808=VECTOR('',#2891,10.);
#809=VECTOR('',#2894,10.);
#810=VECTOR('',#2895,10.);
#811=VECTOR('',#2898,10.);
#812=VECTOR('',#2899,10.);
#813=VECTOR('',#2900,10.);
#814=VECTOR('',#2901,10.);
#815=VECTOR('',#2904,10.);
#816=VECTOR('',#2905,10.);
#817=VECTOR('',#2906,10.);
#818=VECTOR('',#2907,10.);
#819=VECTOR('',#2910,10.);
#820=VECTOR('',#2911,10.);
#821=VECTOR('',#2914,10.);
#822=VECTOR('',#2919,10.);
#823=VECTOR('',#2922,10.);
#824=VECTOR('',#2923,10.);
#825=VECTOR('',#2926,10.);
#826=VECTOR('',#2927,10.);
#827=VECTOR('',#2928,10.);
#828=VECTOR('',#2929,10.);
#829=VECTOR('',#2932,10.);
#830=VECTOR('',#2933,10.);
#831=VECTOR('',#2934,10.);
#832=VECTOR('',#2935,10.);
#833=VECTOR('',#2938,10.);
#834=VECTOR('',#2939,10.);
#835=VECTOR('',#2942,10.);
#836=VECTOR('',#2947,10.);
#837=VECTOR('',#2950,10.);
#838=VECTOR('',#2951,10.);
#839=VECTOR('',#2954,10.);
#840=VECTOR('',#2955,10.);
#841=VECTOR('',#2956,10.);
#842=VECTOR('',#2957,10.);
#843=VECTOR('',#2960,10.);
#844=VECTOR('',#2961,10.);
#845=VECTOR('',#2962,10.);
#846=VECTOR('',#2963,10.);
#847=VECTOR('',#2964,10.);
#848=VECTOR('',#2967,10.);
#849=VECTOR('',#2968,10.);
#850=VECTOR('',#2971,10.);
#851=VECTOR('',#2976,10.);
#852=VECTOR('',#2979,10.);
#853=VECTOR('',#2980,10.);
#854=VECTOR('',#2983,10.);
#855=VECTOR('',#2984,10.);
#856=VECTOR('',#2985,10.);
#857=VECTOR('',#2986,10.);
#858=VECTOR('',#2989,10.);
#859=VECTOR('',#2990,10.);
#860=VECTOR('',#2991,10.);
#861=VECTOR('',#2992,10.);
#862=VECTOR('',#2993,10.);
#863=VECTOR('',#2996,10.);
#864=VECTOR('',#2997,10.);
#865=VECTOR('',#3000,10.);
#866=VECTOR('',#3005,10.);
#867=VECTOR('',#3008,10.);
#868=VECTOR('',#3009,10.);
#869=VECTOR('',#3012,10.);
#870=VECTOR('',#3013,10.);
#871=VECTOR('',#3014,10.);
#872=VECTOR('',#3015,10.);
#873=VECTOR('',#3018,10.);
#874=VECTOR('',#3019,10.);
#875=VECTOR('',#3020,10.);
#876=VECTOR('',#3021,10.);
#877=VECTOR('',#3024,10.);
#878=VECTOR('',#3025,10.);
#879=VECTOR('',#3028,10.);
#880=VECTOR('',#3033,10.);
#881=VECTOR('',#3060,10.);
#882=VECTOR('',#3063,10.);
#883=VECTOR('',#3066,10.);
#884=VECTOR('',#3067,10.);
#885=VECTOR('',#3070,10.);
#886=VECTOR('',#3075,10.);
#887=VECTOR('',#3080,10.);
#888=VECTOR('',#3081,10.);
#889=VECTOR('',#3092,1.89905670214398);
#890=VECTOR('',#3121,1.89905670214398);
#891=VECTOR('',#3124,1.89905670214398);
#892=VECTOR('',#3127,1.89905670214398);
#893=VECTOR('',#3130,1.89905670214398);
#894=VECTOR('',#3133,0.505);
#895=VECTOR('',#3136,0.505);
#896=VECTOR('',#3139,1.89905670214398);
#897=VECTOR('',#3142,1.89905670214398);
#898=VECTOR('',#3145,0.505);
#899=VECTOR('',#3148,1.89905670214398);
#900=VECTOR('',#3151,0.505);
#901=VECTOR('',#3158,3.45);
#902=VECTOR('',#3167,1.3375);
#903=VECTOR('',#3172,1.41875);
#904=VECTOR('',#3177,1.5);
#905=VECTOR('',#3180,1.3466375);
#906=CIRCLE('',#2429,2.);
#907=CIRCLE('',#2430,2.);
#908=CIRCLE('',#2433,2.);
#909=CIRCLE('',#2434,2.25);
#910=CIRCLE('',#2435,2.25);
#911=CIRCLE('',#2437,2.);
#912=CIRCLE('',#2440,2.);
#913=CIRCLE('',#2441,2.);
#914=CIRCLE('',#2444,2.);
#915=CIRCLE('',#2445,2.25);
#916=CIRCLE('',#2446,2.25);
#917=CIRCLE('',#2448,2.);
#918=CIRCLE('',#2451,2.25);
#919=CIRCLE('',#2453,2.25);
#920=CIRCLE('',#2455,2.25);
#921=CIRCLE('',#2457,2.25);
#922=CIRCLE('',#2459,1.29999999999999);
#923=CIRCLE('',#2460,1.3);
#924=CIRCLE('',#2462,0.299999999999994);
#925=CIRCLE('',#2464,0.299999999999994);
#926=CIRCLE('',#2469,1.3);
#927=CIRCLE('',#2470,1.3);
#928=CIRCLE('',#2472,0.300000000000002);
#929=CIRCLE('',#2474,0.300000000000002);
#930=CIRCLE('',#2484,1.2295);
#931=CIRCLE('',#2485,1.2295);
#932=CIRCLE('',#2487,1.2295);
#933=CIRCLE('',#2488,1.2295);
#934=CIRCLE('',#2490,1.2295);
#935=CIRCLE('',#2491,1.2295);
#936=CIRCLE('',#2493,1.2295);
#937=CIRCLE('',#2494,1.2295);
#938=CIRCLE('',#2552,1.5);
#939=CIRCLE('',#2553,0.500000000000005);
#940=CIRCLE('',#2555,1.5);
#941=CIRCLE('',#2556,0.500000000000005);
#942=CIRCLE('',#2558,1.5);
#943=CIRCLE('',#2559,0.500000000000005);
#944=CIRCLE('',#2561,0.500000000000005);
#945=CIRCLE('',#2562,1.5);
#946=CIRCLE('',#2575,4.5930647448082);
#947=CIRCLE('',#2577,3.45);
#948=CIRCLE('',#2578,4.5930647448082);
#949=CIRCLE('',#2579,4.30870772921343);
#950=CIRCLE('',#2580,4.5930647448082);
#951=CIRCLE('',#2581,4.5930647448082);
#952=CIRCLE('',#2582,4.30870772921343);
#953=CIRCLE('',#2583,4.5930647448082);
#954=CIRCLE('',#2584,4.5930647448082);
#955=CIRCLE('',#2585,4.30870772921343);
#956=CIRCLE('',#2586,4.5930647448082);
#957=CIRCLE('',#2587,4.5930647448082);
#958=CIRCLE('',#2588,4.30870772921343);
#959=CIRCLE('',#2602,3.45);
#960=CIRCLE('',#2604,1.3375);
#961=CIRCLE('',#2606,1.3375);
#962=CIRCLE('',#2608,1.5);
#963=CIRCLE('',#2610,1.5);
#964=CIRCLE('',#2612,1.193275);
#965=VERTEX_POINT('',#3200);
#966=VERTEX_POINT('',#3201);
#967=VERTEX_POINT('',#3203);
#968=VERTEX_POINT('',#3205);
#969=VERTEX_POINT('',#3209);
#970=VERTEX_POINT('',#3211);
#971=VERTEX_POINT('',#3215);
#972=VERTEX_POINT('',#3217);
#973=VERTEX_POINT('',#3219);
#974=VERTEX_POINT('',#3222);
#975=VERTEX_POINT('',#3224);
#976=VERTEX_POINT('',#3227);
#977=VERTEX_POINT('',#3228);
#978=VERTEX_POINT('',#3233);
#979=VERTEX_POINT('',#3237);
#980=VERTEX_POINT('',#3238);
#981=VERTEX_POINT('',#3240);
#982=VERTEX_POINT('',#3242);
#983=VERTEX_POINT('',#3246);
#984=VERTEX_POINT('',#3248);
#985=VERTEX_POINT('',#3252);
#986=VERTEX_POINT('',#3254);
#987=VERTEX_POINT('',#3256);
#988=VERTEX_POINT('',#3259);
#989=VERTEX_POINT('',#3261);
#990=VERTEX_POINT('',#3264);
#991=VERTEX_POINT('',#3265);
#992=VERTEX_POINT('',#3270);
#993=VERTEX_POINT('',#3274);
#994=VERTEX_POINT('',#3278);
#995=VERTEX_POINT('',#3282);
#996=VERTEX_POINT('',#3286);
#997=VERTEX_POINT('',#3291);
#998=VERTEX_POINT('',#3293);
#999=VERTEX_POINT('',#3297);
#1000=VERTEX_POINT('',#3301);
#1001=VERTEX_POINT('',#3311);
#1002=VERTEX_POINT('',#3313);
#1003=VERTEX_POINT('',#3317);
#1004=VERTEX_POINT('',#3321);
#1005=VERTEX_POINT('',#3339);
#1006=VERTEX_POINT('',#3341);
#1007=VERTEX_POINT('',#3345);
#1008=VERTEX_POINT('',#3347);
#1009=VERTEX_POINT('',#3351);
#1010=VERTEX_POINT('',#3353);
#1011=VERTEX_POINT('',#3357);
#1012=VERTEX_POINT('',#3359);
#1013=VERTEX_POINT('',#3363);
#1014=VERTEX_POINT('',#3364);
#1015=VERTEX_POINT('',#3366);
#1016=VERTEX_POINT('',#3374);
#1017=VERTEX_POINT('',#3384);
#1018=VERTEX_POINT('',#3385);
#1019=VERTEX_POINT('',#3387);
#1020=VERTEX_POINT('',#3389);
#1021=VERTEX_POINT('',#3393);
#1022=VERTEX_POINT('',#3417);
#1023=VERTEX_POINT('',#3450);
#1024=VERTEX_POINT('',#3463);
#1025=VERTEX_POINT('',#3472);
#1026=VERTEX_POINT('',#3473);
#1027=VERTEX_POINT('',#3475);
#1028=VERTEX_POINT('',#3483);
#1029=VERTEX_POINT('',#3493);
#1030=VERTEX_POINT('',#3494);
#1031=VERTEX_POINT('',#3496);
#1032=VERTEX_POINT('',#3498);
#1033=VERTEX_POINT('',#3502);
#1034=VERTEX_POINT('',#3526);
#1035=VERTEX_POINT('',#3556);
#1036=VERTEX_POINT('',#3569);
#1037=VERTEX_POINT('',#3578);
#1038=VERTEX_POINT('',#3579);
#1039=VERTEX_POINT('',#3588);
#1040=VERTEX_POINT('',#3598);
#1041=VERTEX_POINT('',#3599);
#1042=VERTEX_POINT('',#3601);
#1043=VERTEX_POINT('',#3603);
#1044=VERTEX_POINT('',#3607);
#1045=VERTEX_POINT('',#3631);
#1046=VERTEX_POINT('',#3669);
#1047=VERTEX_POINT('',#3678);
#1048=VERTEX_POINT('',#3679);
#1049=VERTEX_POINT('',#3688);
#1050=VERTEX_POINT('',#3698);
#1051=VERTEX_POINT('',#3699);
#1052=VERTEX_POINT('',#3701);
#1053=VERTEX_POINT('',#3703);
#1054=VERTEX_POINT('',#3707);
#1055=VERTEX_POINT('',#3731);
#1056=VERTEX_POINT('',#3772);
#1057=VERTEX_POINT('',#3781);
#1058=VERTEX_POINT('',#3782);
#1059=VERTEX_POINT('',#3784);
#1060=VERTEX_POINT('',#3792);
#1061=VERTEX_POINT('',#3802);
#1062=VERTEX_POINT('',#3803);
#1063=VERTEX_POINT('',#3805);
#1064=VERTEX_POINT('',#3807);
#1065=VERTEX_POINT('',#3811);
#1066=VERTEX_POINT('',#3835);
#1067=VERTEX_POINT('',#3868);
#1068=VERTEX_POINT('',#3881);
#1069=VERTEX_POINT('',#3890);
#1070=VERTEX_POINT('',#3891);
#1071=VERTEX_POINT('',#3893);
#1072=VERTEX_POINT('',#3901);
#1073=VERTEX_POINT('',#3911);
#1074=VERTEX_POINT('',#3912);
#1075=VERTEX_POINT('',#3914);
#1076=VERTEX_POINT('',#3916);
#1077=VERTEX_POINT('',#3920);
#1078=VERTEX_POINT('',#3944);
#1079=VERTEX_POINT('',#3977);
#1080=VERTEX_POINT('',#3987);
#1081=VERTEX_POINT('',#3996);
#1082=VERTEX_POINT('',#3997);
#1083=VERTEX_POINT('',#3999);
#1084=VERTEX_POINT('',#4016);
#1085=VERTEX_POINT('',#4017);
#1086=VERTEX_POINT('',#4019);
#1087=VERTEX_POINT('',#4021);
#1088=VERTEX_POINT('',#4025);
#1089=VERTEX_POINT('',#4077);
#1090=VERTEX_POINT('',#4087);
#1091=VERTEX_POINT('',#4096);
#1092=VERTEX_POINT('',#4097);
#1093=VERTEX_POINT('',#4099);
#1094=VERTEX_POINT('',#4116);
#1095=VERTEX_POINT('',#4117);
#1096=VERTEX_POINT('',#4119);
#1097=VERTEX_POINT('',#4121);
#1098=VERTEX_POINT('',#4125);
#1099=VERTEX_POINT('',#4177);
#1100=VERTEX_POINT('',#4190);
#1101=VERTEX_POINT('',#4285);
#1102=VERTEX_POINT('',#4286);
#1103=VERTEX_POINT('',#4300);
#1104=VERTEX_POINT('',#4386);
#1105=VERTEX_POINT('',#4390);
#1106=VERTEX_POINT('',#4392);
#1107=VERTEX_POINT('',#4394);
#1108=VERTEX_POINT('',#4396);
#1109=VERTEX_POINT('',#4398);
#1110=VERTEX_POINT('',#4413);
#1111=VERTEX_POINT('',#4415);
#1112=VERTEX_POINT('',#4417);
#1113=VERTEX_POINT('',#4419);
#1114=VERTEX_POINT('',#4434);
#1115=VERTEX_POINT('',#4436);
#1116=VERTEX_POINT('',#4438);
#1117=VERTEX_POINT('',#4440);
#1118=VERTEX_POINT('',#4455);
#1119=VERTEX_POINT('',#4538);
#1120=VERTEX_POINT('',#4641);
#1121=VERTEX_POINT('',#4783);
#1122=VERTEX_POINT('',#4887);
#1123=VERTEX_POINT('',#4891);
#1124=VERTEX_POINT('',#4894);
#1125=VERTEX_POINT('',#4898);
#1126=VERTEX_POINT('',#4902);
#1127=VERTEX_POINT('',#4906);
#1128=EDGE_CURVE('',#965,#966,#906,.T.);
#1129=EDGE_CURVE('',#966,#967,#528,.T.);
#1130=EDGE_CURVE('',#967,#968,#907,.T.);
#1131=EDGE_CURVE('',#968,#965,#529,.T.);
#1132=EDGE_CURVE('',#968,#969,#530,.T.);
#1133=EDGE_CURVE('',#969,#970,#531,.T.);
#1134=EDGE_CURVE('',#970,#965,#532,.T.);
#1135=EDGE_CURVE('',#967,#971,#533,.T.);
#1136=EDGE_CURVE('',#972,#971,#908,.T.);
#1137=EDGE_CURVE('',#972,#973,#534,.T.);
#1138=EDGE_CURVE('',#973,#969,#535,.T.);
#1139=EDGE_CURVE('',#974,#974,#909,.T.);
#1140=EDGE_CURVE('',#975,#975,#910,.T.);
#1141=EDGE_CURVE('',#976,#977,#911,.T.);
#1142=EDGE_CURVE('',#977,#972,#536,.T.);
#1143=EDGE_CURVE('',#971,#976,#537,.T.);
#1144=EDGE_CURVE('',#977,#978,#538,.T.);
#1145=EDGE_CURVE('',#978,#973,#539,.T.);
#1146=EDGE_CURVE('',#979,#980,#912,.T.);
#1147=EDGE_CURVE('',#980,#981,#540,.T.);
#1148=EDGE_CURVE('',#981,#982,#913,.T.);
#1149=EDGE_CURVE('',#982,#979,#541,.T.);
#1150=EDGE_CURVE('',#982,#983,#542,.T.);
#1151=EDGE_CURVE('',#983,#984,#543,.T.);
#1152=EDGE_CURVE('',#984,#979,#544,.T.);
#1153=EDGE_CURVE('',#981,#985,#545,.T.);
#1154=EDGE_CURVE('',#986,#985,#914,.T.);
#1155=EDGE_CURVE('',#986,#987,#546,.T.);
#1156=EDGE_CURVE('',#987,#983,#547,.T.);
#1157=EDGE_CURVE('',#988,#988,#915,.T.);
#1158=EDGE_CURVE('',#989,#989,#916,.T.);
#1159=EDGE_CURVE('',#990,#991,#917,.T.);
#1160=EDGE_CURVE('',#991,#986,#548,.T.);
#1161=EDGE_CURVE('',#985,#990,#549,.T.);
#1162=EDGE_CURVE('',#991,#992,#550,.T.);
#1163=EDGE_CURVE('',#992,#987,#551,.T.);
#1164=EDGE_CURVE('',#974,#993,#552,.T.);
#1165=EDGE_CURVE('',#993,#993,#918,.T.);
#1166=EDGE_CURVE('',#994,#994,#919,.T.);
#1167=EDGE_CURVE('',#994,#988,#553,.T.);
#1168=EDGE_CURVE('',#975,#995,#554,.T.);
#1169=EDGE_CURVE('',#995,#995,#920,.T.);
#1170=EDGE_CURVE('',#996,#996,#921,.T.);
#1171=EDGE_CURVE('',#996,#989,#555,.T.);
#1172=EDGE_CURVE('',#984,#992,#556,.T.);
#1173=EDGE_CURVE('',#997,#984,#922,.T.);
#1174=EDGE_CURVE('',#998,#997,#557,.T.);
#1175=EDGE_CURVE('',#992,#998,#923,.T.);
#1176=EDGE_CURVE('',#983,#999,#924,.T.);
#1177=EDGE_CURVE('',#997,#999,#558,.T.);
#1178=EDGE_CURVE('',#1000,#998,#559,.T.);
#1179=EDGE_CURVE('',#987,#1000,#925,.T.);
#1180=EDGE_CURVE('',#980,#990,#560,.T.);
#1181=EDGE_CURVE('',#999,#1000,#561,.T.);
#1182=EDGE_CURVE('',#970,#978,#562,.T.);
#1183=EDGE_CURVE('',#1001,#970,#926,.T.);
#1184=EDGE_CURVE('',#1002,#1001,#563,.T.);
#1185=EDGE_CURVE('',#978,#1002,#927,.T.);
#1186=EDGE_CURVE('',#969,#1003,#928,.T.);
#1187=EDGE_CURVE('',#1001,#1003,#564,.T.);
#1188=EDGE_CURVE('',#1004,#1002,#565,.T.);
#1189=EDGE_CURVE('',#973,#1004,#929,.T.);
#1190=EDGE_CURVE('',#966,#976,#566,.T.);
#1191=EDGE_CURVE('',#1003,#1004,#567,.T.);
#1192=EDGE_CURVE('',#1001,#998,#568,.T.);
#1193=EDGE_CURVE('',#1003,#1000,#569,.T.);
#1194=EDGE_CURVE('',#997,#1002,#570,.T.);
#1195=EDGE_CURVE('',#999,#1004,#571,.T.);
#1196=EDGE_CURVE('',#1005,#1005,#930,.T.);
#1197=EDGE_CURVE('',#1005,#1006,#572,.T.);
#1198=EDGE_CURVE('',#1006,#1006,#931,.T.);
#1199=EDGE_CURVE('',#1007,#1007,#932,.T.);
#1200=EDGE_CURVE('',#1007,#1008,#573,.T.);
#1201=EDGE_CURVE('',#1008,#1008,#933,.T.);
#1202=EDGE_CURVE('',#1009,#1009,#934,.T.);
#1203=EDGE_CURVE('',#1009,#1010,#574,.T.);
#1204=EDGE_CURVE('',#1010,#1010,#935,.T.);
#1205=EDGE_CURVE('',#1011,#1011,#936,.T.);
#1206=EDGE_CURVE('',#1011,#1012,#575,.T.);
#1207=EDGE_CURVE('',#1012,#1012,#937,.T.);
#1208=EDGE_CURVE('',#1013,#1014,#576,.T.);
#1209=EDGE_CURVE('',#1015,#1013,#58,.T.);
#1210=EDGE_CURVE('',#1016,#1015,#577,.T.);
#1211=EDGE_CURVE('',#1014,#1016,#59,.T.);
#1212=EDGE_CURVE('',#1017,#1018,#578,.T.);
#1213=EDGE_CURVE('',#1018,#1019,#579,.T.);
#1214=EDGE_CURVE('',#1019,#1020,#580,.T.);
#1215=EDGE_CURVE('',#1017,#1020,#581,.T.);
#1216=EDGE_CURVE('',#1021,#1014,#582,.T.);
#1217=EDGE_CURVE('',#1017,#1014,#583,.T.);
#1218=EDGE_CURVE('',#1020,#1021,#584,.T.);
#1219=EDGE_CURVE('',#1022,#1016,#60,.T.);
#1220=EDGE_CURVE('',#1022,#1017,#61,.T.);
#1221=EDGE_CURVE('',#1018,#1013,#585,.T.);
#1222=EDGE_CURVE('',#1023,#1018,#62,.T.);
#1223=EDGE_CURVE('',#1015,#1023,#63,.T.);
#1224=EDGE_CURVE('',#1013,#1024,#586,.T.);
#1225=EDGE_CURVE('',#1019,#1024,#587,.T.);
#1226=EDGE_CURVE('',#1024,#1021,#588,.T.);
#1227=EDGE_CURVE('',#1023,#1022,#589,.T.);
#1228=EDGE_CURVE('',#1025,#1026,#590,.T.);
#1229=EDGE_CURVE('',#1027,#1025,#64,.T.);
#1230=EDGE_CURVE('',#1028,#1027,#591,.T.);
#1231=EDGE_CURVE('',#1026,#1028,#65,.T.);
#1232=EDGE_CURVE('',#1029,#1030,#592,.T.);
#1233=EDGE_CURVE('',#1030,#1031,#593,.T.);
#1234=EDGE_CURVE('',#1031,#1032,#594,.T.);
#1235=EDGE_CURVE('',#1029,#1032,#595,.T.);
#1236=EDGE_CURVE('',#1033,#1026,#596,.T.);
#1237=EDGE_CURVE('',#1029,#1026,#597,.T.);
#1238=EDGE_CURVE('',#1032,#1033,#598,.T.);
#1239=EDGE_CURVE('',#1034,#1028,#599,.T.);
#1240=EDGE_CURVE('',#1034,#1029,#66,.T.);
#1241=EDGE_CURVE('',#1030,#1025,#600,.T.);
#1242=EDGE_CURVE('',#1035,#1030,#67,.T.);
#1243=EDGE_CURVE('',#1027,#1035,#68,.T.);
#1244=EDGE_CURVE('',#1025,#1036,#601,.T.);
#1245=EDGE_CURVE('',#1031,#1036,#602,.T.);
#1246=EDGE_CURVE('',#1036,#1033,#603,.T.);
#1247=EDGE_CURVE('',#1035,#1034,#604,.T.);
#1248=EDGE_CURVE('',#1037,#1038,#605,.T.);
#1249=EDGE_CURVE('',#1028,#1037,#69,.T.);
#1250=EDGE_CURVE('',#1039,#1028,#606,.T.);
#1251=EDGE_CURVE('',#1038,#1039,#70,.T.);
#1252=EDGE_CURVE('',#1040,#1041,#607,.T.);
#1253=EDGE_CURVE('',#1041,#1042,#608,.T.);
#1254=EDGE_CURVE('',#1042,#1043,#609,.T.);
#1255=EDGE_CURVE('',#1040,#1043,#610,.T.);
#1256=EDGE_CURVE('',#1044,#1038,#611,.T.);
#1257=EDGE_CURVE('',#1040,#1038,#612,.T.);
#1258=EDGE_CURVE('',#1043,#1044,#613,.T.);
#1259=EDGE_CURVE('',#1045,#1039,#614,.T.);
#1260=EDGE_CURVE('',#1045,#1040,#71,.T.);
#1261=EDGE_CURVE('',#1041,#1037,#615,.T.);
#1262=EDGE_CURVE('',#1034,#1041,#72,.T.);
#1263=EDGE_CURVE('',#1037,#1046,#616,.T.);
#1264=EDGE_CURVE('',#1042,#1046,#617,.T.);
#1265=EDGE_CURVE('',#1046,#1044,#618,.T.);
#1266=EDGE_CURVE('',#1034,#1045,#619,.T.);
#1267=EDGE_CURVE('',#1047,#1048,#620,.T.);
#1268=EDGE_CURVE('',#1039,#1047,#73,.T.);
#1269=EDGE_CURVE('',#1049,#1039,#621,.T.);
#1270=EDGE_CURVE('',#1048,#1049,#74,.T.);
#1271=EDGE_CURVE('',#1050,#1051,#622,.T.);
#1272=EDGE_CURVE('',#1051,#1052,#623,.T.);
#1273=EDGE_CURVE('',#1052,#1053,#624,.T.);
#1274=EDGE_CURVE('',#1050,#1053,#625,.T.);
#1275=EDGE_CURVE('',#1054,#1048,#626,.T.);
#1276=EDGE_CURVE('',#1050,#1048,#627,.T.);
#1277=EDGE_CURVE('',#1053,#1054,#628,.T.);
#1278=EDGE_CURVE('',#1055,#1049,#75,.T.);
#1279=EDGE_CURVE('',#1055,#1050,#76,.T.);
#1280=EDGE_CURVE('',#1051,#1047,#629,.T.);
#1281=EDGE_CURVE('',#1045,#1051,#77,.T.);
#1282=EDGE_CURVE('',#1047,#1056,#630,.T.);
#1283=EDGE_CURVE('',#1052,#1056,#631,.T.);
#1284=EDGE_CURVE('',#1056,#1054,#632,.T.);
#1285=EDGE_CURVE('',#1045,#1055,#633,.T.);
#1286=EDGE_CURVE('',#1057,#1058,#634,.T.);
#1287=EDGE_CURVE('',#1059,#1057,#78,.T.);
#1288=EDGE_CURVE('',#1060,#1059,#635,.T.);
#1289=EDGE_CURVE('',#1058,#1060,#79,.T.);
#1290=EDGE_CURVE('',#1061,#1062,#636,.T.);
#1291=EDGE_CURVE('',#1062,#1063,#637,.T.);
#1292=EDGE_CURVE('',#1063,#1064,#638,.T.);
#1293=EDGE_CURVE('',#1061,#1064,#639,.T.);
#1294=EDGE_CURVE('',#1065,#1058,#640,.T.);
#1295=EDGE_CURVE('',#1061,#1058,#641,.T.);
#1296=EDGE_CURVE('',#1064,#1065,#642,.T.);
#1297=EDGE_CURVE('',#1066,#1060,#80,.T.);
#1298=EDGE_CURVE('',#1066,#1061,#81,.T.);
#1299=EDGE_CURVE('',#1062,#1057,#643,.T.);
#1300=EDGE_CURVE('',#1067,#1062,#82,.T.);
#1301=EDGE_CURVE('',#1059,#1067,#83,.T.);
#1302=EDGE_CURVE('',#1057,#1068,#644,.T.);
#1303=EDGE_CURVE('',#1063,#1068,#645,.T.);
#1304=EDGE_CURVE('',#1068,#1065,#646,.T.);
#1305=EDGE_CURVE('',#1067,#1066,#647,.T.);
#1306=EDGE_CURVE('',#1069,#1070,#648,.T.);
#1307=EDGE_CURVE('',#1071,#1069,#84,.T.);
#1308=EDGE_CURVE('',#1072,#1071,#649,.T.);
#1309=EDGE_CURVE('',#1070,#1072,#85,.T.);
#1310=EDGE_CURVE('',#1073,#1074,#650,.T.);
#1311=EDGE_CURVE('',#1074,#1075,#651,.T.);
#1312=EDGE_CURVE('',#1075,#1076,#652,.T.);
#1313=EDGE_CURVE('',#1073,#1076,#653,.T.);
#1314=EDGE_CURVE('',#1077,#1070,#654,.T.);
#1315=EDGE_CURVE('',#1073,#1070,#655,.T.);
#1316=EDGE_CURVE('',#1076,#1077,#656,.T.);
#1317=EDGE_CURVE('',#1078,#1072,#86,.T.);
#1318=EDGE_CURVE('',#1078,#1073,#87,.T.);
#1319=EDGE_CURVE('',#1074,#1069,#657,.T.);
#1320=EDGE_CURVE('',#1079,#1074,#88,.T.);
#1321=EDGE_CURVE('',#1079,#1071,#658,.T.);
#1322=EDGE_CURVE('',#1069,#1080,#659,.T.);
#1323=EDGE_CURVE('',#1075,#1080,#660,.T.);
#1324=EDGE_CURVE('',#1080,#1077,#661,.T.);
#1325=EDGE_CURVE('',#1079,#1078,#662,.T.);
#1326=EDGE_CURVE('',#1081,#1082,#663,.T.);
#1327=EDGE_CURVE('',#1083,#1081,#89,.T.);
#1328=EDGE_CURVE('',#1071,#1083,#664,.T.);
#1329=EDGE_CURVE('',#1082,#1071,#90,.T.);
#1330=EDGE_CURVE('',#1084,#1085,#665,.T.);
#1331=EDGE_CURVE('',#1085,#1086,#666,.T.);
#1332=EDGE_CURVE('',#1086,#1087,#667,.T.);
#1333=EDGE_CURVE('',#1084,#1087,#668,.T.);
#1334=EDGE_CURVE('',#1088,#1082,#669,.T.);
#1335=EDGE_CURVE('',#1084,#1082,#670,.T.);
#1336=EDGE_CURVE('',#1087,#1088,#671,.T.);
#1337=EDGE_CURVE('',#1079,#1084,#91,.T.);
#1338=EDGE_CURVE('',#1085,#1081,#672,.T.);
#1339=EDGE_CURVE('',#1089,#1085,#92,.T.);
#1340=EDGE_CURVE('',#1089,#1083,#673,.T.);
#1341=EDGE_CURVE('',#1081,#1090,#674,.T.);
#1342=EDGE_CURVE('',#1086,#1090,#675,.T.);
#1343=EDGE_CURVE('',#1090,#1088,#676,.T.);
#1344=EDGE_CURVE('',#1089,#1079,#677,.T.);
#1345=EDGE_CURVE('',#1091,#1092,#678,.T.);
#1346=EDGE_CURVE('',#1093,#1091,#93,.T.);
#1347=EDGE_CURVE('',#1083,#1093,#679,.T.);
#1348=EDGE_CURVE('',#1092,#1083,#94,.T.);
#1349=EDGE_CURVE('',#1094,#1095,#680,.T.);
#1350=EDGE_CURVE('',#1095,#1096,#681,.T.);
#1351=EDGE_CURVE('',#1096,#1097,#682,.T.);
#1352=EDGE_CURVE('',#1094,#1097,#683,.T.);
#1353=EDGE_CURVE('',#1098,#1092,#684,.T.);
#1354=EDGE_CURVE('',#1094,#1092,#685,.T.);
#1355=EDGE_CURVE('',#1097,#1098,#686,.T.);
#1356=EDGE_CURVE('',#1089,#1094,#95,.T.);
#1357=EDGE_CURVE('',#1095,#1091,#687,.T.);
#1358=EDGE_CURVE('',#1099,#1095,#96,.T.);
#1359=EDGE_CURVE('',#1093,#1099,#97,.T.);
#1360=EDGE_CURVE('',#1091,#1100,#688,.T.);
#1361=EDGE_CURVE('',#1096,#1100,#689,.T.);
#1362=EDGE_CURVE('',#1100,#1098,#690,.T.);
#1363=EDGE_CURVE('',#1099,#1089,#691,.T.);
#1364=EDGE_CURVE('',#1093,#1060,#938,.T.);
#1365=EDGE_CURVE('',#1066,#1099,#939,.T.);
#1366=EDGE_CURVE('',#1059,#1049,#940,.T.);
#1367=EDGE_CURVE('',#1055,#1067,#941,.T.);
#1368=EDGE_CURVE('',#1027,#1016,#942,.T.);
#1369=EDGE_CURVE('',#1022,#1035,#943,.T.);
#1370=EDGE_CURVE('',#1078,#1023,#944,.T.);
#1371=EDGE_CURVE('',#1015,#1072,#945,.T.);
#1372=EDGE_CURVE('',#1093,#1072,#692,.T.);
#1373=EDGE_CURVE('',#1015,#1060,#693,.T.);
#1374=EDGE_CURVE('',#1022,#1067,#694,.T.);
#1375=EDGE_CURVE('',#1066,#1023,#695,.T.);
#1376=EDGE_CURVE('',#1055,#1035,#696,.T.);
#1377=EDGE_CURVE('',#1078,#1099,#697,.T.);
#1378=EDGE_CURVE('',#1059,#1016,#698,.T.);
#1379=EDGE_CURVE('',#1027,#1049,#699,.T.);
#1380=EDGE_CURVE('',#1101,#1102,#98,.T.);
#1381=EDGE_CURVE('',#1102,#1103,#99,.T.);
#1382=EDGE_CURVE('',#1103,#1101,#100,.T.);
#1383=EDGE_CURVE('',#1104,#1103,#946,.T.);
#1384=EDGE_CURVE('',#1101,#1104,#700,.T.);
#1385=EDGE_CURVE('',#1105,#1105,#947,.T.);
#1386=EDGE_CURVE('',#1102,#1106,#948,.T.);
#1387=EDGE_CURVE('',#1106,#1107,#949,.T.);
#1388=EDGE_CURVE('',#1107,#1108,#950,.T.);
#1389=EDGE_CURVE('',#1109,#1108,#101,.T.);
#1390=EDGE_CURVE('',#1109,#1110,#951,.T.);
#1391=EDGE_CURVE('',#1110,#1111,#952,.T.);
#1392=EDGE_CURVE('',#1111,#1112,#953,.T.);
#1393=EDGE_CURVE('',#1113,#1112,#102,.T.);
#1394=EDGE_CURVE('',#1113,#1114,#954,.T.);
#1395=EDGE_CURVE('',#1114,#1115,#955,.T.);
#1396=EDGE_CURVE('',#1115,#1116,#956,.T.);
#1397=EDGE_CURVE('',#1117,#1116,#103,.T.);
#1398=EDGE_CURVE('',#1117,#1118,#957,.T.);
#1399=EDGE_CURVE('',#1118,#1104,#958,.T.);
#1400=EDGE_CURVE('',#1119,#1117,#104,.T.);
#1401=EDGE_CURVE('',#1116,#1119,#105,.T.);
#1402=EDGE_CURVE('',#1119,#1115,#701,.T.);
#1403=EDGE_CURVE('',#1120,#1113,#106,.T.);
#1404=EDGE_CURVE('',#1112,#1120,#107,.T.);
#1405=EDGE_CURVE('',#1120,#1111,#702,.T.);
#1406=EDGE_CURVE('',#1121,#1109,#108,.T.);
#1407=EDGE_CURVE('',#1108,#1121,#109,.T.);
#1408=EDGE_CURVE('',#1110,#1121,#703,.T.);
#1409=EDGE_CURVE('',#1118,#1119,#704,.T.);
#1410=EDGE_CURVE('',#1101,#1119,#705,.T.);
#1411=EDGE_CURVE('',#1121,#1120,#706,.T.);
#1412=EDGE_CURVE('',#1121,#1107,#707,.T.);
#1413=EDGE_CURVE('',#1106,#1101,#708,.T.);
#1414=EDGE_CURVE('',#1101,#1121,#709,.T.);
#1415=EDGE_CURVE('',#1114,#1120,#710,.T.);
#1416=EDGE_CURVE('',#1120,#1119,#711,.T.);
#1417=EDGE_CURVE('',#1122,#1122,#959,.T.);
#1418=EDGE_CURVE('',#1122,#1105,#712,.T.);
#1419=EDGE_CURVE('',#1123,#1123,#960,.T.);
#1420=EDGE_CURVE('',#1124,#1124,#961,.T.);
#1421=EDGE_CURVE('',#1124,#1123,#713,.T.);
#1422=EDGE_CURVE('',#1125,#1125,#962,.T.);
#1423=EDGE_CURVE('',#1125,#1124,#714,.T.);
#1424=EDGE_CURVE('',#1126,#1126,#963,.T.);
#1425=EDGE_CURVE('',#1126,#1125,#715,.T.);
#1426=EDGE_CURVE('',#1126,#1127,#716,.T.);
#1427=EDGE_CURVE('',#1127,#1127,#964,.T.);
#1428=ORIENTED_EDGE('',*,*,#1128,.T.);
#1429=ORIENTED_EDGE('',*,*,#1129,.T.);
#1430=ORIENTED_EDGE('',*,*,#1130,.T.);
#1431=ORIENTED_EDGE('',*,*,#1131,.T.);
#1432=ORIENTED_EDGE('',*,*,#1131,.F.);
#1433=ORIENTED_EDGE('',*,*,#1132,.T.);
#1434=ORIENTED_EDGE('',*,*,#1133,.T.);
#1435=ORIENTED_EDGE('',*,*,#1134,.T.);
#1436=ORIENTED_EDGE('',*,*,#1130,.F.);
#1437=ORIENTED_EDGE('',*,*,#1135,.T.);
#1438=ORIENTED_EDGE('',*,*,#1136,.F.);
#1439=ORIENTED_EDGE('',*,*,#1137,.T.);
#1440=ORIENTED_EDGE('',*,*,#1138,.T.);
#1441=ORIENTED_EDGE('',*,*,#1132,.F.);
#1442=ORIENTED_EDGE('',*,*,#1139,.T.);
#1443=ORIENTED_EDGE('',*,*,#1140,.T.);
#1444=ORIENTED_EDGE('',*,*,#1141,.T.);
#1445=ORIENTED_EDGE('',*,*,#1142,.T.);
#1446=ORIENTED_EDGE('',*,*,#1136,.T.);
#1447=ORIENTED_EDGE('',*,*,#1143,.T.);
#1448=ORIENTED_EDGE('',*,*,#1142,.F.);
#1449=ORIENTED_EDGE('',*,*,#1144,.T.);
#1450=ORIENTED_EDGE('',*,*,#1145,.T.);
#1451=ORIENTED_EDGE('',*,*,#1137,.F.);
#1452=ORIENTED_EDGE('',*,*,#1146,.T.);
#1453=ORIENTED_EDGE('',*,*,#1147,.T.);
#1454=ORIENTED_EDGE('',*,*,#1148,.T.);
#1455=ORIENTED_EDGE('',*,*,#1149,.T.);
#1456=ORIENTED_EDGE('',*,*,#1149,.F.);
#1457=ORIENTED_EDGE('',*,*,#1150,.T.);
#1458=ORIENTED_EDGE('',*,*,#1151,.T.);
#1459=ORIENTED_EDGE('',*,*,#1152,.T.);
#1460=ORIENTED_EDGE('',*,*,#1148,.F.);
#1461=ORIENTED_EDGE('',*,*,#1153,.T.);
#1462=ORIENTED_EDGE('',*,*,#1154,.F.);
#1463=ORIENTED_EDGE('',*,*,#1155,.T.);
#1464=ORIENTED_EDGE('',*,*,#1156,.T.);
#1465=ORIENTED_EDGE('',*,*,#1150,.F.);
#1466=ORIENTED_EDGE('',*,*,#1157,.T.);
#1467=ORIENTED_EDGE('',*,*,#1158,.T.);
#1468=ORIENTED_EDGE('',*,*,#1159,.T.);
#1469=ORIENTED_EDGE('',*,*,#1160,.T.);
#1470=ORIENTED_EDGE('',*,*,#1154,.T.);
#1471=ORIENTED_EDGE('',*,*,#1161,.T.);
#1472=ORIENTED_EDGE('',*,*,#1160,.F.);
#1473=ORIENTED_EDGE('',*,*,#1162,.T.);
#1474=ORIENTED_EDGE('',*,*,#1163,.T.);
#1475=ORIENTED_EDGE('',*,*,#1155,.F.);
#1476=ORIENTED_EDGE('',*,*,#1139,.F.);
#1477=ORIENTED_EDGE('',*,*,#1164,.T.);
#1478=ORIENTED_EDGE('',*,*,#1165,.F.);
#1479=ORIENTED_EDGE('',*,*,#1164,.F.);
#1480=ORIENTED_EDGE('',*,*,#1166,.F.);
#1481=ORIENTED_EDGE('',*,*,#1167,.T.);
#1482=ORIENTED_EDGE('',*,*,#1157,.F.);
#1483=ORIENTED_EDGE('',*,*,#1167,.F.);
#1484=ORIENTED_EDGE('',*,*,#1140,.F.);
#1485=ORIENTED_EDGE('',*,*,#1168,.T.);
#1486=ORIENTED_EDGE('',*,*,#1169,.F.);
#1487=ORIENTED_EDGE('',*,*,#1168,.F.);
#1488=ORIENTED_EDGE('',*,*,#1170,.F.);
#1489=ORIENTED_EDGE('',*,*,#1171,.T.);
#1490=ORIENTED_EDGE('',*,*,#1158,.F.);
#1491=ORIENTED_EDGE('',*,*,#1171,.F.);
#1492=ORIENTED_EDGE('',*,*,#1172,.F.);
#1493=ORIENTED_EDGE('',*,*,#1173,.F.);
#1494=ORIENTED_EDGE('',*,*,#1174,.F.);
#1495=ORIENTED_EDGE('',*,*,#1175,.F.);
#1496=ORIENTED_EDGE('',*,*,#1151,.F.);
#1497=ORIENTED_EDGE('',*,*,#1176,.T.);
#1498=ORIENTED_EDGE('',*,*,#1177,.F.);
#1499=ORIENTED_EDGE('',*,*,#1173,.T.);
#1500=ORIENTED_EDGE('',*,*,#1163,.F.);
#1501=ORIENTED_EDGE('',*,*,#1175,.T.);
#1502=ORIENTED_EDGE('',*,*,#1178,.F.);
#1503=ORIENTED_EDGE('',*,*,#1179,.F.);
#1504=ORIENTED_EDGE('',*,*,#1147,.F.);
#1505=ORIENTED_EDGE('',*,*,#1180,.T.);
#1506=ORIENTED_EDGE('',*,*,#1161,.F.);
#1507=ORIENTED_EDGE('',*,*,#1153,.F.);
#1508=ORIENTED_EDGE('',*,*,#1146,.F.);
#1509=ORIENTED_EDGE('',*,*,#1152,.F.);
#1510=ORIENTED_EDGE('',*,*,#1172,.T.);
#1511=ORIENTED_EDGE('',*,*,#1162,.F.);
#1512=ORIENTED_EDGE('',*,*,#1159,.F.);
#1513=ORIENTED_EDGE('',*,*,#1180,.F.);
#1514=ORIENTED_EDGE('',*,*,#1166,.T.);
#1515=ORIENTED_EDGE('',*,*,#1170,.T.);
#1516=ORIENTED_EDGE('',*,*,#1156,.F.);
#1517=ORIENTED_EDGE('',*,*,#1179,.T.);
#1518=ORIENTED_EDGE('',*,*,#1181,.F.);
#1519=ORIENTED_EDGE('',*,*,#1176,.F.);
#1520=ORIENTED_EDGE('',*,*,#1182,.F.);
#1521=ORIENTED_EDGE('',*,*,#1183,.F.);
#1522=ORIENTED_EDGE('',*,*,#1184,.F.);
#1523=ORIENTED_EDGE('',*,*,#1185,.F.);
#1524=ORIENTED_EDGE('',*,*,#1133,.F.);
#1525=ORIENTED_EDGE('',*,*,#1186,.T.);
#1526=ORIENTED_EDGE('',*,*,#1187,.F.);
#1527=ORIENTED_EDGE('',*,*,#1183,.T.);
#1528=ORIENTED_EDGE('',*,*,#1145,.F.);
#1529=ORIENTED_EDGE('',*,*,#1185,.T.);
#1530=ORIENTED_EDGE('',*,*,#1188,.F.);
#1531=ORIENTED_EDGE('',*,*,#1189,.F.);
#1532=ORIENTED_EDGE('',*,*,#1129,.F.);
#1533=ORIENTED_EDGE('',*,*,#1190,.T.);
#1534=ORIENTED_EDGE('',*,*,#1143,.F.);
#1535=ORIENTED_EDGE('',*,*,#1135,.F.);
#1536=ORIENTED_EDGE('',*,*,#1128,.F.);
#1537=ORIENTED_EDGE('',*,*,#1134,.F.);
#1538=ORIENTED_EDGE('',*,*,#1182,.T.);
#1539=ORIENTED_EDGE('',*,*,#1144,.F.);
#1540=ORIENTED_EDGE('',*,*,#1141,.F.);
#1541=ORIENTED_EDGE('',*,*,#1190,.F.);
#1542=ORIENTED_EDGE('',*,*,#1165,.T.);
#1543=ORIENTED_EDGE('',*,*,#1169,.T.);
#1544=ORIENTED_EDGE('',*,*,#1138,.F.);
#1545=ORIENTED_EDGE('',*,*,#1189,.T.);
#1546=ORIENTED_EDGE('',*,*,#1191,.F.);
#1547=ORIENTED_EDGE('',*,*,#1186,.F.);
#1548=ORIENTED_EDGE('',*,*,#1178,.T.);
#1549=ORIENTED_EDGE('',*,*,#1192,.F.);
#1550=ORIENTED_EDGE('',*,*,#1187,.T.);
#1551=ORIENTED_EDGE('',*,*,#1193,.T.);
#1552=ORIENTED_EDGE('',*,*,#1174,.T.);
#1553=ORIENTED_EDGE('',*,*,#1194,.T.);
#1554=ORIENTED_EDGE('',*,*,#1184,.T.);
#1555=ORIENTED_EDGE('',*,*,#1192,.T.);
#1556=ORIENTED_EDGE('',*,*,#1177,.T.);
#1557=ORIENTED_EDGE('',*,*,#1195,.T.);
#1558=ORIENTED_EDGE('',*,*,#1188,.T.);
#1559=ORIENTED_EDGE('',*,*,#1194,.F.);
#1560=ORIENTED_EDGE('',*,*,#1181,.T.);
#1561=ORIENTED_EDGE('',*,*,#1193,.F.);
#1562=ORIENTED_EDGE('',*,*,#1191,.T.);
#1563=ORIENTED_EDGE('',*,*,#1195,.F.);
#1564=ORIENTED_EDGE('',*,*,#1196,.F.);
#1565=ORIENTED_EDGE('',*,*,#1197,.T.);
#1566=ORIENTED_EDGE('',*,*,#1198,.F.);
#1567=ORIENTED_EDGE('',*,*,#1197,.F.);
#1568=ORIENTED_EDGE('',*,*,#1199,.F.);
#1569=ORIENTED_EDGE('',*,*,#1200,.T.);
#1570=ORIENTED_EDGE('',*,*,#1201,.F.);
#1571=ORIENTED_EDGE('',*,*,#1200,.F.);
#1572=ORIENTED_EDGE('',*,*,#1202,.F.);
#1573=ORIENTED_EDGE('',*,*,#1203,.T.);
#1574=ORIENTED_EDGE('',*,*,#1204,.F.);
#1575=ORIENTED_EDGE('',*,*,#1203,.F.);
#1576=ORIENTED_EDGE('',*,*,#1205,.F.);
#1577=ORIENTED_EDGE('',*,*,#1206,.T.);
#1578=ORIENTED_EDGE('',*,*,#1207,.F.);
#1579=ORIENTED_EDGE('',*,*,#1206,.F.);
#1580=ORIENTED_EDGE('',*,*,#1208,.F.);
#1581=ORIENTED_EDGE('',*,*,#1209,.F.);
#1582=ORIENTED_EDGE('',*,*,#1210,.F.);
#1583=ORIENTED_EDGE('',*,*,#1211,.F.);
#1584=ORIENTED_EDGE('',*,*,#1212,.T.);
#1585=ORIENTED_EDGE('',*,*,#1213,.T.);
#1586=ORIENTED_EDGE('',*,*,#1214,.T.);
#1587=ORIENTED_EDGE('',*,*,#1215,.F.);
#1588=ORIENTED_EDGE('',*,*,#1216,.T.);
#1589=ORIENTED_EDGE('',*,*,#1217,.F.);
#1590=ORIENTED_EDGE('',*,*,#1215,.T.);
#1591=ORIENTED_EDGE('',*,*,#1218,.T.);
#1592=ORIENTED_EDGE('',*,*,#1211,.T.);
#1593=ORIENTED_EDGE('',*,*,#1219,.F.);
#1594=ORIENTED_EDGE('',*,*,#1220,.T.);
#1595=ORIENTED_EDGE('',*,*,#1217,.T.);
#1596=ORIENTED_EDGE('',*,*,#1209,.T.);
#1597=ORIENTED_EDGE('',*,*,#1221,.F.);
#1598=ORIENTED_EDGE('',*,*,#1222,.F.);
#1599=ORIENTED_EDGE('',*,*,#1223,.F.);
#1600=ORIENTED_EDGE('',*,*,#1224,.T.);
#1601=ORIENTED_EDGE('',*,*,#1225,.F.);
#1602=ORIENTED_EDGE('',*,*,#1213,.F.);
#1603=ORIENTED_EDGE('',*,*,#1221,.T.);
#1604=ORIENTED_EDGE('',*,*,#1226,.T.);
#1605=ORIENTED_EDGE('',*,*,#1218,.F.);
#1606=ORIENTED_EDGE('',*,*,#1214,.F.);
#1607=ORIENTED_EDGE('',*,*,#1225,.T.);
#1608=ORIENTED_EDGE('',*,*,#1208,.T.);
#1609=ORIENTED_EDGE('',*,*,#1216,.F.);
#1610=ORIENTED_EDGE('',*,*,#1226,.F.);
#1611=ORIENTED_EDGE('',*,*,#1224,.F.);
#1612=ORIENTED_EDGE('',*,*,#1212,.F.);
#1613=ORIENTED_EDGE('',*,*,#1220,.F.);
#1614=ORIENTED_EDGE('',*,*,#1227,.F.);
#1615=ORIENTED_EDGE('',*,*,#1222,.T.);
#1616=ORIENTED_EDGE('',*,*,#1228,.F.);
#1617=ORIENTED_EDGE('',*,*,#1229,.F.);
#1618=ORIENTED_EDGE('',*,*,#1230,.F.);
#1619=ORIENTED_EDGE('',*,*,#1231,.F.);
#1620=ORIENTED_EDGE('',*,*,#1232,.T.);
#1621=ORIENTED_EDGE('',*,*,#1233,.T.);
#1622=ORIENTED_EDGE('',*,*,#1234,.T.);
#1623=ORIENTED_EDGE('',*,*,#1235,.F.);
#1624=ORIENTED_EDGE('',*,*,#1199,.T.);
#1625=ORIENTED_EDGE('',*,*,#1236,.T.);
#1626=ORIENTED_EDGE('',*,*,#1237,.F.);
#1627=ORIENTED_EDGE('',*,*,#1235,.T.);
#1628=ORIENTED_EDGE('',*,*,#1238,.T.);
#1629=ORIENTED_EDGE('',*,*,#1231,.T.);
#1630=ORIENTED_EDGE('',*,*,#1239,.F.);
#1631=ORIENTED_EDGE('',*,*,#1240,.T.);
#1632=ORIENTED_EDGE('',*,*,#1237,.T.);
#1633=ORIENTED_EDGE('',*,*,#1229,.T.);
#1634=ORIENTED_EDGE('',*,*,#1241,.F.);
#1635=ORIENTED_EDGE('',*,*,#1242,.F.);
#1636=ORIENTED_EDGE('',*,*,#1243,.F.);
#1637=ORIENTED_EDGE('',*,*,#1244,.T.);
#1638=ORIENTED_EDGE('',*,*,#1245,.F.);
#1639=ORIENTED_EDGE('',*,*,#1233,.F.);
#1640=ORIENTED_EDGE('',*,*,#1241,.T.);
#1641=ORIENTED_EDGE('',*,*,#1246,.T.);
#1642=ORIENTED_EDGE('',*,*,#1238,.F.);
#1643=ORIENTED_EDGE('',*,*,#1234,.F.);
#1644=ORIENTED_EDGE('',*,*,#1245,.T.);
#1645=ORIENTED_EDGE('',*,*,#1228,.T.);
#1646=ORIENTED_EDGE('',*,*,#1236,.F.);
#1647=ORIENTED_EDGE('',*,*,#1246,.F.);
#1648=ORIENTED_EDGE('',*,*,#1244,.F.);
#1649=ORIENTED_EDGE('',*,*,#1201,.T.);
#1650=ORIENTED_EDGE('',*,*,#1232,.F.);
#1651=ORIENTED_EDGE('',*,*,#1240,.F.);
#1652=ORIENTED_EDGE('',*,*,#1247,.F.);
#1653=ORIENTED_EDGE('',*,*,#1242,.T.);
#1654=ORIENTED_EDGE('',*,*,#1248,.F.);
#1655=ORIENTED_EDGE('',*,*,#1249,.F.);
#1656=ORIENTED_EDGE('',*,*,#1250,.F.);
#1657=ORIENTED_EDGE('',*,*,#1251,.F.);
#1658=ORIENTED_EDGE('',*,*,#1252,.T.);
#1659=ORIENTED_EDGE('',*,*,#1253,.T.);
#1660=ORIENTED_EDGE('',*,*,#1254,.T.);
#1661=ORIENTED_EDGE('',*,*,#1255,.F.);
#1662=ORIENTED_EDGE('',*,*,#1256,.T.);
#1663=ORIENTED_EDGE('',*,*,#1257,.F.);
#1664=ORIENTED_EDGE('',*,*,#1255,.T.);
#1665=ORIENTED_EDGE('',*,*,#1258,.T.);
#1666=ORIENTED_EDGE('',*,*,#1251,.T.);
#1667=ORIENTED_EDGE('',*,*,#1259,.F.);
#1668=ORIENTED_EDGE('',*,*,#1260,.T.);
#1669=ORIENTED_EDGE('',*,*,#1257,.T.);
#1670=ORIENTED_EDGE('',*,*,#1249,.T.);
#1671=ORIENTED_EDGE('',*,*,#1261,.F.);
#1672=ORIENTED_EDGE('',*,*,#1262,.F.);
#1673=ORIENTED_EDGE('',*,*,#1239,.T.);
#1674=ORIENTED_EDGE('',*,*,#1263,.T.);
#1675=ORIENTED_EDGE('',*,*,#1264,.F.);
#1676=ORIENTED_EDGE('',*,*,#1253,.F.);
#1677=ORIENTED_EDGE('',*,*,#1261,.T.);
#1678=ORIENTED_EDGE('',*,*,#1265,.T.);
#1679=ORIENTED_EDGE('',*,*,#1258,.F.);
#1680=ORIENTED_EDGE('',*,*,#1254,.F.);
#1681=ORIENTED_EDGE('',*,*,#1264,.T.);
#1682=ORIENTED_EDGE('',*,*,#1248,.T.);
#1683=ORIENTED_EDGE('',*,*,#1256,.F.);
#1684=ORIENTED_EDGE('',*,*,#1265,.F.);
#1685=ORIENTED_EDGE('',*,*,#1263,.F.);
#1686=ORIENTED_EDGE('',*,*,#1252,.F.);
#1687=ORIENTED_EDGE('',*,*,#1260,.F.);
#1688=ORIENTED_EDGE('',*,*,#1266,.F.);
#1689=ORIENTED_EDGE('',*,*,#1262,.T.);
#1690=ORIENTED_EDGE('',*,*,#1267,.F.);
#1691=ORIENTED_EDGE('',*,*,#1268,.F.);
#1692=ORIENTED_EDGE('',*,*,#1269,.F.);
#1693=ORIENTED_EDGE('',*,*,#1270,.F.);
#1694=ORIENTED_EDGE('',*,*,#1271,.T.);
#1695=ORIENTED_EDGE('',*,*,#1272,.T.);
#1696=ORIENTED_EDGE('',*,*,#1273,.T.);
#1697=ORIENTED_EDGE('',*,*,#1274,.F.);
#1698=ORIENTED_EDGE('',*,*,#1198,.T.);
#1699=ORIENTED_EDGE('',*,*,#1275,.T.);
#1700=ORIENTED_EDGE('',*,*,#1276,.F.);
#1701=ORIENTED_EDGE('',*,*,#1274,.T.);
#1702=ORIENTED_EDGE('',*,*,#1277,.T.);
#1703=ORIENTED_EDGE('',*,*,#1270,.T.);
#1704=ORIENTED_EDGE('',*,*,#1278,.F.);
#1705=ORIENTED_EDGE('',*,*,#1279,.T.);
#1706=ORIENTED_EDGE('',*,*,#1276,.T.);
#1707=ORIENTED_EDGE('',*,*,#1268,.T.);
#1708=ORIENTED_EDGE('',*,*,#1280,.F.);
#1709=ORIENTED_EDGE('',*,*,#1281,.F.);
#1710=ORIENTED_EDGE('',*,*,#1259,.T.);
#1711=ORIENTED_EDGE('',*,*,#1282,.T.);
#1712=ORIENTED_EDGE('',*,*,#1283,.F.);
#1713=ORIENTED_EDGE('',*,*,#1272,.F.);
#1714=ORIENTED_EDGE('',*,*,#1280,.T.);
#1715=ORIENTED_EDGE('',*,*,#1284,.T.);
#1716=ORIENTED_EDGE('',*,*,#1277,.F.);
#1717=ORIENTED_EDGE('',*,*,#1273,.F.);
#1718=ORIENTED_EDGE('',*,*,#1283,.T.);
#1719=ORIENTED_EDGE('',*,*,#1267,.T.);
#1720=ORIENTED_EDGE('',*,*,#1275,.F.);
#1721=ORIENTED_EDGE('',*,*,#1284,.F.);
#1722=ORIENTED_EDGE('',*,*,#1282,.F.);
#1723=ORIENTED_EDGE('',*,*,#1196,.T.);
#1724=ORIENTED_EDGE('',*,*,#1271,.F.);
#1725=ORIENTED_EDGE('',*,*,#1279,.F.);
#1726=ORIENTED_EDGE('',*,*,#1285,.F.);
#1727=ORIENTED_EDGE('',*,*,#1281,.T.);
#1728=ORIENTED_EDGE('',*,*,#1286,.F.);
#1729=ORIENTED_EDGE('',*,*,#1287,.F.);
#1730=ORIENTED_EDGE('',*,*,#1288,.F.);
#1731=ORIENTED_EDGE('',*,*,#1289,.F.);
#1732=ORIENTED_EDGE('',*,*,#1290,.T.);
#1733=ORIENTED_EDGE('',*,*,#1291,.T.);
#1734=ORIENTED_EDGE('',*,*,#1292,.T.);
#1735=ORIENTED_EDGE('',*,*,#1293,.F.);
#1736=ORIENTED_EDGE('',*,*,#1294,.T.);
#1737=ORIENTED_EDGE('',*,*,#1295,.F.);
#1738=ORIENTED_EDGE('',*,*,#1293,.T.);
#1739=ORIENTED_EDGE('',*,*,#1296,.T.);
#1740=ORIENTED_EDGE('',*,*,#1289,.T.);
#1741=ORIENTED_EDGE('',*,*,#1297,.F.);
#1742=ORIENTED_EDGE('',*,*,#1298,.T.);
#1743=ORIENTED_EDGE('',*,*,#1295,.T.);
#1744=ORIENTED_EDGE('',*,*,#1287,.T.);
#1745=ORIENTED_EDGE('',*,*,#1299,.F.);
#1746=ORIENTED_EDGE('',*,*,#1300,.F.);
#1747=ORIENTED_EDGE('',*,*,#1301,.F.);
#1748=ORIENTED_EDGE('',*,*,#1302,.T.);
#1749=ORIENTED_EDGE('',*,*,#1303,.F.);
#1750=ORIENTED_EDGE('',*,*,#1291,.F.);
#1751=ORIENTED_EDGE('',*,*,#1299,.T.);
#1752=ORIENTED_EDGE('',*,*,#1304,.T.);
#1753=ORIENTED_EDGE('',*,*,#1296,.F.);
#1754=ORIENTED_EDGE('',*,*,#1292,.F.);
#1755=ORIENTED_EDGE('',*,*,#1303,.T.);
#1756=ORIENTED_EDGE('',*,*,#1286,.T.);
#1757=ORIENTED_EDGE('',*,*,#1294,.F.);
#1758=ORIENTED_EDGE('',*,*,#1304,.F.);
#1759=ORIENTED_EDGE('',*,*,#1302,.F.);
#1760=ORIENTED_EDGE('',*,*,#1290,.F.);
#1761=ORIENTED_EDGE('',*,*,#1298,.F.);
#1762=ORIENTED_EDGE('',*,*,#1305,.F.);
#1763=ORIENTED_EDGE('',*,*,#1300,.T.);
#1764=ORIENTED_EDGE('',*,*,#1306,.F.);
#1765=ORIENTED_EDGE('',*,*,#1307,.F.);
#1766=ORIENTED_EDGE('',*,*,#1308,.F.);
#1767=ORIENTED_EDGE('',*,*,#1309,.F.);
#1768=ORIENTED_EDGE('',*,*,#1310,.T.);
#1769=ORIENTED_EDGE('',*,*,#1311,.T.);
#1770=ORIENTED_EDGE('',*,*,#1312,.T.);
#1771=ORIENTED_EDGE('',*,*,#1313,.F.);
#1772=ORIENTED_EDGE('',*,*,#1205,.T.);
#1773=ORIENTED_EDGE('',*,*,#1314,.T.);
#1774=ORIENTED_EDGE('',*,*,#1315,.F.);
#1775=ORIENTED_EDGE('',*,*,#1313,.T.);
#1776=ORIENTED_EDGE('',*,*,#1316,.T.);
#1777=ORIENTED_EDGE('',*,*,#1309,.T.);
#1778=ORIENTED_EDGE('',*,*,#1317,.F.);
#1779=ORIENTED_EDGE('',*,*,#1318,.T.);
#1780=ORIENTED_EDGE('',*,*,#1315,.T.);
#1781=ORIENTED_EDGE('',*,*,#1307,.T.);
#1782=ORIENTED_EDGE('',*,*,#1319,.F.);
#1783=ORIENTED_EDGE('',*,*,#1320,.F.);
#1784=ORIENTED_EDGE('',*,*,#1321,.T.);
#1785=ORIENTED_EDGE('',*,*,#1322,.T.);
#1786=ORIENTED_EDGE('',*,*,#1323,.F.);
#1787=ORIENTED_EDGE('',*,*,#1311,.F.);
#1788=ORIENTED_EDGE('',*,*,#1319,.T.);
#1789=ORIENTED_EDGE('',*,*,#1324,.T.);
#1790=ORIENTED_EDGE('',*,*,#1316,.F.);
#1791=ORIENTED_EDGE('',*,*,#1312,.F.);
#1792=ORIENTED_EDGE('',*,*,#1323,.T.);
#1793=ORIENTED_EDGE('',*,*,#1306,.T.);
#1794=ORIENTED_EDGE('',*,*,#1314,.F.);
#1795=ORIENTED_EDGE('',*,*,#1324,.F.);
#1796=ORIENTED_EDGE('',*,*,#1322,.F.);
#1797=ORIENTED_EDGE('',*,*,#1207,.T.);
#1798=ORIENTED_EDGE('',*,*,#1310,.F.);
#1799=ORIENTED_EDGE('',*,*,#1318,.F.);
#1800=ORIENTED_EDGE('',*,*,#1325,.F.);
#1801=ORIENTED_EDGE('',*,*,#1320,.T.);
#1802=ORIENTED_EDGE('',*,*,#1326,.F.);
#1803=ORIENTED_EDGE('',*,*,#1327,.F.);
#1804=ORIENTED_EDGE('',*,*,#1328,.F.);
#1805=ORIENTED_EDGE('',*,*,#1329,.F.);
#1806=ORIENTED_EDGE('',*,*,#1330,.T.);
#1807=ORIENTED_EDGE('',*,*,#1331,.T.);
#1808=ORIENTED_EDGE('',*,*,#1332,.T.);
#1809=ORIENTED_EDGE('',*,*,#1333,.F.);
#1810=ORIENTED_EDGE('',*,*,#1334,.T.);
#1811=ORIENTED_EDGE('',*,*,#1335,.F.);
#1812=ORIENTED_EDGE('',*,*,#1333,.T.);
#1813=ORIENTED_EDGE('',*,*,#1336,.T.);
#1814=ORIENTED_EDGE('',*,*,#1329,.T.);
#1815=ORIENTED_EDGE('',*,*,#1321,.F.);
#1816=ORIENTED_EDGE('',*,*,#1337,.T.);
#1817=ORIENTED_EDGE('',*,*,#1335,.T.);
#1818=ORIENTED_EDGE('',*,*,#1327,.T.);
#1819=ORIENTED_EDGE('',*,*,#1338,.F.);
#1820=ORIENTED_EDGE('',*,*,#1339,.F.);
#1821=ORIENTED_EDGE('',*,*,#1340,.T.);
#1822=ORIENTED_EDGE('',*,*,#1341,.T.);
#1823=ORIENTED_EDGE('',*,*,#1342,.F.);
#1824=ORIENTED_EDGE('',*,*,#1331,.F.);
#1825=ORIENTED_EDGE('',*,*,#1338,.T.);
#1826=ORIENTED_EDGE('',*,*,#1343,.T.);
#1827=ORIENTED_EDGE('',*,*,#1336,.F.);
#1828=ORIENTED_EDGE('',*,*,#1332,.F.);
#1829=ORIENTED_EDGE('',*,*,#1342,.T.);
#1830=ORIENTED_EDGE('',*,*,#1326,.T.);
#1831=ORIENTED_EDGE('',*,*,#1334,.F.);
#1832=ORIENTED_EDGE('',*,*,#1343,.F.);
#1833=ORIENTED_EDGE('',*,*,#1341,.F.);
#1834=ORIENTED_EDGE('',*,*,#1330,.F.);
#1835=ORIENTED_EDGE('',*,*,#1337,.F.);
#1836=ORIENTED_EDGE('',*,*,#1344,.F.);
#1837=ORIENTED_EDGE('',*,*,#1339,.T.);
#1838=ORIENTED_EDGE('',*,*,#1345,.F.);
#1839=ORIENTED_EDGE('',*,*,#1346,.F.);
#1840=ORIENTED_EDGE('',*,*,#1347,.F.);
#1841=ORIENTED_EDGE('',*,*,#1348,.F.);
#1842=ORIENTED_EDGE('',*,*,#1349,.T.);
#1843=ORIENTED_EDGE('',*,*,#1350,.T.);
#1844=ORIENTED_EDGE('',*,*,#1351,.T.);
#1845=ORIENTED_EDGE('',*,*,#1352,.F.);
#1846=ORIENTED_EDGE('',*,*,#1204,.T.);
#1847=ORIENTED_EDGE('',*,*,#1353,.T.);
#1848=ORIENTED_EDGE('',*,*,#1354,.F.);
#1849=ORIENTED_EDGE('',*,*,#1352,.T.);
#1850=ORIENTED_EDGE('',*,*,#1355,.T.);
#1851=ORIENTED_EDGE('',*,*,#1348,.T.);
#1852=ORIENTED_EDGE('',*,*,#1340,.F.);
#1853=ORIENTED_EDGE('',*,*,#1356,.T.);
#1854=ORIENTED_EDGE('',*,*,#1354,.T.);
#1855=ORIENTED_EDGE('',*,*,#1346,.T.);
#1856=ORIENTED_EDGE('',*,*,#1357,.F.);
#1857=ORIENTED_EDGE('',*,*,#1358,.F.);
#1858=ORIENTED_EDGE('',*,*,#1359,.F.);
#1859=ORIENTED_EDGE('',*,*,#1360,.T.);
#1860=ORIENTED_EDGE('',*,*,#1361,.F.);
#1861=ORIENTED_EDGE('',*,*,#1350,.F.);
#1862=ORIENTED_EDGE('',*,*,#1357,.T.);
#1863=ORIENTED_EDGE('',*,*,#1362,.T.);
#1864=ORIENTED_EDGE('',*,*,#1355,.F.);
#1865=ORIENTED_EDGE('',*,*,#1351,.F.);
#1866=ORIENTED_EDGE('',*,*,#1361,.T.);
#1867=ORIENTED_EDGE('',*,*,#1345,.T.);
#1868=ORIENTED_EDGE('',*,*,#1353,.F.);
#1869=ORIENTED_EDGE('',*,*,#1362,.F.);
#1870=ORIENTED_EDGE('',*,*,#1360,.F.);
#1871=ORIENTED_EDGE('',*,*,#1202,.T.);
#1872=ORIENTED_EDGE('',*,*,#1349,.F.);
#1873=ORIENTED_EDGE('',*,*,#1356,.F.);
#1874=ORIENTED_EDGE('',*,*,#1363,.F.);
#1875=ORIENTED_EDGE('',*,*,#1358,.T.);
#1876=ORIENTED_EDGE('',*,*,#1297,.T.);
#1877=ORIENTED_EDGE('',*,*,#1364,.F.);
#1878=ORIENTED_EDGE('',*,*,#1359,.T.);
#1879=ORIENTED_EDGE('',*,*,#1365,.F.);
#1880=ORIENTED_EDGE('',*,*,#1278,.T.);
#1881=ORIENTED_EDGE('',*,*,#1366,.F.);
#1882=ORIENTED_EDGE('',*,*,#1301,.T.);
#1883=ORIENTED_EDGE('',*,*,#1367,.F.);
#1884=ORIENTED_EDGE('',*,*,#1219,.T.);
#1885=ORIENTED_EDGE('',*,*,#1368,.F.);
#1886=ORIENTED_EDGE('',*,*,#1243,.T.);
#1887=ORIENTED_EDGE('',*,*,#1369,.F.);
#1888=ORIENTED_EDGE('',*,*,#1223,.T.);
#1889=ORIENTED_EDGE('',*,*,#1370,.F.);
#1890=ORIENTED_EDGE('',*,*,#1317,.T.);
#1891=ORIENTED_EDGE('',*,*,#1371,.F.);
#1892=ORIENTED_EDGE('',*,*,#1308,.T.);
#1893=ORIENTED_EDGE('',*,*,#1328,.T.);
#1894=ORIENTED_EDGE('',*,*,#1347,.T.);
#1895=ORIENTED_EDGE('',*,*,#1372,.T.);
#1896=ORIENTED_EDGE('',*,*,#1371,.T.);
#1897=ORIENTED_EDGE('',*,*,#1372,.F.);
#1898=ORIENTED_EDGE('',*,*,#1364,.T.);
#1899=ORIENTED_EDGE('',*,*,#1373,.F.);
#1900=ORIENTED_EDGE('',*,*,#1227,.T.);
#1901=ORIENTED_EDGE('',*,*,#1374,.T.);
#1902=ORIENTED_EDGE('',*,*,#1305,.T.);
#1903=ORIENTED_EDGE('',*,*,#1375,.T.);
#1904=ORIENTED_EDGE('',*,*,#1247,.T.);
#1905=ORIENTED_EDGE('',*,*,#1266,.T.);
#1906=ORIENTED_EDGE('',*,*,#1285,.T.);
#1907=ORIENTED_EDGE('',*,*,#1376,.T.);
#1908=ORIENTED_EDGE('',*,*,#1369,.T.);
#1909=ORIENTED_EDGE('',*,*,#1376,.F.);
#1910=ORIENTED_EDGE('',*,*,#1367,.T.);
#1911=ORIENTED_EDGE('',*,*,#1374,.F.);
#1912=ORIENTED_EDGE('',*,*,#1370,.T.);
#1913=ORIENTED_EDGE('',*,*,#1375,.F.);
#1914=ORIENTED_EDGE('',*,*,#1365,.T.);
#1915=ORIENTED_EDGE('',*,*,#1377,.F.);
#1916=ORIENTED_EDGE('',*,*,#1325,.T.);
#1917=ORIENTED_EDGE('',*,*,#1377,.T.);
#1918=ORIENTED_EDGE('',*,*,#1363,.T.);
#1919=ORIENTED_EDGE('',*,*,#1344,.T.);
#1920=ORIENTED_EDGE('',*,*,#1368,.T.);
#1921=ORIENTED_EDGE('',*,*,#1378,.F.);
#1922=ORIENTED_EDGE('',*,*,#1366,.T.);
#1923=ORIENTED_EDGE('',*,*,#1379,.F.);
#1924=ORIENTED_EDGE('',*,*,#1230,.T.);
#1925=ORIENTED_EDGE('',*,*,#1379,.T.);
#1926=ORIENTED_EDGE('',*,*,#1269,.T.);
#1927=ORIENTED_EDGE('',*,*,#1250,.T.);
#1928=ORIENTED_EDGE('',*,*,#1210,.T.);
#1929=ORIENTED_EDGE('',*,*,#1373,.T.);
#1930=ORIENTED_EDGE('',*,*,#1288,.T.);
#1931=ORIENTED_EDGE('',*,*,#1378,.T.);
#1932=ORIENTED_EDGE('',*,*,#1380,.T.);
#1933=ORIENTED_EDGE('',*,*,#1381,.T.);
#1934=ORIENTED_EDGE('',*,*,#1382,.T.);
#1935=ORIENTED_EDGE('',*,*,#1382,.F.);
#1936=ORIENTED_EDGE('',*,*,#1383,.F.);
#1937=ORIENTED_EDGE('',*,*,#1384,.F.);
#1938=ORIENTED_EDGE('',*,*,#1385,.F.);
#1939=ORIENTED_EDGE('',*,*,#1381,.F.);
#1940=ORIENTED_EDGE('',*,*,#1386,.T.);
#1941=ORIENTED_EDGE('',*,*,#1387,.T.);
#1942=ORIENTED_EDGE('',*,*,#1388,.T.);
#1943=ORIENTED_EDGE('',*,*,#1389,.F.);
#1944=ORIENTED_EDGE('',*,*,#1390,.T.);
#1945=ORIENTED_EDGE('',*,*,#1391,.T.);
#1946=ORIENTED_EDGE('',*,*,#1392,.T.);
#1947=ORIENTED_EDGE('',*,*,#1393,.F.);
#1948=ORIENTED_EDGE('',*,*,#1394,.T.);
#1949=ORIENTED_EDGE('',*,*,#1395,.T.);
#1950=ORIENTED_EDGE('',*,*,#1396,.T.);
#1951=ORIENTED_EDGE('',*,*,#1397,.F.);
#1952=ORIENTED_EDGE('',*,*,#1398,.T.);
#1953=ORIENTED_EDGE('',*,*,#1399,.T.);
#1954=ORIENTED_EDGE('',*,*,#1383,.T.);
#1955=ORIENTED_EDGE('',*,*,#1400,.T.);
#1956=ORIENTED_EDGE('',*,*,#1397,.T.);
#1957=ORIENTED_EDGE('',*,*,#1401,.T.);
#1958=ORIENTED_EDGE('',*,*,#1401,.F.);
#1959=ORIENTED_EDGE('',*,*,#1396,.F.);
#1960=ORIENTED_EDGE('',*,*,#1402,.F.);
#1961=ORIENTED_EDGE('',*,*,#1403,.T.);
#1962=ORIENTED_EDGE('',*,*,#1393,.T.);
#1963=ORIENTED_EDGE('',*,*,#1404,.T.);
#1964=ORIENTED_EDGE('',*,*,#1404,.F.);
#1965=ORIENTED_EDGE('',*,*,#1392,.F.);
#1966=ORIENTED_EDGE('',*,*,#1405,.F.);
#1967=ORIENTED_EDGE('',*,*,#1406,.T.);
#1968=ORIENTED_EDGE('',*,*,#1389,.T.);
#1969=ORIENTED_EDGE('',*,*,#1407,.T.);
#1970=ORIENTED_EDGE('',*,*,#1406,.F.);
#1971=ORIENTED_EDGE('',*,*,#1408,.F.);
#1972=ORIENTED_EDGE('',*,*,#1390,.F.);
#1973=ORIENTED_EDGE('',*,*,#1400,.F.);
#1974=ORIENTED_EDGE('',*,*,#1409,.F.);
#1975=ORIENTED_EDGE('',*,*,#1398,.F.);
#1976=ORIENTED_EDGE('',*,*,#1384,.T.);
#1977=ORIENTED_EDGE('',*,*,#1399,.F.);
#1978=ORIENTED_EDGE('',*,*,#1409,.T.);
#1979=ORIENTED_EDGE('',*,*,#1410,.F.);
#1980=ORIENTED_EDGE('',*,*,#1405,.T.);
#1981=ORIENTED_EDGE('',*,*,#1391,.F.);
#1982=ORIENTED_EDGE('',*,*,#1408,.T.);
#1983=ORIENTED_EDGE('',*,*,#1411,.T.);
#1984=ORIENTED_EDGE('',*,*,#1407,.F.);
#1985=ORIENTED_EDGE('',*,*,#1388,.F.);
#1986=ORIENTED_EDGE('',*,*,#1412,.F.);
#1987=ORIENTED_EDGE('',*,*,#1380,.F.);
#1988=ORIENTED_EDGE('',*,*,#1413,.F.);
#1989=ORIENTED_EDGE('',*,*,#1386,.F.);
#1990=ORIENTED_EDGE('',*,*,#1412,.T.);
#1991=ORIENTED_EDGE('',*,*,#1387,.F.);
#1992=ORIENTED_EDGE('',*,*,#1413,.T.);
#1993=ORIENTED_EDGE('',*,*,#1414,.T.);
#1994=ORIENTED_EDGE('',*,*,#1403,.F.);
#1995=ORIENTED_EDGE('',*,*,#1415,.F.);
#1996=ORIENTED_EDGE('',*,*,#1394,.F.);
#1997=ORIENTED_EDGE('',*,*,#1402,.T.);
#1998=ORIENTED_EDGE('',*,*,#1395,.F.);
#1999=ORIENTED_EDGE('',*,*,#1415,.T.);
#2000=ORIENTED_EDGE('',*,*,#1416,.T.);
#2001=ORIENTED_EDGE('',*,*,#1416,.F.);
#2002=ORIENTED_EDGE('',*,*,#1411,.F.);
#2003=ORIENTED_EDGE('',*,*,#1414,.F.);
#2004=ORIENTED_EDGE('',*,*,#1410,.T.);
#2005=ORIENTED_EDGE('',*,*,#1417,.F.);
#2006=ORIENTED_EDGE('',*,*,#1418,.T.);
#2007=ORIENTED_EDGE('',*,*,#1385,.T.);
#2008=ORIENTED_EDGE('',*,*,#1418,.F.);
#2009=ORIENTED_EDGE('',*,*,#1417,.T.);
#2010=ORIENTED_EDGE('',*,*,#1419,.F.);
#2011=ORIENTED_EDGE('',*,*,#1420,.F.);
#2012=ORIENTED_EDGE('',*,*,#1421,.T.);
#2013=ORIENTED_EDGE('',*,*,#1419,.T.);
#2014=ORIENTED_EDGE('',*,*,#1421,.F.);
#2015=ORIENTED_EDGE('',*,*,#1422,.F.);
#2016=ORIENTED_EDGE('',*,*,#1423,.T.);
#2017=ORIENTED_EDGE('',*,*,#1420,.T.);
#2018=ORIENTED_EDGE('',*,*,#1423,.F.);
#2019=ORIENTED_EDGE('',*,*,#1424,.F.);
#2020=ORIENTED_EDGE('',*,*,#1425,.T.);
#2021=ORIENTED_EDGE('',*,*,#1422,.T.);
#2022=ORIENTED_EDGE('',*,*,#1425,.F.);
#2023=ORIENTED_EDGE('',*,*,#1424,.T.);
#2024=ORIENTED_EDGE('',*,*,#1426,.T.);
#2025=ORIENTED_EDGE('',*,*,#1427,.F.);
#2026=ORIENTED_EDGE('',*,*,#1426,.F.);
#2027=ORIENTED_EDGE('',*,*,#1427,.T.);
#2028=CYLINDRICAL_SURFACE('',#2428,2.);
#2029=CYLINDRICAL_SURFACE('',#2436,2.);
#2030=CYLINDRICAL_SURFACE('',#2439,2.);
#2031=CYLINDRICAL_SURFACE('',#2447,2.);
#2032=CYLINDRICAL_SURFACE('',#2450,2.25);
#2033=CYLINDRICAL_SURFACE('',#2452,2.25);
#2034=CYLINDRICAL_SURFACE('',#2454,2.25);
#2035=CYLINDRICAL_SURFACE('',#2456,2.25);
#2036=CYLINDRICAL_SURFACE('',#2458,1.3);
#2037=CYLINDRICAL_SURFACE('',#2467,0.3);
#2038=CYLINDRICAL_SURFACE('',#2468,1.3);
#2039=CYLINDRICAL_SURFACE('',#2477,0.300000000000003);
#2040=CYLINDRICAL_SURFACE('',#2483,1.2295);
#2041=CYLINDRICAL_SURFACE('',#2486,1.2295);
#2042=CYLINDRICAL_SURFACE('',#2489,1.2295);
#2043=CYLINDRICAL_SURFACE('',#2492,1.2295);
#2044=CYLINDRICAL_SURFACE('',#2495,1.5);
#2045=CYLINDRICAL_SURFACE('',#2501,0.499999999999998);
#2046=CYLINDRICAL_SURFACE('',#2502,1.49999999999999);
#2047=CYLINDRICAL_SURFACE('',#2508,0.499999999999994);
#2048=CYLINDRICAL_SURFACE('',#2509,1.49999999999999);
#2049=CYLINDRICAL_SURFACE('',#2515,0.499999999999994);
#2050=CYLINDRICAL_SURFACE('',#2516,1.49999999999997);
#2051=CYLINDRICAL_SURFACE('',#2522,0.499999999999976);
#2052=CYLINDRICAL_SURFACE('',#2523,1.5);
#2053=CYLINDRICAL_SURFACE('',#2529,0.499999999999998);
#2054=CYLINDRICAL_SURFACE('',#2530,1.49999999999997);
#2055=CYLINDRICAL_SURFACE('',#2536,0.499999999999958);
#2056=CYLINDRICAL_SURFACE('',#2537,1.50000000000001);
#2057=CYLINDRICAL_SURFACE('',#2543,0.500000000000011);
#2058=CYLINDRICAL_SURFACE('',#2544,1.49999999999995);
#2059=CYLINDRICAL_SURFACE('',#2550,0.499999999999976);
#2060=CYLINDRICAL_SURFACE('',#2564,1.5);
#2061=CYLINDRICAL_SURFACE('',#2567,0.500000000000005);
#2062=CYLINDRICAL_SURFACE('',#2568,0.500000000000005);
#2063=CYLINDRICAL_SURFACE('',#2570,1.5);
#2064=CYLINDRICAL_SURFACE('',#2601,3.45);
#2065=CYLINDRICAL_SURFACE('',#2605,1.3375);
#2066=CYLINDRICAL_SURFACE('',#2609,1.5);
#2067=STYLED_ITEM('',(#2375),#2190);
#2068=STYLED_ITEM('',(#2375),#2191);
#2069=STYLED_ITEM('',(#2375),#2192);
#2070=STYLED_ITEM('',(#2375),#2193);
#2071=STYLED_ITEM('',(#2375),#2194);
#2072=STYLED_ITEM('',(#2375),#2195);
#2073=STYLED_ITEM('',(#2375),#2196);
#2074=STYLED_ITEM('',(#2375),#2197);
#2075=STYLED_ITEM('',(#2375),#2198);
#2076=STYLED_ITEM('',(#2375),#2199);
#2077=STYLED_ITEM('',(#2375),#2200);
#2078=STYLED_ITEM('',(#2375),#2201);
#2079=STYLED_ITEM('',(#2375),#2202);
#2080=STYLED_ITEM('',(#2375),#2203);
#2081=STYLED_ITEM('',(#2375),#2204);
#2082=STYLED_ITEM('',(#2375),#2205);
#2083=STYLED_ITEM('',(#2375),#2206);
#2084=STYLED_ITEM('',(#2375),#2207);
#2085=STYLED_ITEM('',(#2375),#2208);
#2086=STYLED_ITEM('',(#2375),#2209);
#2087=STYLED_ITEM('',(#2375),#2210);
#2088=STYLED_ITEM('',(#2375),#2211);
#2089=STYLED_ITEM('',(#2375),#2212);
#2090=STYLED_ITEM('',(#2375),#2213);
#2091=STYLED_ITEM('',(#2375),#2214);
#2092=STYLED_ITEM('',(#2375),#2215);
#2093=STYLED_ITEM('',(#2375),#2216);
#2094=STYLED_ITEM('',(#2375),#2217);
#2095=STYLED_ITEM('',(#2375),#2218);
#2096=STYLED_ITEM('',(#2375),#2219);
#2097=STYLED_ITEM('',(#2375),#116);
#2098=STYLED_ITEM('',(#2375),#2220);
#2099=STYLED_ITEM('',(#2375),#2221);
#2100=STYLED_ITEM('',(#2375),#2222);
#2101=STYLED_ITEM('',(#2375),#2223);
#2102=STYLED_ITEM('',(#2375),#2224);
#2103=STYLED_ITEM('',(#2375),#2225);
#2104=STYLED_ITEM('',(#2375),#2226);
#2105=STYLED_ITEM('',(#2375),#2227);
#2106=STYLED_ITEM('',(#2375),#2228);
#2107=STYLED_ITEM('',(#2375),#2229);
#2108=STYLED_ITEM('',(#2375),#2230);
#2109=STYLED_ITEM('',(#2375),#2231);
#2110=STYLED_ITEM('',(#2375),#2232);
#2111=STYLED_ITEM('',(#2375),#2233);
#2112=STYLED_ITEM('',(#2375),#2234);
#2113=STYLED_ITEM('',(#2375),#2235);
#2114=STYLED_ITEM('',(#2375),#2236);
#2115=STYLED_ITEM('',(#2375),#2237);
#2116=STYLED_ITEM('',(#2375),#2238);
#2117=STYLED_ITEM('',(#2375),#2239);
#2118=STYLED_ITEM('',(#2375),#2240);
#2119=STYLED_ITEM('',(#2375),#2241);
#2120=STYLED_ITEM('',(#2375),#2242);
#2121=STYLED_ITEM('',(#2375),#2243);
#2122=STYLED_ITEM('',(#2375),#2244);
#2123=STYLED_ITEM('',(#2375),#2245);
#2124=STYLED_ITEM('',(#2375),#2246);
#2125=STYLED_ITEM('',(#2375),#2247);
#2126=STYLED_ITEM('',(#2375),#2248);
#2127=STYLED_ITEM('',(#2375),#2249);
#2128=STYLED_ITEM('',(#2375),#2250);
#2129=STYLED_ITEM('',(#2375),#2251);
#2130=STYLED_ITEM('',(#2375),#2252);
#2131=STYLED_ITEM('',(#2375),#2253);
#2132=STYLED_ITEM('',(#2375),#2254);
#2133=STYLED_ITEM('',(#2375),#2255);
#2134=STYLED_ITEM('',(#2375),#2256);
#2135=STYLED_ITEM('',(#2375),#2257);
#2136=STYLED_ITEM('',(#2375),#2258);
#2137=STYLED_ITEM('',(#2375),#2259);
#2138=STYLED_ITEM('',(#2375),#2260);
#2139=STYLED_ITEM('',(#2375),#2261);
#2140=STYLED_ITEM('',(#2375),#2262);
#2141=STYLED_ITEM('',(#2375),#2263);
#2142=STYLED_ITEM('',(#2375),#2264);
#2143=STYLED_ITEM('',(#2375),#2265);
#2144=STYLED_ITEM('',(#2375),#2266);
#2145=STYLED_ITEM('',(#2375),#2267);
#2146=STYLED_ITEM('',(#2375),#2268);
#2147=STYLED_ITEM('',(#2375),#2269);
#2148=STYLED_ITEM('',(#2375),#2270);
#2149=STYLED_ITEM('',(#2375),#2271);
#2150=STYLED_ITEM('',(#2375),#2272);
#2151=STYLED_ITEM('',(#2375),#2273);
#2152=STYLED_ITEM('',(#2375),#2274);
#2153=STYLED_ITEM('',(#2375),#2275);
#2154=STYLED_ITEM('',(#2375),#2276);
#2155=STYLED_ITEM('',(#2375),#2277);
#2156=STYLED_ITEM('',(#2375),#2278);
#2157=STYLED_ITEM('',(#2375),#2279);
#2158=STYLED_ITEM('',(#2375),#2280);
#2159=STYLED_ITEM('',(#2375),#2281);
#2160=STYLED_ITEM('',(#2375),#2282);
#2161=STYLED_ITEM('',(#2375),#2283);
#2162=STYLED_ITEM('',(#2375),#2284);
#2163=STYLED_ITEM('',(#2375),#2285);
#2164=STYLED_ITEM('',(#2375),#2286);
#2165=STYLED_ITEM('',(#2375),#2287);
#2166=STYLED_ITEM('',(#2375),#2288);
#2167=STYLED_ITEM('',(#2375),#2289);
#2168=STYLED_ITEM('',(#2375),#2290);
#2169=STYLED_ITEM('',(#2375),#2291);
#2170=STYLED_ITEM('',(#2375),#2292);
#2171=STYLED_ITEM('',(#2375),#2293);
#2172=STYLED_ITEM('',(#2375),#2294);
#2173=STYLED_ITEM('',(#2375),#2295);
#2174=STYLED_ITEM('',(#2375),#2296);
#2175=STYLED_ITEM('',(#2375),#2297);
#2176=STYLED_ITEM('',(#2375),#2298);
#2177=STYLED_ITEM('',(#2375),#2299);
#2178=STYLED_ITEM('',(#2375),#2300);
#2179=STYLED_ITEM('',(#2375),#2301);
#2180=STYLED_ITEM('',(#2375),#2302);
#2181=STYLED_ITEM('',(#2375),#2303);
#2182=STYLED_ITEM('',(#2375),#2304);
#2183=STYLED_ITEM('',(#2375),#2305);
#2184=STYLED_ITEM('',(#2375),#2306);
#2185=STYLED_ITEM('',(#2375),#2307);
#2186=STYLED_ITEM('',(#2375),#2308);
#2187=STYLED_ITEM('',(#2375),#2309);
#2188=STYLED_ITEM('',(#2375),#117);
#2189=STYLED_ITEM('',(#2377),#118);
#2190=ADVANCED_FACE('',(#220),#2028,.T.);
#2191=ADVANCED_FACE('',(#221),#137,.T.);
#2192=ADVANCED_FACE('',(#222,#119,#120),#138,.T.);
#2193=ADVANCED_FACE('',(#223),#2029,.T.);
#2194=ADVANCED_FACE('',(#224),#139,.T.);
#2195=ADVANCED_FACE('',(#225),#2030,.T.);
#2196=ADVANCED_FACE('',(#226),#140,.T.);
#2197=ADVANCED_FACE('',(#227,#121,#122),#141,.T.);
#2198=ADVANCED_FACE('',(#228),#2031,.T.);
#2199=ADVANCED_FACE('',(#229),#142,.T.);
#2200=ADVANCED_FACE('',(#230),#2032,.F.);
#2201=ADVANCED_FACE('',(#231),#2033,.F.);
#2202=ADVANCED_FACE('',(#232),#2034,.F.);
#2203=ADVANCED_FACE('',(#233),#2035,.F.);
#2204=ADVANCED_FACE('',(#234),#2036,.T.);
#2205=ADVANCED_FACE('',(#235),#143,.T.);
#2206=ADVANCED_FACE('',(#236),#144,.T.);
#2207=ADVANCED_FACE('',(#237),#145,.T.);
#2208=ADVANCED_FACE('',(#238,#123,#124),#146,.F.);
#2209=ADVANCED_FACE('',(#239),#2037,.F.);
#2210=ADVANCED_FACE('',(#240),#2038,.T.);
#2211=ADVANCED_FACE('',(#241),#147,.T.);
#2212=ADVANCED_FACE('',(#242),#148,.T.);
#2213=ADVANCED_FACE('',(#243),#149,.T.);
#2214=ADVANCED_FACE('',(#244,#125,#126),#150,.F.);
#2215=ADVANCED_FACE('',(#245),#2039,.F.);
#2216=ADVANCED_FACE('',(#246),#151,.T.);
#2217=ADVANCED_FACE('',(#247),#152,.F.);
#2218=ADVANCED_FACE('',(#248),#153,.T.);
#2219=ADVANCED_FACE('',(#249),#154,.T.);
#2220=ADVANCED_FACE('',(#250),#2040,.F.);
#2221=ADVANCED_FACE('',(#251),#2041,.F.);
#2222=ADVANCED_FACE('',(#252),#2042,.F.);
#2223=ADVANCED_FACE('',(#253),#2043,.F.);
#2224=ADVANCED_FACE('',(#254),#2044,.T.);
#2225=ADVANCED_FACE('',(#255),#155,.T.);
#2226=ADVANCED_FACE('',(#256),#156,.T.);
#2227=ADVANCED_FACE('',(#257),#38,.T.);
#2228=ADVANCED_FACE('',(#258),#39,.T.);
#2229=ADVANCED_FACE('',(#259),#157,.T.);
#2230=ADVANCED_FACE('',(#260),#158,.T.);
#2231=ADVANCED_FACE('',(#261),#159,.F.);
#2232=ADVANCED_FACE('',(#262),#2045,.F.);
#2233=ADVANCED_FACE('',(#263),#2046,.T.);
#2234=ADVANCED_FACE('',(#264,#127),#160,.T.);
#2235=ADVANCED_FACE('',(#265),#161,.T.);
#2236=ADVANCED_FACE('',(#266),#40,.T.);
#2237=ADVANCED_FACE('',(#267),#41,.T.);
#2238=ADVANCED_FACE('',(#268),#162,.T.);
#2239=ADVANCED_FACE('',(#269),#163,.T.);
#2240=ADVANCED_FACE('',(#270,#128),#164,.F.);
#2241=ADVANCED_FACE('',(#271),#2047,.F.);
#2242=ADVANCED_FACE('',(#272),#2048,.T.);
#2243=ADVANCED_FACE('',(#273),#165,.T.);
#2244=ADVANCED_FACE('',(#274),#166,.T.);
#2245=ADVANCED_FACE('',(#275),#42,.T.);
#2246=ADVANCED_FACE('',(#276),#43,.T.);
#2247=ADVANCED_FACE('',(#277),#167,.T.);
#2248=ADVANCED_FACE('',(#278),#168,.T.);
#2249=ADVANCED_FACE('',(#279),#169,.F.);
#2250=ADVANCED_FACE('',(#280),#2049,.F.);
#2251=ADVANCED_FACE('',(#281),#2050,.T.);
#2252=ADVANCED_FACE('',(#282,#129),#170,.T.);
#2253=ADVANCED_FACE('',(#283),#171,.T.);
#2254=ADVANCED_FACE('',(#284),#44,.T.);
#2255=ADVANCED_FACE('',(#285),#45,.T.);
#2256=ADVANCED_FACE('',(#286),#172,.T.);
#2257=ADVANCED_FACE('',(#287),#173,.T.);
#2258=ADVANCED_FACE('',(#288,#130),#174,.F.);
#2259=ADVANCED_FACE('',(#289),#2051,.F.);
#2260=ADVANCED_FACE('',(#290),#2052,.T.);
#2261=ADVANCED_FACE('',(#291),#175,.T.);
#2262=ADVANCED_FACE('',(#292),#176,.T.);
#2263=ADVANCED_FACE('',(#293),#46,.T.);
#2264=ADVANCED_FACE('',(#294),#47,.T.);
#2265=ADVANCED_FACE('',(#295),#177,.T.);
#2266=ADVANCED_FACE('',(#296),#178,.T.);
#2267=ADVANCED_FACE('',(#297),#179,.F.);
#2268=ADVANCED_FACE('',(#298),#2053,.F.);
#2269=ADVANCED_FACE('',(#299),#2054,.T.);
#2270=ADVANCED_FACE('',(#300,#131),#180,.F.);
#2271=ADVANCED_FACE('',(#301),#181,.T.);
#2272=ADVANCED_FACE('',(#302),#48,.T.);
#2273=ADVANCED_FACE('',(#303),#49,.T.);
#2274=ADVANCED_FACE('',(#304),#182,.T.);
#2275=ADVANCED_FACE('',(#305),#183,.T.);
#2276=ADVANCED_FACE('',(#306,#132),#184,.T.);
#2277=ADVANCED_FACE('',(#307),#2055,.F.);
#2278=ADVANCED_FACE('',(#308),#2056,.T.);
#2279=ADVANCED_FACE('',(#309),#185,.F.);
#2280=ADVANCED_FACE('',(#310),#186,.T.);
#2281=ADVANCED_FACE('',(#311),#50,.T.);
#2282=ADVANCED_FACE('',(#312),#51,.T.);
#2283=ADVANCED_FACE('',(#313),#187,.T.);
#2284=ADVANCED_FACE('',(#314),#188,.T.);
#2285=ADVANCED_FACE('',(#315),#189,.T.);
#2286=ADVANCED_FACE('',(#316),#2057,.F.);
#2287=ADVANCED_FACE('',(#317),#2058,.T.);
#2288=ADVANCED_FACE('',(#318,#133),#190,.F.);
#2289=ADVANCED_FACE('',(#319),#191,.T.);
#2290=ADVANCED_FACE('',(#320),#52,.T.);
#2291=ADVANCED_FACE('',(#321),#53,.T.);
#2292=ADVANCED_FACE('',(#322),#192,.T.);
#2293=ADVANCED_FACE('',(#323),#193,.T.);
#2294=ADVANCED_FACE('',(#324,#134),#194,.T.);
#2295=ADVANCED_FACE('',(#325),#2059,.F.);
#2296=ADVANCED_FACE('',(#326),#195,.F.);
#2297=ADVANCED_FACE('',(#327),#196,.F.);
#2298=ADVANCED_FACE('',(#328),#197,.F.);
#2299=ADVANCED_FACE('',(#329),#198,.F.);
#2300=ADVANCED_FACE('',(#330),#199,.F.);
#2301=ADVANCED_FACE('',(#331),#2060,.T.);
#2302=ADVANCED_FACE('',(#332),#200,.T.);
#2303=ADVANCED_FACE('',(#333),#201,.T.);
#2304=ADVANCED_FACE('',(#334),#2061,.F.);
#2305=ADVANCED_FACE('',(#335),#2062,.F.);
#2306=ADVANCED_FACE('',(#336),#202,.T.);
#2307=ADVANCED_FACE('',(#337),#2063,.T.);
#2308=ADVANCED_FACE('',(#338),#203,.F.);
#2309=ADVANCED_FACE('',(#339),#204,.F.);
#2310=ADVANCED_FACE('',(#340),#54,.T.);
#2311=ADVANCED_FACE('',(#341),#205,.F.);
#2312=ADVANCED_FACE('',(#342,#135),#37,.T.);
#2313=ADVANCED_FACE('',(#343),#55,.T.);
#2314=ADVANCED_FACE('',(#344),#206,.F.);
#2315=ADVANCED_FACE('',(#345),#56,.T.);
#2316=ADVANCED_FACE('',(#346),#207,.T.);
#2317=ADVANCED_FACE('',(#347),#57,.T.);
#2318=ADVANCED_FACE('',(#348),#208,.T.);
#2319=ADVANCED_FACE('',(#349),#209,.T.);
#2320=ADVANCED_FACE('',(#350),#210,.F.);
#2321=ADVANCED_FACE('',(#351),#211,.F.);
#2322=ADVANCED_FACE('',(#352),#212,.F.);
#2323=ADVANCED_FACE('',(#353),#213,.T.);
#2324=ADVANCED_FACE('',(#354),#214,.F.);
#2325=ADVANCED_FACE('',(#355),#215,.T.);
#2326=ADVANCED_FACE('',(#356),#216,.F.);
#2327=ADVANCED_FACE('',(#357),#217,.F.);
#2328=ADVANCED_FACE('',(#358),#2064,.T.);
#2329=ADVANCED_FACE('',(#359,#136),#218,.T.);
#2330=ADVANCED_FACE('',(#360),#2065,.T.);
#2331=ADVANCED_FACE('',(#361),#35,.T.);
#2332=ADVANCED_FACE('',(#362),#2066,.T.);
#2333=ADVANCED_FACE('',(#363),#36,.T.);
#2334=ADVANCED_FACE('',(#364),#219,.T.);
#2335=CLOSED_SHELL('',(#2190,#2191,#2192,#2193,#2194,#2195,#2196,#2197,
#2198,#2199,#2200,#2201,#2202,#2203,#2204,#2205,#2206,#2207,#2208,#2209,
#2210,#2211,#2212,#2213,#2214,#2215,#2216,#2217,#2218,#2219));
#2336=CLOSED_SHELL('',(#2220,#2221,#2222,#2223,#2224,#2225,#2226,#2227,
#2228,#2229,#2230,#2231,#2232,#2233,#2234,#2235,#2236,#2237,#2238,#2239,
#2240,#2241,#2242,#2243,#2244,#2245,#2246,#2247,#2248,#2249,#2250,#2251,
#2252,#2253,#2254,#2255,#2256,#2257,#2258,#2259,#2260,#2261,#2262,#2263,
#2264,#2265,#2266,#2267,#2268,#2269,#2270,#2271,#2272,#2273,#2274,#2275,
#2276,#2277,#2278,#2279,#2280,#2281,#2282,#2283,#2284,#2285,#2286,#2287,
#2288,#2289,#2290,#2291,#2292,#2293,#2294,#2295,#2296,#2297,#2298,#2299,
#2300,#2301,#2302,#2303,#2304,#2305,#2306,#2307,#2308,#2309));
#2337=CLOSED_SHELL('',(#2310,#2311,#2312,#2313,#2314,#2315,#2316,#2317,
#2318,#2319,#2320,#2321,#2322,#2323,#2324,#2325,#2326,#2327,#2328,#2329,
#2330,#2331,#2332,#2333,#2334));
#2338=DERIVED_UNIT_ELEMENT(#2345,1.);
#2339=DERIVED_UNIT_ELEMENT(#4927,-3.);
#2340=DERIVED_UNIT_ELEMENT(#2345,1.);
#2341=DERIVED_UNIT_ELEMENT(#4927,-3.);
#2342=DERIVED_UNIT_ELEMENT(#2345,1.);
#2343=DERIVED_UNIT_ELEMENT(#4927,-3.);
#2344=DIMENSIONAL_EXPONENTS(1.,0.,0.,0.,0.,0.,0.);
#2345=(
CONVERSION_BASED_UNIT('gram',#2347)
MASS_UNIT()
NAMED_UNIT(#2344)
);
#2346=(
MASS_UNIT()
NAMED_UNIT(*)
SI_UNIT(.KILO.,.GRAM.)
);
#2347=MASS_MEASURE_WITH_UNIT(MASS_MEASURE(0.001),#2346);
#2348=DERIVED_UNIT((#2338,#2339));
#2349=DERIVED_UNIT((#2340,#2341));
#2350=DERIVED_UNIT((#2342,#2343));
#2351=MEASURE_REPRESENTATION_ITEM('density measure',
POSITIVE_RATIO_MEASURE(2.7),#2348);
#2352=MEASURE_REPRESENTATION_ITEM('density measure',
POSITIVE_RATIO_MEASURE(2.7),#2349);
#2353=MEASURE_REPRESENTATION_ITEM('density measure',
POSITIVE_RATIO_MEASURE(8.),#2350);
#2354=PROPERTY_DEFINITION_REPRESENTATION(#2369,#2360);
#2355=PROPERTY_DEFINITION_REPRESENTATION(#2370,#2361);
#2356=PROPERTY_DEFINITION_REPRESENTATION(#2371,#2362);
#2357=PROPERTY_DEFINITION_REPRESENTATION(#2372,#2363);
#2358=PROPERTY_DEFINITION_REPRESENTATION(#2373,#2364);
#2359=PROPERTY_DEFINITION_REPRESENTATION(#2374,#2365);
#2360=REPRESENTATION('material name',(#2366),#4922);
#2361=REPRESENTATION('density',(#2351),#4922);
#2362=REPRESENTATION('material name',(#2367),#4923);
#2363=REPRESENTATION('density',(#2352),#4923);
#2364=REPRESENTATION('material name',(#2368),#4924);
#2365=REPRESENTATION('density',(#2353),#4924);
#2366=DESCRIPTIVE_REPRESENTATION_ITEM('\X2\30A230EB30DF30CB30A630E0\X0\ 
6061','\X2\30A230EB30DF30CB30A630E0\X0\ 6061');
#2367=DESCRIPTIVE_REPRESENTATION_ITEM('\X2\30A230EB30DF30CB30A630E0\X0\ 
6061','\X2\30A230EB30DF30CB30A630E0\X0\ 6061');
#2368=DESCRIPTIVE_REPRESENTATION_ITEM('\X2\30B930C630F330EC30B992FC\X0\',
'\X2\30B930C630F330EC30B992FC\X0\');
#2369=PROPERTY_DEFINITION('material property','material name',#4950);
#2370=PROPERTY_DEFINITION('material property','density of part',#4950);
#2371=PROPERTY_DEFINITION('material property','material name',#4951);
#2372=PROPERTY_DEFINITION('material property','density of part',#4951);
#2373=PROPERTY_DEFINITION('material property','material name',#4952);
#2374=PROPERTY_DEFINITION('material property','density of part',#4952);
#2375=PRESENTATION_STYLE_ASSIGNMENT((#2378));
#2376=PRESENTATION_STYLE_ASSIGNMENT((#2379));
#2377=PRESENTATION_STYLE_ASSIGNMENT((#2380));
#2378=SURFACE_STYLE_USAGE(.BOTH.,#2387);
#2379=SURFACE_STYLE_USAGE(.BOTH.,#2388);
#2380=SURFACE_STYLE_USAGE(.BOTH.,#2389);
#2381=SURFACE_STYLE_RENDERING_WITH_PROPERTIES($,#2399,(#2384));
#2382=SURFACE_STYLE_RENDERING_WITH_PROPERTIES($,#2400,(#2385));
#2383=SURFACE_STYLE_RENDERING_WITH_PROPERTIES($,#2401,(#2386));
#2384=SURFACE_STYLE_TRANSPARENT(0.);
#2385=SURFACE_STYLE_TRANSPARENT(0.);
#2386=SURFACE_STYLE_TRANSPARENT(0.);
#2387=SURFACE_SIDE_STYLE('',(#2390,#2381));
#2388=SURFACE_SIDE_STYLE('',(#2391,#2382));
#2389=SURFACE_SIDE_STYLE('',(#2392,#2383));
#2390=SURFACE_STYLE_FILL_AREA(#2393);
#2391=SURFACE_STYLE_FILL_AREA(#2394);
#2392=SURFACE_STYLE_FILL_AREA(#2395);
#2393=FILL_AREA_STYLE('',(#2396));
#2394=FILL_AREA_STYLE('',(#2397));
#2395=FILL_AREA_STYLE('',(#2398));
#2396=FILL_AREA_STYLE_COLOUR('',#2399);
#2397=FILL_AREA_STYLE_COLOUR('',#2400);
#2398=FILL_AREA_STYLE_COLOUR('',#2401);
#2399=COLOUR_RGB('',0.996078431372549,0.996078431372549,1.);
#2400=COLOUR_RGB('',0.745098039215686,0.737254901960784,0.729411764705882);
#2401=COLOUR_RGB('',0.749019607843137,0.749019607843137,0.749019607843137);
#2402=DATE_TIME_ROLE('creation_date');
#2403=DATE_TIME_ROLE('creation_date');
#2404=DATE_TIME_ROLE('creation_date');
#2405=DATE_TIME_ROLE('creation_date');
#2406=CC_DESIGN_DATE_AND_TIME_ASSIGNMENT(#2410,#2402,(#4949));
#2407=CC_DESIGN_DATE_AND_TIME_ASSIGNMENT(#2411,#2403,(#4950));
#2408=CC_DESIGN_DATE_AND_TIME_ASSIGNMENT(#2412,#2404,(#4951));
#2409=CC_DESIGN_DATE_AND_TIME_ASSIGNMENT(#2413,#2405,(#4952));
#2410=DATE_AND_TIME(#2414,#2418);
#2411=DATE_AND_TIME(#2415,#2419);
#2412=DATE_AND_TIME(#2416,#2420);
#2413=DATE_AND_TIME(#2417,#2421);
#2414=CALENDAR_DATE(2018,5,12);
#2415=CALENDAR_DATE(2018,19,10);
#2416=CALENDAR_DATE(2018,19,10);
#2417=CALENDAR_DATE(2018,22,10);
#2418=LOCAL_TIME(0,0,0.,#2422);
#2419=LOCAL_TIME(0,0,0.,#2423);
#2420=LOCAL_TIME(0,0,0.,#2424);
#2421=LOCAL_TIME(0,0,0.,#2425);
#2422=COORDINATED_UNIVERSAL_TIME_OFFSET(0,0,.BEHIND.);
#2423=COORDINATED_UNIVERSAL_TIME_OFFSET(0,0,.BEHIND.);
#2424=COORDINATED_UNIVERSAL_TIME_OFFSET(0,0,.BEHIND.);
#2425=COORDINATED_UNIVERSAL_TIME_OFFSET(0,0,.BEHIND.);
#2426=AXIS2_PLACEMENT_3D('placement',#3197,#2620,#2621);
#2427=AXIS2_PLACEMENT_3D('placement',#3198,#2622,#2623);
#2428=AXIS2_PLACEMENT_3D('',#3199,#2624,#2625);
#2429=AXIS2_PLACEMENT_3D('',#3202,#2626,#2627);
#2430=AXIS2_PLACEMENT_3D('',#3206,#2629,#2630);
#2431=AXIS2_PLACEMENT_3D('',#3208,#2632,#2633);
#2432=AXIS2_PLACEMENT_3D('',#3214,#2637,#2638);
#2433=AXIS2_PLACEMENT_3D('',#3218,#2640,#2641);
#2434=AXIS2_PLACEMENT_3D('',#3223,#2644,#2645);
#2435=AXIS2_PLACEMENT_3D('',#3225,#2646,#2647);
#2436=AXIS2_PLACEMENT_3D('',#3226,#2648,#2649);
#2437=AXIS2_PLACEMENT_3D('',#3229,#2650,#2651);
#2438=AXIS2_PLACEMENT_3D('',#3232,#2654,#2655);
#2439=AXIS2_PLACEMENT_3D('',#3236,#2658,#2659);
#2440=AXIS2_PLACEMENT_3D('',#3239,#2660,#2661);
#2441=AXIS2_PLACEMENT_3D('',#3243,#2663,#2664);
#2442=AXIS2_PLACEMENT_3D('',#3245,#2666,#2667);
#2443=AXIS2_PLACEMENT_3D('',#3251,#2671,#2672);
#2444=AXIS2_PLACEMENT_3D('',#3255,#2674,#2675);
#2445=AXIS2_PLACEMENT_3D('',#3260,#2678,#2679);
#2446=AXIS2_PLACEMENT_3D('',#3262,#2680,#2681);
#2447=AXIS2_PLACEMENT_3D('',#3263,#2682,#2683);
#2448=AXIS2_PLACEMENT_3D('',#3266,#2684,#2685);
#2449=AXIS2_PLACEMENT_3D('',#3269,#2688,#2689);
#2450=AXIS2_PLACEMENT_3D('',#3273,#2692,#2693);
#2451=AXIS2_PLACEMENT_3D('',#3276,#2695,#2696);
#2452=AXIS2_PLACEMENT_3D('',#3277,#2697,#2698);
#2453=AXIS2_PLACEMENT_3D('',#3279,#2699,#2700);
#2454=AXIS2_PLACEMENT_3D('',#3281,#2702,#2703);
#2455=AXIS2_PLACEMENT_3D('',#3284,#2705,#2706);
#2456=AXIS2_PLACEMENT_3D('',#3285,#2707,#2708);
#2457=AXIS2_PLACEMENT_3D('',#3287,#2709,#2710);
#2458=AXIS2_PLACEMENT_3D('',#3289,#2712,#2713);
#2459=AXIS2_PLACEMENT_3D('',#3292,#2715,#2716);
#2460=AXIS2_PLACEMENT_3D('',#3295,#2718,#2719);
#2461=AXIS2_PLACEMENT_3D('',#3296,#2720,#2721);
#2462=AXIS2_PLACEMENT_3D('',#3298,#2722,#2723);
#2463=AXIS2_PLACEMENT_3D('',#3300,#2725,#2726);
#2464=AXIS2_PLACEMENT_3D('',#3303,#2728,#2729);
#2465=AXIS2_PLACEMENT_3D('',#3304,#2730,#2731);
#2466=AXIS2_PLACEMENT_3D('',#3306,#2733,#2734);
#2467=AXIS2_PLACEMENT_3D('',#3307,#2735,#2736);
#2468=AXIS2_PLACEMENT_3D('',#3309,#2738,#2739);
#2469=AXIS2_PLACEMENT_3D('',#3312,#2741,#2742);
#2470=AXIS2_PLACEMENT_3D('',#3315,#2744,#2745);
#2471=AXIS2_PLACEMENT_3D('',#3316,#2746,#2747);
#2472=AXIS2_PLACEMENT_3D('',#3318,#2748,#2749);
#2473=AXIS2_PLACEMENT_3D('',#3320,#2751,#2752);
#2474=AXIS2_PLACEMENT_3D('',#3323,#2754,#2755);
#2475=AXIS2_PLACEMENT_3D('',#3324,#2756,#2757);
#2476=AXIS2_PLACEMENT_3D('',#3326,#2759,#2760);
#2477=AXIS2_PLACEMENT_3D('',#3327,#2761,#2762);
#2478=AXIS2_PLACEMENT_3D('',#3329,#2764,#2765);
#2479=AXIS2_PLACEMENT_3D('',#3332,#2768,#2769);
#2480=AXIS2_PLACEMENT_3D('',#3334,#2771,#2772);
#2481=AXIS2_PLACEMENT_3D('',#3336,#2774,#2775);
#2482=AXIS2_PLACEMENT_3D('placement',#3337,#2776,#2777);
#2483=AXIS2_PLACEMENT_3D('',#3338,#2778,#2779);
#2484=AXIS2_PLACEMENT_3D('',#3340,#2780,#2781);
#2485=AXIS2_PLACEMENT_3D('',#3343,#2783,#2784);
#2486=AXIS2_PLACEMENT_3D('',#3344,#2785,#2786);
#2487=AXIS2_PLACEMENT_3D('',#3346,#2787,#2788);
#2488=AXIS2_PLACEMENT_3D('',#3349,#2790,#2791);
#2489=AXIS2_PLACEMENT_3D('',#3350,#2792,#2793);
#2490=AXIS2_PLACEMENT_3D('',#3352,#2794,#2795);
#2491=AXIS2_PLACEMENT_3D('',#3355,#2797,#2798);
#2492=AXIS2_PLACEMENT_3D('',#3356,#2799,#2800);
#2493=AXIS2_PLACEMENT_3D('',#3358,#2801,#2802);
#2494=AXIS2_PLACEMENT_3D('',#3361,#2804,#2805);
#2495=AXIS2_PLACEMENT_3D('',#3362,#2806,#2807);
#2496=AXIS2_PLACEMENT_3D('',#3383,#2810,#2811);
#2497=AXIS2_PLACEMENT_3D('',#3392,#2816,#2817);
#2498=AXIS2_PLACEMENT_3D('',#3462,#2822,#2823);
#2499=AXIS2_PLACEMENT_3D('',#3466,#2826,#2827);
#2500=AXIS2_PLACEMENT_3D('',#3468,#2829,#2830);
#2501=AXIS2_PLACEMENT_3D('',#3469,#2831,#2832);
#2502=AXIS2_PLACEMENT_3D('',#3471,#2834,#2835);
#2503=AXIS2_PLACEMENT_3D('',#3492,#2838,#2839);
#2504=AXIS2_PLACEMENT_3D('',#3501,#2844,#2845);
#2505=AXIS2_PLACEMENT_3D('',#3568,#2851,#2852);
#2506=AXIS2_PLACEMENT_3D('',#3572,#2855,#2856);
#2507=AXIS2_PLACEMENT_3D('',#3574,#2858,#2859);
#2508=AXIS2_PLACEMENT_3D('',#3575,#2860,#2861);
#2509=AXIS2_PLACEMENT_3D('',#3577,#2863,#2864);
#2510=AXIS2_PLACEMENT_3D('',#3597,#2867,#2868);
#2511=AXIS2_PLACEMENT_3D('',#3606,#2873,#2874);
#2512=AXIS2_PLACEMENT_3D('',#3668,#2880,#2881);
#2513=AXIS2_PLACEMENT_3D('',#3672,#2884,#2885);
#2514=AXIS2_PLACEMENT_3D('',#3674,#2887,#2888);
#2515=AXIS2_PLACEMENT_3D('',#3675,#2889,#2890);
#2516=AXIS2_PLACEMENT_3D('',#3677,#2892,#2893);
#2517=AXIS2_PLACEMENT_3D('',#3697,#2896,#2897);
#2518=AXIS2_PLACEMENT_3D('',#3706,#2902,#2903);
#2519=AXIS2_PLACEMENT_3D('',#3771,#2908,#2909);
#2520=AXIS2_PLACEMENT_3D('',#3775,#2912,#2913);
#2521=AXIS2_PLACEMENT_3D('',#3777,#2915,#2916);
#2522=AXIS2_PLACEMENT_3D('',#3778,#2917,#2918);
#2523=AXIS2_PLACEMENT_3D('',#3780,#2920,#2921);
#2524=AXIS2_PLACEMENT_3D('',#3801,#2924,#2925);
#2525=AXIS2_PLACEMENT_3D('',#3810,#2930,#2931);
#2526=AXIS2_PLACEMENT_3D('',#3880,#2936,#2937);
#2527=AXIS2_PLACEMENT_3D('',#3884,#2940,#2941);
#2528=AXIS2_PLACEMENT_3D('',#3886,#2943,#2944);
#2529=AXIS2_PLACEMENT_3D('',#3887,#2945,#2946);
#2530=AXIS2_PLACEMENT_3D('',#3889,#2948,#2949);
#2531=AXIS2_PLACEMENT_3D('',#3910,#2952,#2953);
#2532=AXIS2_PLACEMENT_3D('',#3919,#2958,#2959);
#2533=AXIS2_PLACEMENT_3D('',#3986,#2965,#2966);
#2534=AXIS2_PLACEMENT_3D('',#3990,#2969,#2970);
#2535=AXIS2_PLACEMENT_3D('',#3992,#2972,#2973);
#2536=AXIS2_PLACEMENT_3D('',#3993,#2974,#2975);
#2537=AXIS2_PLACEMENT_3D('',#3995,#2977,#2978);
#2538=AXIS2_PLACEMENT_3D('',#4015,#2981,#2982);
#2539=AXIS2_PLACEMENT_3D('',#4024,#2987,#2988);
#2540=AXIS2_PLACEMENT_3D('',#4086,#2994,#2995);
#2541=AXIS2_PLACEMENT_3D('',#4090,#2998,#2999);
#2542=AXIS2_PLACEMENT_3D('',#4092,#3001,#3002);
#2543=AXIS2_PLACEMENT_3D('',#4093,#3003,#3004);
#2544=AXIS2_PLACEMENT_3D('',#4095,#3006,#3007);
#2545=AXIS2_PLACEMENT_3D('',#4115,#3010,#3011);
#2546=AXIS2_PLACEMENT_3D('',#4124,#3016,#3017);
#2547=AXIS2_PLACEMENT_3D('',#4189,#3022,#3023);
#2548=AXIS2_PLACEMENT_3D('',#4193,#3026,#3027);
#2549=AXIS2_PLACEMENT_3D('',#4195,#3029,#3030);
#2550=AXIS2_PLACEMENT_3D('',#4196,#3031,#3032);
#2551=AXIS2_PLACEMENT_3D('',#4198,#3034,#3035);
#2552=AXIS2_PLACEMENT_3D('',#4199,#3036,#3037);
#2553=AXIS2_PLACEMENT_3D('',#4200,#3038,#3039);
#2554=AXIS2_PLACEMENT_3D('',#4201,#3040,#3041);
#2555=AXIS2_PLACEMENT_3D('',#4202,#3042,#3043);
#2556=AXIS2_PLACEMENT_3D('',#4203,#3044,#3045);
#2557=AXIS2_PLACEMENT_3D('',#4204,#3046,#3047);
#2558=AXIS2_PLACEMENT_3D('',#4205,#3048,#3049);
#2559=AXIS2_PLACEMENT_3D('',#4206,#3050,#3051);
#2560=AXIS2_PLACEMENT_3D('',#4207,#3052,#3053);
#2561=AXIS2_PLACEMENT_3D('',#4208,#3054,#3055);
#2562=AXIS2_PLACEMENT_3D('',#4209,#3056,#3057);
#2563=AXIS2_PLACEMENT_3D('',#4210,#3058,#3059);
#2564=AXIS2_PLACEMENT_3D('',#4212,#3061,#3062);
#2565=AXIS2_PLACEMENT_3D('',#4214,#3064,#3065);
#2566=AXIS2_PLACEMENT_3D('',#4217,#3068,#3069);
#2567=AXIS2_PLACEMENT_3D('',#4219,#3071,#3072);
#2568=AXIS2_PLACEMENT_3D('',#4220,#3073,#3074);
#2569=AXIS2_PLACEMENT_3D('',#4222,#3076,#3077);
#2570=AXIS2_PLACEMENT_3D('',#4223,#3078,#3079);
#2571=AXIS2_PLACEMENT_3D('',#4226,#3082,#3083);
#2572=AXIS2_PLACEMENT_3D('',#4227,#3084,#3085);
#2573=AXIS2_PLACEMENT_3D('placement',#4228,#3086,#3087);
#2574=AXIS2_PLACEMENT_3D('',#4385,#3088,#3089);
#2575=AXIS2_PLACEMENT_3D('',#4387,#3090,#3091);
#2576=AXIS2_PLACEMENT_3D('',#4389,#3093,#3094);
#2577=AXIS2_PLACEMENT_3D('',#4391,#3095,#3096);
#2578=AXIS2_PLACEMENT_3D('',#4393,#3097,#3098);
#2579=AXIS2_PLACEMENT_3D('',#4395,#3099,#3100);
#2580=AXIS2_PLACEMENT_3D('',#4397,#3101,#3102);
#2581=AXIS2_PLACEMENT_3D('',#4414,#3103,#3104);
#2582=AXIS2_PLACEMENT_3D('',#4416,#3105,#3106);
#2583=AXIS2_PLACEMENT_3D('',#4418,#3107,#3108);
#2584=AXIS2_PLACEMENT_3D('',#4435,#3109,#3110);
#2585=AXIS2_PLACEMENT_3D('',#4437,#3111,#3112);
#2586=AXIS2_PLACEMENT_3D('',#4439,#3113,#3114);
#2587=AXIS2_PLACEMENT_3D('',#4456,#3115,#3116);
#2588=AXIS2_PLACEMENT_3D('',#4457,#3117,#3118);
#2589=AXIS2_PLACEMENT_3D('',#4583,#3119,#3120);
#2590=AXIS2_PLACEMENT_3D('',#4725,#3122,#3123);
#2591=AXIS2_PLACEMENT_3D('',#4867,#3125,#3126);
#2592=AXIS2_PLACEMENT_3D('',#4869,#3128,#3129);
#2593=AXIS2_PLACEMENT_3D('',#4871,#3131,#3132);
#2594=AXIS2_PLACEMENT_3D('',#4873,#3134,#3135);
#2595=AXIS2_PLACEMENT_3D('',#4875,#3137,#3138);
#2596=AXIS2_PLACEMENT_3D('',#4877,#3140,#3141);
#2597=AXIS2_PLACEMENT_3D('',#4879,#3143,#3144);
#2598=AXIS2_PLACEMENT_3D('',#4881,#3146,#3147);
#2599=AXIS2_PLACEMENT_3D('',#4883,#3149,#3150);
#2600=AXIS2_PLACEMENT_3D('',#4885,#3152,#3153);
#2601=AXIS2_PLACEMENT_3D('',#4886,#3154,#3155);
#2602=AXIS2_PLACEMENT_3D('',#4888,#3156,#3157);
#2603=AXIS2_PLACEMENT_3D('',#4890,#3159,#3160);
#2604=AXIS2_PLACEMENT_3D('',#4892,#3161,#3162);
#2605=AXIS2_PLACEMENT_3D('',#4893,#3163,#3164);
#2606=AXIS2_PLACEMENT_3D('',#4895,#3165,#3166);
#2607=AXIS2_PLACEMENT_3D('',#4897,#3168,#3169);
#2608=AXIS2_PLACEMENT_3D('',#4899,#3170,#3171);
#2609=AXIS2_PLACEMENT_3D('',#4901,#3173,#3174);
#2610=AXIS2_PLACEMENT_3D('',#4903,#3175,#3176);
#2611=AXIS2_PLACEMENT_3D('',#4905,#3178,#3179);
#2612=AXIS2_PLACEMENT_3D('',#4908,#3181,#3182);
#2613=AXIS2_PLACEMENT_3D('',#4909,#3183,#3184);
#2614=AXIS2_PLACEMENT_3D('',#4910,#3185,#3186);
#2615=AXIS2_PLACEMENT_3D('',#4911,#3187,#3188);
#2616=AXIS2_PLACEMENT_3D('',#4912,#3189,#3190);
#2617=AXIS2_PLACEMENT_3D('',#4913,#3191,#3192);
#2618=AXIS2_PLACEMENT_3D('',#4914,#3193,#3194);
#2619=AXIS2_PLACEMENT_3D('',#4915,#3195,#3196);
#2620=DIRECTION('axis',(0.,0.,1.));
#2621=DIRECTION('refdir',(1.,0.,0.));
#2622=DIRECTION('axis',(0.,0.,1.));
#2623=DIRECTION('refdir',(1.,0.,0.));
#2624=DIRECTION('center_axis',(-1.,-2.03012210217171E-16,8.82055185704388E-15));
#2625=DIRECTION('ref_axis',(6.28036983473512E-15,0.707106781186548,0.707106781186548));
#2626=DIRECTION('center_axis',(1.,2.03283326950902E-16,-8.80561774349459E-15));
#2627=DIRECTION('ref_axis',(6.28036983473512E-15,0.707106781186548,0.707106781186548));
#2628=DIRECTION('',(1.,2.03012210217171E-16,-8.82055185704388E-15));
#2629=DIRECTION('center_axis',(-1.,-2.02741093483441E-16,8.80561774349459E-15));
#2630=DIRECTION('ref_axis',(6.28036983473512E-15,0.707106781186548,0.707106781186548));
#2631=DIRECTION('',(-1.,-2.03012210217171E-16,8.82055185704388E-15));
#2632=DIRECTION('center_axis',(-2.03012210217171E-16,1.,-2.46519032881566E-32));
#2633=DIRECTION('ref_axis',(1.,2.03012210217171E-16,-8.82055185704388E-15));
#2634=DIRECTION('',(-8.88178419700125E-15,2.0301221021717E-16,-1.));
#2635=DIRECTION('',(-1.,-2.03012210217171E-16,8.82055185704388E-15));
#2636=DIRECTION('',(8.82055185704388E-15,1.82424084332359E-30,1.));
#2637=DIRECTION('center_axis',(1.,2.02741093483441E-16,-8.80561774349459E-15));
#2638=DIRECTION('ref_axis',(-8.80561774349459E-15,-2.03012210217173E-16,
-1.));
#2639=DIRECTION('',(2.0301221021717E-16,-1.,-2.03012210217171E-16));
#2640=DIRECTION('center_axis',(-1.,-2.02741093483441E-16,8.80561774349459E-15));
#2641=DIRECTION('ref_axis',(6.28036983473507E-15,-0.707106781186554,0.707106781186541));
#2642=DIRECTION('',(-8.88178419700125E-15,2.0301221021717E-16,-1.));
#2643=DIRECTION('',(-2.02741093483441E-16,1.,-2.39139920917959E-33));
#2644=DIRECTION('center_axis',(-1.,-2.02741093483441E-16,8.80561774349459E-15));
#2645=DIRECTION('ref_axis',(8.83165008287401E-15,-2.03012210217171E-16,
-1.));
#2646=DIRECTION('center_axis',(-1.,-2.02741093483441E-16,8.80561774349459E-15));
#2647=DIRECTION('ref_axis',(8.83165008287401E-15,-2.03012210217171E-16,
-1.));
#2648=DIRECTION('center_axis',(-1.,-2.03012210217171E-16,8.82055185704388E-15));
#2649=DIRECTION('ref_axis',(6.28036983473507E-15,-0.707106781186554,0.707106781186541));
#2650=DIRECTION('center_axis',(1.,2.03283326950902E-16,-8.80561774349459E-15));
#2651=DIRECTION('ref_axis',(6.28036983473507E-15,-0.707106781186554,0.707106781186541));
#2652=DIRECTION('',(1.,2.03012210217171E-16,-8.82055185704388E-15));
#2653=DIRECTION('',(-1.,-2.03012210217171E-16,8.82055185704388E-15));
#2654=DIRECTION('center_axis',(2.0301221021717E-16,-1.,-2.03012210217171E-16));
#2655=DIRECTION('ref_axis',(-1.,-2.03012210217171E-16,8.82055185704388E-15));
#2656=DIRECTION('',(-8.88178419700125E-15,2.0301221021717E-16,-1.));
#2657=DIRECTION('',(1.,2.03012210217171E-16,-8.82055185704388E-15));
#2658=DIRECTION('center_axis',(1.,5.07530525542929E-17,8.82055185704388E-15));
#2659=DIRECTION('ref_axis',(-6.2803698347351E-15,-0.707106781186544,0.707106781186551));
#2660=DIRECTION('center_axis',(-1.,1.25594826900514E-17,-8.83165008287401E-15));
#2661=DIRECTION('ref_axis',(-6.2803698347351E-15,-0.707106781186544,0.707106781186551));
#2662=DIRECTION('',(-1.,-5.07530525542929E-17,-8.82055185704388E-15));
#2663=DIRECTION('center_axis',(1.,-1.43556310510139E-17,8.83713675694671E-15));
#2664=DIRECTION('ref_axis',(-6.2803698347351E-15,-0.707106781186544,0.707106781186551));
#2665=DIRECTION('',(1.,5.07530525542929E-17,8.82055185704388E-15));
#2666=DIRECTION('center_axis',(5.07530525542929E-17,-1.,-1.23259516440783E-32));
#2667=DIRECTION('ref_axis',(1.,5.07530525542929E-17,8.82055185704388E-15));
#2668=DIRECTION('',(2.08841952740299E-14,-2.0301221021717E-16,-1.));
#2669=DIRECTION('',(1.,5.07530525542929E-17,8.82055185704388E-15));
#2670=DIRECTION('',(-8.70003918137223E-15,-4.56106800491114E-31,1.));
#2671=DIRECTION('center_axis',(-1.,1.43556310510139E-17,-8.83713675694671E-15));
#2672=DIRECTION('ref_axis',(-8.83713675694671E-15,-5.07530525542933E-17,
1.));
#2673=DIRECTION('',(1.34352872920454E-30,1.,-1.52259157662878E-16));
#2674=DIRECTION('center_axis',(1.,-1.43556310510139E-17,8.83713675694671E-15));
#2675=DIRECTION('ref_axis',(-6.28036983473507E-15,0.707106781186554,0.707106781186541));
#2676=DIRECTION('',(8.88178419700125E-15,-2.03012210217171E-16,-1.));
#2677=DIRECTION('',(-1.43556310510139E-17,-1.,-5.74294520084472E-31));
#2678=DIRECTION('center_axis',(1.,-1.43556310510139E-17,8.83713675694671E-15));
#2679=DIRECTION('ref_axis',(8.83165008287401E-15,-2.03012210217171E-16,
-1.));
#2680=DIRECTION('center_axis',(1.,-1.43556310510139E-17,8.83713675694671E-15));
#2681=DIRECTION('ref_axis',(8.83165008287401E-15,-2.03012210217171E-16,
-1.));
#2682=DIRECTION('center_axis',(1.,5.07530525542929E-17,8.82055185704388E-15));
#2683=DIRECTION('ref_axis',(-6.28036983473507E-15,0.707106781186554,0.707106781186541));
#2684=DIRECTION('center_axis',(-1.,1.25594826900514E-17,-8.83165008287401E-15));
#2685=DIRECTION('ref_axis',(-6.28036983473507E-15,0.707106781186554,0.707106781186541));
#2686=DIRECTION('',(-1.,-5.07530525542929E-17,-8.82055185704388E-15));
#2687=DIRECTION('',(1.,5.07530525542929E-17,8.82055185704388E-15));
#2688=DIRECTION('center_axis',(-5.07530525542911E-17,1.,-2.03012210217171E-16));
#2689=DIRECTION('ref_axis',(-1.,-5.07530525542929E-17,-8.82055185704388E-15));
#2690=DIRECTION('',(8.88178419700125E-15,-2.03012210217171E-16,-1.));
#2691=DIRECTION('',(-1.,-5.07530525542929E-17,-8.82055185704388E-15));
#2692=DIRECTION('center_axis',(1.,-1.25594826900514E-17,8.83165008287401E-15));
#2693=DIRECTION('ref_axis',(8.83165008287401E-15,-2.03012210217171E-16,
-1.));
#2694=DIRECTION('',(-1.,1.25594826900514E-17,-8.83165008287401E-15));
#2695=DIRECTION('center_axis',(1.,2.03283326950902E-16,-8.80561774349459E-15));
#2696=DIRECTION('ref_axis',(8.83165008287401E-15,-2.03012210217171E-16,
-1.));
#2697=DIRECTION('center_axis',(1.,-1.25594826900514E-17,8.83165008287401E-15));
#2698=DIRECTION('ref_axis',(8.83165008287401E-15,-2.03012210217171E-16,
-1.));
#2699=DIRECTION('center_axis',(-1.,1.25594826900514E-17,-8.83165008287401E-15));
#2700=DIRECTION('ref_axis',(8.83165008287401E-15,-2.03012210217171E-16,
-1.));
#2701=DIRECTION('',(-1.,1.25594826900514E-17,-8.83165008287401E-15));
#2702=DIRECTION('center_axis',(1.,-1.25594826900514E-17,8.83165008287401E-15));
#2703=DIRECTION('ref_axis',(8.83165008287401E-15,-2.03012210217171E-16,
-1.));
#2704=DIRECTION('',(-1.,1.25594826900514E-17,-8.83165008287401E-15));
#2705=DIRECTION('center_axis',(1.,2.03283326950902E-16,-8.80561774349459E-15));
#2706=DIRECTION('ref_axis',(8.83165008287401E-15,-2.03012210217171E-16,
-1.));
#2707=DIRECTION('center_axis',(1.,-1.25594826900514E-17,8.83165008287401E-15));
#2708=DIRECTION('ref_axis',(8.83165008287401E-15,-2.03012210217171E-16,
-1.));
#2709=DIRECTION('center_axis',(-1.,1.25594826900514E-17,-8.83165008287401E-15));
#2710=DIRECTION('ref_axis',(8.83165008287401E-15,-2.03012210217171E-16,
-1.));
#2711=DIRECTION('',(-1.,1.25594826900514E-17,-8.83165008287401E-15));
#2712=DIRECTION('center_axis',(5.07530525542929E-17,-1.,0.));
#2713=DIRECTION('ref_axis',(0.,0.,-1.));
#2714=DIRECTION('',(1.25594826900514E-17,1.,5.58451500323657E-31));
#2715=DIRECTION('center_axis',(5.07530525542929E-17,-1.,0.));
#2716=DIRECTION('ref_axis',(6.14892752100093E-14,0.,-1.));
#2717=DIRECTION('',(1.01506105108586E-16,-1.,0.));
#2718=DIRECTION('center_axis',(-5.07530525542929E-17,1.,0.));
#2719=DIRECTION('ref_axis',(1.,0.,-5.33761069531326E-15));
#2720=DIRECTION('center_axis',(5.07530525542929E-17,-1.,0.));
#2721=DIRECTION('ref_axis',(0.,0.,-1.));
#2722=DIRECTION('center_axis',(-5.07530525542929E-17,1.,0.));
#2723=DIRECTION('ref_axis',(1.,0.,2.31296463463579E-14));
#2724=DIRECTION('',(0.,0.,1.));
#2725=DIRECTION('center_axis',(-5.07530525542929E-17,1.,0.));
#2726=DIRECTION('ref_axis',(0.,0.,1.));
#2727=DIRECTION('',(0.,0.,-1.));
#2728=DIRECTION('center_axis',(-5.07530525542929E-17,1.,0.));
#2729=DIRECTION('ref_axis',(1.,0.,-5.5511151231259E-15));
#2730=DIRECTION('center_axis',(-8.82055185704388E-15,1.52259157662878E-16,
1.));
#2731=DIRECTION('ref_axis',(1.,5.07530525542929E-17,8.82055185704388E-15));
#2732=DIRECTION('',(1.34352872920454E-30,1.,-1.52259157662878E-16));
#2733=DIRECTION('center_axis',(-1.,1.25594826900514E-17,-8.83165008287401E-15));
#2734=DIRECTION('ref_axis',(-8.83165008287401E-15,-5.07530525542933E-17,
1.));
#2735=DIRECTION('center_axis',(5.07530525542929E-17,-1.,0.));
#2736=DIRECTION('ref_axis',(0.,0.,-1.));
#2737=DIRECTION('',(-1.01506105108586E-16,1.,0.));
#2738=DIRECTION('center_axis',(-2.03012210217171E-16,1.,0.));
#2739=DIRECTION('ref_axis',(0.,0.,-1.));
#2740=DIRECTION('',(2.03283326950902E-16,-1.,-2.39139920917953E-33));
#2741=DIRECTION('center_axis',(-2.03012210217171E-16,1.,0.));
#2742=DIRECTION('ref_axis',(-5.46571335200076E-14,0.,-1.));
#2743=DIRECTION('',(-2.03012210217171E-16,1.,0.));
#2744=DIRECTION('center_axis',(2.03012210217171E-16,-1.,0.));
#2745=DIRECTION('ref_axis',(-1.,0.,8.75368154031374E-15));
#2746=DIRECTION('center_axis',(-2.03012210217171E-16,1.,0.));
#2747=DIRECTION('ref_axis',(0.,0.,1.));
#2748=DIRECTION('center_axis',(2.03012210217171E-16,-1.,0.));
#2749=DIRECTION('ref_axis',(-1.,0.,9.25185853854289E-15));
#2750=DIRECTION('',(0.,0.,1.));
#2751=DIRECTION('center_axis',(2.03012210217171E-16,-1.,0.));
#2752=DIRECTION('ref_axis',(0.,0.,-1.));
#2753=DIRECTION('',(0.,0.,-1.));
#2754=DIRECTION('center_axis',(2.03012210217171E-16,-1.,0.));
#2755=DIRECTION('ref_axis',(-1.,0.,9.25185853854289E-15));
#2756=DIRECTION('center_axis',(8.82055185704388E-15,-2.0301221021717E-16,
1.));
#2757=DIRECTION('ref_axis',(1.,2.03012210217171E-16,-8.82055185704388E-15));
#2758=DIRECTION('',(2.0301221021717E-16,-1.,-2.03012210217171E-16));
#2759=DIRECTION('center_axis',(1.,2.03283326950902E-16,-8.80561774349459E-15));
#2760=DIRECTION('ref_axis',(-8.80561774349459E-15,-2.03012210217173E-16,
-1.));
#2761=DIRECTION('center_axis',(-2.03012210217171E-16,1.,0.));
#2762=DIRECTION('ref_axis',(0.,0.,-1.));
#2763=DIRECTION('',(2.03012210217171E-16,-1.,0.));
#2764=DIRECTION('center_axis',(0.,1.,0.));
#2765=DIRECTION('ref_axis',(0.,0.,1.));
#2766=DIRECTION('',(1.,0.,0.));
#2767=DIRECTION('',(1.,0.,0.));
#2768=DIRECTION('center_axis',(0.,0.,1.));
#2769=DIRECTION('ref_axis',(1.,0.,0.));
#2770=DIRECTION('',(-1.,1.48029736616688E-16,0.));
#2771=DIRECTION('center_axis',(-1.48029736616688E-16,-1.,0.));
#2772=DIRECTION('ref_axis',(0.,0.,-1.));
#2773=DIRECTION('',(-1.,1.48029736616688E-16,0.));
#2774=DIRECTION('center_axis',(0.,0.,1.));
#2775=DIRECTION('ref_axis',(1.,0.,0.));
#2776=DIRECTION('axis',(0.,0.,1.));
#2777=DIRECTION('refdir',(1.,0.,0.));
#2778=DIRECTION('center_axis',(1.,-5.38909457050779E-15,6.24406276077195E-17));
#2779=DIRECTION('ref_axis',(5.38909457050779E-15,1.,5.34483221076851E-15));
#2780=DIRECTION('center_axis',(-1.,6.09870036052408E-15,-8.47122563993313E-19));
#2781=DIRECTION('ref_axis',(5.38909457050779E-15,1.,5.34483221076851E-15));
#2782=DIRECTION('',(-1.,5.38909457050779E-15,-6.24406276077195E-17));
#2783=DIRECTION('center_axis',(1.,-6.04797224003537E-15,-1.04866430050817E-17));
#2784=DIRECTION('ref_axis',(5.38909457050779E-15,1.,5.34483221076851E-15));
#2785=DIRECTION('center_axis',(1.,-5.38909457050779E-15,6.24406276077195E-17));
#2786=DIRECTION('ref_axis',(5.38909457050779E-15,1.,5.34483221076851E-15));
#2787=DIRECTION('center_axis',(-1.,1.07182015720086E-15,-1.05270499321046E-17));
#2788=DIRECTION('ref_axis',(5.38909457050779E-15,1.,5.34483221076851E-15));
#2789=DIRECTION('',(-1.,5.38909457050779E-15,-6.24406276077195E-17));
#2790=DIRECTION('center_axis',(1.,-1.12254827768966E-15,2.1860815501186E-17));
#2791=DIRECTION('ref_axis',(5.38909457050779E-15,1.,5.34483221076851E-15));
#2792=DIRECTION('center_axis',(1.,-5.38909457050779E-15,6.24406276077195E-17));
#2793=DIRECTION('ref_axis',(5.38909457050779E-15,1.,5.34483221076851E-15));
#2794=DIRECTION('center_axis',(-1.,2.70261872237204E-15,1.2425952412041E-16));
#2795=DIRECTION('ref_axis',(5.38909457050779E-15,1.,5.34483221076851E-15));
#2796=DIRECTION('',(-1.,5.38909457050779E-15,-6.24406276077195E-17));
#2797=DIRECTION('center_axis',(1.,-2.70261872237204E-15,-1.24259524120421E-16));
#2798=DIRECTION('ref_axis',(5.38909457050779E-15,1.,5.34483221076851E-15));
#2799=DIRECTION('center_axis',(1.,-5.38909457050779E-15,6.24406276077195E-17));
#2800=DIRECTION('ref_axis',(5.38909457050779E-15,1.,5.34483221076851E-15));
#2801=DIRECTION('center_axis',(-1.,-2.77473404993813E-15,-1.19774200213668E-16));
#2802=DIRECTION('ref_axis',(5.38909457050779E-15,1.,5.34483221076851E-15));
#2803=DIRECTION('',(-1.,5.38909457050779E-15,-6.24406276077195E-17));
#2804=DIRECTION('center_axis',(1.,2.77473404993813E-15,1.1977420021368E-16));
#2805=DIRECTION('ref_axis',(5.38909457050779E-15,1.,5.34483221076851E-15));
#2806=DIRECTION('center_axis',(-2.03012210217171E-16,1.,0.));
#2807=DIRECTION('ref_axis',(0.,0.,-1.));
#2808=DIRECTION('',(2.06771828100337E-16,-1.,2.02654790212076E-32));
#2809=DIRECTION('',(-2.06553120860494E-16,1.,0.));
#2810=DIRECTION('center_axis',(1.,2.06771828100337E-16,5.39030285815812E-15));
#2811=DIRECTION('ref_axis',(5.39030285815812E-15,-2.0301221021717E-16,-1.));
#2812=DIRECTION('',(-2.06771828100337E-16,1.,-2.02654790212076E-32));
#2813=DIRECTION('',(-3.81151970365282E-15,-0.707106781186551,0.707106781186544));
#2814=DIRECTION('',(2.03012210217172E-16,-1.,-2.64044427002737E-17));
#2815=DIRECTION('',(-3.81151970365284E-15,0.707106781186546,0.707106781186549));
#2816=DIRECTION('center_axis',(-3.66796839314459E-15,-0.707106781186549,
0.707106781186546));
#2817=DIRECTION('ref_axis',(1.,2.03012210217171E-16,5.39030285815812E-15));
#2818=DIRECTION('',(3.81151970365284E-15,-0.707106781186546,-0.707106781186549));
#2819=DIRECTION('',(-1.,-2.03012210217171E-16,-5.39030285815812E-15));
#2820=DIRECTION('',(-1.,-2.03012210217171E-16,-5.39030285815812E-15));
#2821=DIRECTION('',(-1.,-2.03012210217171E-16,-5.39030285815812E-15));
#2822=DIRECTION('center_axis',(-3.95507101416108E-15,0.707106781186544,
0.707106781186551));
#2823=DIRECTION('ref_axis',(1.,2.03012210217171E-16,5.39030285815812E-15));
#2824=DIRECTION('',(-3.81151970365282E-15,-0.707106781186551,0.707106781186544));
#2825=DIRECTION('',(-1.,-2.03012210217171E-16,-5.39030285815812E-15));
#2826=DIRECTION('center_axis',(-5.39030285815812E-15,-2.64044427002748E-17,
1.));
#2827=DIRECTION('ref_axis',(1.,2.03012210217171E-16,5.39030285815812E-15));
#2828=DIRECTION('',(2.03012210217172E-16,-1.,-2.64044427002737E-17));
#2829=DIRECTION('center_axis',(1.,2.06771828100337E-16,5.39030285815812E-15));
#2830=DIRECTION('ref_axis',(5.39030285815812E-15,-2.0301221021717E-16,-1.));
#2831=DIRECTION('center_axis',(-2.03012210217171E-16,1.,0.));
#2832=DIRECTION('ref_axis',(0.,0.,-1.));
#2833=DIRECTION('',(2.06553120860494E-16,-1.,0.));
#2834=DIRECTION('center_axis',(-1.90446584778544E-35,5.34483221076851E-15,
-1.));
#2835=DIRECTION('ref_axis',(1.20828765032558E-18,-1.,-5.34483221076851E-15));
#2836=DIRECTION('',(-2.18608155011923E-17,-5.34483221076851E-15,1.));
#2837=DIRECTION('',(0.,5.34483221076851E-15,-1.));
#2838=DIRECTION('center_axis',(1.,-1.07182015720086E-15,1.05270499321046E-17));
#2839=DIRECTION('ref_axis',(-1.0527049932111E-17,-5.34483221076851E-15,
1.));
#2840=DIRECTION('',(1.0527049932111E-17,5.34483221076851E-15,-1.));
#2841=DIRECTION('',(1.22306697544172E-15,0.707106781186546,0.707106781186549));
#2842=DIRECTION('',(2.58108361918454E-16,-5.48613009545879E-15,1.));
#2843=DIRECTION('',(1.71391621179256E-15,1.,5.34483221076851E-15));
#2844=DIRECTION('center_axis',(9.03940112267871E-16,-5.34483221076851E-15,
1.));
#2845=DIRECTION('ref_axis',(-1.71512449944288E-15,-1.,-5.34483221076851E-15));
#2846=DIRECTION('',(-1.71391621179256E-15,-1.,-5.34483221076851E-15));
#2847=DIRECTION('',(-1.,1.71512449944288E-15,9.03940112267881E-16));
#2848=DIRECTION('',(-1.,1.71512449944288E-15,9.03940112267881E-16));
#2849=DIRECTION('',(0.,-1.,-8.88178419700128E-15));
#2850=DIRECTION('',(-1.,1.71512449944288E-15,9.03940112267881E-16));
#2851=DIRECTION('center_axis',(5.735939809641E-16,0.707106781186549,-0.707106781186546));
#2852=DIRECTION('ref_axis',(4.99214326467394E-15,0.707106781186546,0.707106781186549));
#2853=DIRECTION('',(1.22306697544172E-15,0.707106781186546,0.707106781186549));
#2854=DIRECTION('',(-1.,1.71512449944288E-15,9.03940112267881E-16));
#2855=DIRECTION('center_axis',(1.71512449944288E-15,1.,5.48613009545879E-15));
#2856=DIRECTION('ref_axis',(5.34483221076851E-15,-5.4861300954588E-15,1.));
#2857=DIRECTION('',(2.58108361918454E-16,-5.48613009545879E-15,1.));
#2858=DIRECTION('center_axis',(1.,-1.12254827768966E-15,2.1860815501186E-17));
#2859=DIRECTION('ref_axis',(-2.18608155011923E-17,-5.34483221076851E-15,
1.));
#2860=DIRECTION('center_axis',(-1.90446584778544E-35,5.34483221076851E-15,
-1.));
#2861=DIRECTION('ref_axis',(1.20828765032558E-18,-1.,-5.34483221076851E-15));
#2862=DIRECTION('',(0.,-5.34483221076851E-15,1.));
#2863=DIRECTION('center_axis',(-1.,-1.20828765032558E-18,-6.45809475333396E-33));
#2864=DIRECTION('ref_axis',(1.20828765032558E-18,-1.,-5.34483221076851E-15));
#2865=DIRECTION('',(1.,1.20828765032558E-18,1.20828765032561E-18));
#2866=DIRECTION('',(-1.,1.20828765032558E-18,1.07317501580936E-32));
#2867=DIRECTION('center_axis',(1.20828765032563E-18,-4.87052093335455E-15,
-1.));
#2868=DIRECTION('ref_axis',(-1.20828765032558E-18,1.,-4.87052093335455E-15));
#2869=DIRECTION('',(-1.,-1.20828765032558E-18,-1.20828765032562E-18));
#2870=DIRECTION('',(-1.20828765032558E-18,1.,-3.47571964627537E-15));
#2871=DIRECTION('',(1.,1.20828765032558E-18,1.20828765032559E-18));
#2872=DIRECTION('',(-1.20828765032558E-18,1.,-3.47571964627537E-15));
#2873=DIRECTION('center_axis',(1.,1.20828765032558E-18,1.20828765032559E-18));
#2874=DIRECTION('ref_axis',(1.20828765032557E-18,-1.,8.82055185704388E-15));
#2875=DIRECTION('',(1.20828765032558E-18,-1.,3.47571964627537E-15));
#2876=DIRECTION('',(-1.2082876503256E-18,8.82055185704388E-15,1.));
#2877=DIRECTION('',(-1.2082876503256E-18,8.82055185704388E-15,1.));
#2878=DIRECTION('',(0.,-1.,-8.88178419700128E-15));
#2879=DIRECTION('',(-1.2082876503256E-18,8.82055185704388E-15,1.));
#2880=DIRECTION('center_axis',(-1.,-1.20828765032558E-18,-1.20828765032559E-18));
#2881=DIRECTION('ref_axis',(-1.20828765032557E-18,1.,-8.82055185704388E-15));
#2882=DIRECTION('',(-1.20828765032558E-18,1.,-3.47571964627537E-15));
#2883=DIRECTION('',(-1.2082876503256E-18,8.82055185704388E-15,1.));
#2884=DIRECTION('center_axis',(-1.20828765032557E-18,1.,-8.82055185704388E-15));
#2885=DIRECTION('ref_axis',(1.,1.20828765032558E-18,1.20828765032559E-18));
#2886=DIRECTION('',(1.,1.20828765032558E-18,1.20828765032559E-18));
#2887=DIRECTION('center_axis',(1.20828765032561E-18,-4.87052093335455E-15,
-1.));
#2888=DIRECTION('ref_axis',(-1.20828765032558E-18,1.,-4.87052093335455E-15));
#2889=DIRECTION('center_axis',(-1.,-1.20828765032558E-18,-6.45809475333396E-33));
#2890=DIRECTION('ref_axis',(1.20828765032558E-18,-1.,-5.34483221076851E-15));
#2891=DIRECTION('',(1.,1.20828765032558E-18,1.07317501580935E-32));
#2892=DIRECTION('center_axis',(1.90446584778544E-35,-5.34483221076851E-15,
1.));
#2893=DIRECTION('ref_axis',(1.20828765032558E-18,-1.,-5.34483221076851E-15));
#2894=DIRECTION('',(8.47122564026445E-19,5.34483221076851E-15,-1.));
#2895=DIRECTION('',(0.,-5.34483221076851E-15,1.));
#2896=DIRECTION('center_axis',(-1.,6.04797224003537E-15,1.04866430050817E-17));
#2897=DIRECTION('ref_axis',(1.04866430050494E-17,-5.34483221076851E-15,
1.));
#2898=DIRECTION('',(1.04866430050494E-17,-5.34483221076851E-15,1.));
#2899=DIRECTION('',(5.38909457050779E-15,1.,5.34483221076851E-15));
#2900=DIRECTION('',(2.58108361918455E-16,5.76872586483935E-15,-1.));
#2901=DIRECTION('',(3.79952011556403E-15,0.707106781186546,0.707106781186549));
#2902=DIRECTION('center_axis',(1.3105169694564E-15,0.707106781186549,-0.707106781186546));
#2903=DIRECTION('ref_axis',(-3.21526031141521E-17,-0.707106781186546,-0.707106781186549));
#2904=DIRECTION('',(-3.79952011556403E-15,-0.707106781186546,-0.707106781186549));
#2905=DIRECTION('',(1.,-5.3903028581581E-15,-3.5369519862328E-15));
#2906=DIRECTION('',(1.,-5.3903028581581E-15,-3.5369519862328E-15));
#2907=DIRECTION('',(1.,-5.3903028581581E-15,-3.5369519862328E-15));
#2908=DIRECTION('center_axis',(3.53695198623277E-15,-5.34483221076852E-15,
1.));
#2909=DIRECTION('ref_axis',(5.39030285815812E-15,1.,5.34483221076851E-15));
#2910=DIRECTION('',(5.38909457050779E-15,1.,5.34483221076851E-15));
#2911=DIRECTION('',(1.,-5.3903028581581E-15,-3.5369519862328E-15));
#2912=DIRECTION('center_axis',(5.39030285815812E-15,1.,5.76872586483935E-15));
#2913=DIRECTION('ref_axis',(5.34483221076852E-15,5.76872586483932E-15,-1.));
#2914=DIRECTION('',(2.58108361918455E-16,5.76872586483935E-15,-1.));
#2915=DIRECTION('center_axis',(-1.,6.09870036052408E-15,-8.47122563993313E-19));
#2916=DIRECTION('ref_axis',(-8.47122564026445E-19,-5.34483221076851E-15,
1.));
#2917=DIRECTION('center_axis',(1.90446584778544E-35,-5.34483221076851E-15,
1.));
#2918=DIRECTION('ref_axis',(1.20828765032558E-18,-1.,-5.34483221076851E-15));
#2919=DIRECTION('',(0.,5.34483221076851E-15,-1.));
#2920=DIRECTION('center_axis',(0.,-1.,0.));
#2921=DIRECTION('ref_axis',(0.,0.,-1.));
#2922=DIRECTION('',(0.,1.,0.));
#2923=DIRECTION('',(0.,-1.,0.));
#2924=DIRECTION('center_axis',(-1.,0.,-1.71512449944288E-15));
#2925=DIRECTION('ref_axis',(-1.71512449944288E-15,0.,1.));
#2926=DIRECTION('',(0.,-1.,0.));
#2927=DIRECTION('',(-1.21277616413525E-15,0.707106781186546,0.707106781186549));
#2928=DIRECTION('',(0.,1.,0.));
#2929=DIRECTION('',(-1.21277616413524E-15,-0.707106781186551,0.707106781186544));
#2930=DIRECTION('center_axis',(-1.21277616413525E-15,0.707106781186544,
0.707106781186551));
#2931=DIRECTION('ref_axis',(1.,0.,1.71512449944288E-15));
#2932=DIRECTION('',(1.21277616413524E-15,0.707106781186551,-0.707106781186544));
#2933=DIRECTION('',(1.,0.,1.71512449944288E-15));
#2934=DIRECTION('',(1.,0.,1.71512449944288E-15));
#2935=DIRECTION('',(1.,0.,1.71512449944288E-15));
#2936=DIRECTION('center_axis',(-1.21277616413524E-15,-0.707106781186549,
0.707106781186546));
#2937=DIRECTION('ref_axis',(1.,0.,1.71512449944288E-15));
#2938=DIRECTION('',(-1.21277616413525E-15,0.707106781186546,0.707106781186549));
#2939=DIRECTION('',(1.,0.,1.71512449944288E-15));
#2940=DIRECTION('center_axis',(-1.71512449944288E-15,0.,1.));
#2941=DIRECTION('ref_axis',(1.,0.,1.71512449944288E-15));
#2942=DIRECTION('',(0.,1.,0.));
#2943=DIRECTION('center_axis',(-1.,0.,-1.71512449944288E-15));
#2944=DIRECTION('ref_axis',(-1.71512449944288E-15,0.,1.));
#2945=DIRECTION('center_axis',(0.,-1.,0.));
#2946=DIRECTION('ref_axis',(0.,0.,-1.));
#2947=DIRECTION('',(0.,1.,0.));
#2948=DIRECTION('center_axis',(-1.90446584778544E-35,-8.86602250443349E-15,
1.));
#2949=DIRECTION('ref_axis',(-1.20828765032558E-18,1.,8.86602250443349E-15));
#2950=DIRECTION('',(1.19774200213655E-16,8.86602250443349E-15,-1.));
#2951=DIRECTION('',(0.,-8.86602250443349E-15,1.));
#2952=DIRECTION('center_axis',(-1.,-2.77473404993813E-15,-1.19774200213668E-16));
#2953=DIRECTION('ref_axis',(-1.19774200213642E-16,-8.86602250443349E-15,
1.));
#2954=DIRECTION('',(-1.19774200213642E-16,-8.86602250443349E-15,1.));
#2955=DIRECTION('',(1.71633278709321E-15,-1.,-9.38848039837475E-15));
#2956=DIRECTION('',(1.05553653636144E-16,9.43121404319461E-15,-1.));
#2957=DIRECTION('',(1.22477575222405E-15,-0.70710678118655,0.707106781186545));
#2958=DIRECTION('center_axis',(1.20163096443759E-15,-0.707106781186545,
-0.70710678118655));
#2959=DIRECTION('ref_axis',(-5.05644847090225E-15,-0.70710678118655,0.707106781186545));
#2960=DIRECTION('',(-1.22477575222405E-15,0.70710678118655,-0.707106781186545));
#2961=DIRECTION('',(-1.,-1.71512449944288E-15,1.57616925677775E-17));
#2962=DIRECTION('',(-1.,-1.71512449944288E-15,1.57616925677775E-17));
#2963=DIRECTION('',(-1.,-1.71512449944288E-15,1.57616925677775E-17));
#2964=DIRECTION('',(0.,1.,8.88178419700128E-15));
#2965=DIRECTION('center_axis',(1.57616925677949E-17,-9.38848039837475E-15,
1.));
#2966=DIRECTION('ref_axis',(-1.71512449944289E-15,1.,9.38848039837475E-15));
#2967=DIRECTION('',(1.71633278709321E-15,-1.,-9.38848039837475E-15));
#2968=DIRECTION('',(-1.,-1.71512449944288E-15,1.57616925677775E-17));
#2969=DIRECTION('center_axis',(1.71512449944288E-15,-1.,-9.43121404319461E-15));
#2970=DIRECTION('ref_axis',(-8.86602250443349E-15,-9.43121404319463E-15,
1.));
#2971=DIRECTION('',(1.05553653636144E-16,9.43121404319461E-15,-1.));
#2972=DIRECTION('center_axis',(-1.,-2.77473404993813E-15,-1.1977420021368E-16));
#2973=DIRECTION('ref_axis',(-1.19774200213655E-16,-8.86602250443349E-15,
1.));
#2974=DIRECTION('center_axis',(-1.90446584778544E-35,-8.86602250443349E-15,
1.));
#2975=DIRECTION('ref_axis',(-1.20828765032558E-18,1.,8.86602250443349E-15));
#2976=DIRECTION('',(0.,8.86602250443349E-15,-1.));
#2977=DIRECTION('center_axis',(1.,1.20828765032558E-18,1.07127054996157E-32));
#2978=DIRECTION('ref_axis',(-1.20828765032558E-18,1.,8.86602250443349E-15));
#2979=DIRECTION('',(-1.,-1.20828765032559E-18,1.20828765032581E-18));
#2980=DIRECTION('',(1.,-1.20828765032558E-18,-1.07317501580936E-32));
#2981=DIRECTION('center_axis',(1.20828765032562E-18,-4.84578985816067E-15,
1.));
#2982=DIRECTION('ref_axis',(1.20828765032558E-18,-1.,-4.84578985816067E-15));
#2983=DIRECTION('',(1.,1.20828765032559E-18,-1.20828765032561E-18));
#2984=DIRECTION('',(1.20828765032558E-18,-1.,-3.47571964627537E-15));
#2985=DIRECTION('',(-1.,-1.20828765032559E-18,1.20828765032557E-18));
#2986=DIRECTION('',(1.20828765032558E-18,-1.,-3.47571964627537E-15));
#2987=DIRECTION('center_axis',(-1.,-1.20828765032559E-18,1.20828765032557E-18));
#2988=DIRECTION('ref_axis',(1.20828765032559E-18,-1.,5.39030285815812E-15));
#2989=DIRECTION('',(-1.20828765032558E-18,1.,3.47571964627537E-15));
#2990=DIRECTION('',(1.20828765032557E-18,5.39030285815812E-15,1.));
#2991=DIRECTION('',(1.20828765032557E-18,5.39030285815812E-15,1.));
#2992=DIRECTION('',(1.20828765032557E-18,5.39030285815812E-15,1.));
#2993=DIRECTION('',(0.,1.,8.88178419700128E-15));
#2994=DIRECTION('center_axis',(1.,1.20828765032559E-18,-1.20828765032557E-18));
#2995=DIRECTION('ref_axis',(-1.20828765032559E-18,1.,-5.39030285815812E-15));
#2996=DIRECTION('',(1.20828765032558E-18,-1.,-3.47571964627537E-15));
#2997=DIRECTION('',(1.20828765032557E-18,5.39030285815812E-15,1.));
#2998=DIRECTION('center_axis',(1.20828765032559E-18,-1.,5.39030285815812E-15));
#2999=DIRECTION('ref_axis',(1.,1.20828765032559E-18,-1.20828765032557E-18));
#3000=DIRECTION('',(-1.,-1.20828765032559E-18,1.20828765032557E-18));
#3001=DIRECTION('center_axis',(1.20828765032581E-18,-4.84578985816067E-15,
1.));
#3002=DIRECTION('ref_axis',(1.20828765032558E-18,-1.,-4.84578985816067E-15));
#3003=DIRECTION('center_axis',(1.,1.20828765032558E-18,1.07127054996157E-32));
#3004=DIRECTION('ref_axis',(-1.20828765032558E-18,1.,8.86602250443349E-15));
#3005=DIRECTION('',(-1.,-1.20828765032558E-18,-1.07317501580936E-32));
#3006=DIRECTION('center_axis',(1.90446584778544E-35,8.86602250443349E-15,
-1.));
#3007=DIRECTION('ref_axis',(-1.20828765032558E-18,1.,8.86602250443349E-15));
#3008=DIRECTION('',(1.24259524120385E-16,-8.86602250443349E-15,1.));
#3009=DIRECTION('',(0.,8.86602250443349E-15,-1.));
#3010=DIRECTION('center_axis',(1.,-2.70261872237204E-15,-1.24259524120421E-16));
#3011=DIRECTION('ref_axis',(1.24259524120396E-16,-8.86602250443349E-15,
1.));
#3012=DIRECTION('',(-1.24259524120396E-16,8.86602250443349E-15,-1.));
#3013=DIRECTION('',(-1.22306697544171E-15,-0.707106781186551,0.707106781186544));
#3014=DIRECTION('',(1.05553653636145E-16,-9.43121404319461E-15,1.));
#3015=DIRECTION('',(-1.71391621179256E-15,-1.,-8.34356461049225E-15));
#3016=DIRECTION('center_axis',(-1.57616925677917E-17,-8.34356461049225E-15,
1.));
#3017=DIRECTION('ref_axis',(-1.71512449944288E-15,-1.,-8.34356461049225E-15));
#3018=DIRECTION('',(1.71391621179256E-15,1.,8.34356461049225E-15));
#3019=DIRECTION('',(1.,-1.71512449944288E-15,1.57616925677775E-17));
#3020=DIRECTION('',(1.,-1.71512449944288E-15,1.57616925677775E-17));
#3021=DIRECTION('',(1.,-1.71512449944288E-15,1.57616925677775E-17));
#3022=DIRECTION('center_axis',(-1.20163096443759E-15,-0.707106781186544,
-0.707106781186551));
#3023=DIRECTION('ref_axis',(-5.05644847090225E-15,0.707106781186551,-0.707106781186544));
#3024=DIRECTION('',(-1.22306697544171E-15,-0.707106781186551,0.707106781186544));
#3025=DIRECTION('',(1.,-1.71512449944288E-15,1.57616925677775E-17));
#3026=DIRECTION('center_axis',(-1.71512449944288E-15,-1.,-9.43121404319461E-15));
#3027=DIRECTION('ref_axis',(-8.86602250443349E-15,9.43121404319462E-15,
-1.));
#3028=DIRECTION('',(1.05553653636145E-16,-9.43121404319461E-15,1.));
#3029=DIRECTION('center_axis',(1.,-2.70261872237204E-15,-1.2425952412041E-16));
#3030=DIRECTION('ref_axis',(1.24259524120385E-16,-8.86602250443349E-15,
1.));
#3031=DIRECTION('center_axis',(1.90446584778544E-35,8.86602250443349E-15,
-1.));
#3032=DIRECTION('ref_axis',(-1.20828765032558E-18,1.,8.86602250443349E-15));
#3033=DIRECTION('',(0.,-8.86602250443349E-15,1.));
#3034=DIRECTION('center_axis',(-1.,0.,0.));
#3035=DIRECTION('ref_axis',(0.,0.,1.));
#3036=DIRECTION('center_axis',(-1.,4.37757992298499E-27,-2.09153362137026E-27));
#3037=DIRECTION('ref_axis',(0.,0.,-1.));
#3038=DIRECTION('center_axis',(1.,-4.37757992298499E-27,2.09153362137026E-27));
#3039=DIRECTION('ref_axis',(0.,0.,-1.));
#3040=DIRECTION('center_axis',(-1.,0.,0.));
#3041=DIRECTION('ref_axis',(0.,0.,1.));
#3042=DIRECTION('center_axis',(-1.,3.14710718182911E-28,1.53637310346511E-28));
#3043=DIRECTION('ref_axis',(0.,0.,-1.));
#3044=DIRECTION('center_axis',(1.,-3.14710718182911E-28,-1.53637310346511E-28));
#3045=DIRECTION('ref_axis',(0.,0.,-1.));
#3046=DIRECTION('center_axis',(1.,0.,0.));
#3047=DIRECTION('ref_axis',(0.,0.,-1.));
#3048=DIRECTION('center_axis',(1.,-8.58394761027328E-27,-4.07724124190805E-27));
#3049=DIRECTION('ref_axis',(0.,0.,-1.));
#3050=DIRECTION('center_axis',(-1.,8.58394761027328E-27,4.07724124190805E-27));
#3051=DIRECTION('ref_axis',(0.,0.,-1.));
#3052=DIRECTION('center_axis',(1.,0.,0.));
#3053=DIRECTION('ref_axis',(0.,0.,-1.));
#3054=DIRECTION('center_axis',(-1.,3.11064171707871E-28,-1.46003798330966E-28));
#3055=DIRECTION('ref_axis',(0.,0.,-1.));
#3056=DIRECTION('center_axis',(1.,-3.11064171707871E-28,1.46003798330966E-28));
#3057=DIRECTION('ref_axis',(0.,0.,-1.));
#3058=DIRECTION('center_axis',(-1.20828765032558E-18,-1.,-8.86602250443349E-15));
#3059=DIRECTION('ref_axis',(1.,-1.20828765032558E-18,-1.06577638779225E-32));
#3060=DIRECTION('',(-1.,1.20828765032558E-18,1.06577638779225E-32));
#3061=DIRECTION('center_axis',(1.,0.,0.));
#3062=DIRECTION('ref_axis',(0.,0.,-1.));
#3063=DIRECTION('',(1.,0.,0.));
#3064=DIRECTION('center_axis',(0.,0.,1.));
#3065=DIRECTION('ref_axis',(1.,0.,0.));
#3066=DIRECTION('',(1.,0.,0.));
#3067=DIRECTION('',(-1.,0.,0.));
#3068=DIRECTION('center_axis',(-1.20828765032558E-18,1.,5.34483221076851E-15));
#3069=DIRECTION('ref_axis',(1.,1.20828765032558E-18,6.51303637502713E-33));
#3070=DIRECTION('',(-1.,-1.20828765032558E-18,-6.51303637502713E-33));
#3071=DIRECTION('center_axis',(-1.,0.,0.));
#3072=DIRECTION('ref_axis',(0.,0.,-1.));
#3073=DIRECTION('center_axis',(1.,0.,0.));
#3074=DIRECTION('ref_axis',(0.,0.,-1.));
#3075=DIRECTION('',(1.,1.20828765032558E-18,1.06577638779225E-32));
#3076=DIRECTION('center_axis',(1.20828765032558E-18,-1.,-8.86602250443349E-15));
#3077=DIRECTION('ref_axis',(1.,1.20828765032558E-18,1.06577638779225E-32));
#3078=DIRECTION('center_axis',(-1.,0.,0.));
#3079=DIRECTION('ref_axis',(0.,0.,-1.));
#3080=DIRECTION('',(-1.,0.,0.));
#3081=DIRECTION('',(1.,-1.20828765032558E-18,-6.51303637502714E-33));
#3082=DIRECTION('center_axis',(1.20828765032558E-18,1.,5.34483221076851E-15));
#3083=DIRECTION('ref_axis',(1.,-1.20828765032558E-18,-6.51303637502714E-33));
#3084=DIRECTION('center_axis',(0.,0.,1.));
#3085=DIRECTION('ref_axis',(1.,0.,0.));
#3086=DIRECTION('axis',(0.,0.,1.));
#3087=DIRECTION('refdir',(1.,0.,0.));
#3088=DIRECTION('center_axis',(-1.,0.,6.12323399573677E-17));
#3089=DIRECTION('ref_axis',(6.12323399573677E-17,0.,1.));
#3090=DIRECTION('center_axis',(-1.,0.,6.12323399573677E-17));
#3091=DIRECTION('ref_axis',(-6.12323399573677E-17,0.,-1.));
#3092=DIRECTION('',(3.84295039689261E-17,0.77853480856566,0.627601427541103));
#3093=DIRECTION('center_axis',(1.22464679914735E-16,0.,1.));
#3094=DIRECTION('ref_axis',(1.,0.,-6.12323399573677E-17));
#3095=DIRECTION('center_axis',(-3.5202057750202E-19,-1.,0.));
#3096=DIRECTION('ref_axis',(1.,-3.5202057750202E-19,0.));
#3097=DIRECTION('center_axis',(1.22464679914735E-16,0.,1.));
#3098=DIRECTION('ref_axis',(0.,1.,0.));
#3099=DIRECTION('center_axis',(-0.77853480856566,-0.627601427541103,9.53430161334733E-17));
#3100=DIRECTION('ref_axis',(9.86076131526265E-32,1.51916506160638E-16,1.));
#3101=DIRECTION('center_axis',(-1.22464679914735E-16,0.,-1.));
#3102=DIRECTION('ref_axis',(0.,-1.,0.));
#3103=DIRECTION('center_axis',(-1.,0.,1.83697019872103E-16));
#3104=DIRECTION('ref_axis',(-1.83697019872103E-16,0.,-1.));
#3105=DIRECTION('center_axis',(-1.4301452420021E-16,-0.627601427541103,
-0.77853480856566));
#3106=DIRECTION('ref_axis',(0.,-0.77853480856566,0.627601427541103));
#3107=DIRECTION('center_axis',(1.,0.,-6.12323399573677E-17));
#3108=DIRECTION('ref_axis',(6.12323399573677E-17,0.,1.));
#3109=DIRECTION('center_axis',(0.,0.,-1.));
#3110=DIRECTION('ref_axis',(0.,-1.,0.));
#3111=DIRECTION('center_axis',(0.77853480856566,-0.627601427541103,0.));
#3112=DIRECTION('ref_axis',(0.,0.,1.));
#3113=DIRECTION('center_axis',(0.,0.,1.));
#3114=DIRECTION('ref_axis',(0.,1.,0.));
#3115=DIRECTION('center_axis',(1.,0.,-6.12323399573677E-17));
#3116=DIRECTION('ref_axis',(6.12323399573677E-17,0.,1.));
#3117=DIRECTION('center_axis',(4.76715080667367E-17,-0.627601427541103,
0.77853480856566));
#3118=DIRECTION('ref_axis',(3.08148791101958E-33,0.77853480856566,0.627601427541103));
#3119=DIRECTION('center_axis',(0.,0.,1.));
#3120=DIRECTION('ref_axis',(1.,0.,0.));
#3121=DIRECTION('',(0.627601427541103,0.77853480856566,0.));
#3122=DIRECTION('center_axis',(-1.,0.,6.12323399573677E-17));
#3123=DIRECTION('ref_axis',(6.12323399573677E-17,0.,1.));
#3124=DIRECTION('',(-1.15288511906778E-16,0.77853480856566,-0.627601427541103));
#3125=DIRECTION('center_axis',(1.,0.,-1.83697019872103E-16));
#3126=DIRECTION('ref_axis',(-1.83697019872103E-16,0.,-1.));
#3127=DIRECTION('',(1.15288511906778E-16,-0.77853480856566,0.627601427541103));
#3128=DIRECTION('center_axis',(-1.,0.,6.12323399573677E-17));
#3129=DIRECTION('ref_axis',(6.12323399573677E-17,0.,1.));
#3130=DIRECTION('',(-3.84295039689261E-17,-0.77853480856566,-0.627601427541103));
#3131=DIRECTION('center_axis',(4.76715080667367E-17,-0.627601427541103,
0.77853480856566));
#3132=DIRECTION('ref_axis',(3.84295039689261E-17,0.77853480856566,0.627601427541103));
#3133=DIRECTION('',(1.,4.12211519043994E-16,0.));
#3134=DIRECTION('center_axis',(-1.4301452420021E-16,-0.627601427541103,
-0.77853480856566));
#3135=DIRECTION('ref_axis',(-1.15288511906778E-16,0.77853480856566,-0.627601427541103));
#3136=DIRECTION('',(1.,0.,-1.83697019872103E-16));
#3137=DIRECTION('center_axis',(-1.22464679914735E-16,0.,-1.));
#3138=DIRECTION('ref_axis',(-1.,0.,1.22464679914735E-16));
#3139=DIRECTION('',(-0.627601427541103,0.77853480856566,7.68590079378522E-17));
#3140=DIRECTION('center_axis',(-1.22464679914735E-16,0.,-1.));
#3141=DIRECTION('ref_axis',(-1.,0.,1.22464679914735E-16));
#3142=DIRECTION('',(0.627601427541103,-0.77853480856566,-7.68590079378522E-17));
#3143=DIRECTION('center_axis',(-0.77853480856566,-0.627601427541103,9.53430161334733E-17));
#3144=DIRECTION('ref_axis',(-0.627601427541103,0.77853480856566,7.68590079378521E-17));
#3145=DIRECTION('',(-1.22464679914735E-16,0.,-1.));
#3146=DIRECTION('center_axis',(0.,0.,1.));
#3147=DIRECTION('ref_axis',(1.,0.,0.));
#3148=DIRECTION('',(-0.627601427541103,-0.77853480856566,0.));
#3149=DIRECTION('center_axis',(0.77853480856566,-0.627601427541103,0.));
#3150=DIRECTION('ref_axis',(0.627601427541103,0.77853480856566,0.));
#3151=DIRECTION('',(0.,0.,1.));
#3152=DIRECTION('center_axis',(4.12211519043994E-16,-1.,0.));
#3153=DIRECTION('ref_axis',(1.,4.12211519043994E-16,0.));
#3154=DIRECTION('center_axis',(-3.5202057750202E-19,-1.,0.));
#3155=DIRECTION('ref_axis',(1.,-3.5202057750202E-19,0.));
#3156=DIRECTION('center_axis',(-3.5202057750202E-19,-1.,0.));
#3157=DIRECTION('ref_axis',(1.,-3.5202057750202E-19,0.));
#3158=DIRECTION('',(3.5202057750202E-19,1.,0.));
#3159=DIRECTION('center_axis',(-3.5202057750202E-19,-1.,0.));
#3160=DIRECTION('ref_axis',(0.,0.,-1.));
#3161=DIRECTION('center_axis',(-3.5202057750202E-19,-1.,0.));
#3162=DIRECTION('ref_axis',(1.,-3.5202057750202E-19,0.));
#3163=DIRECTION('center_axis',(-3.5202057750202E-19,-1.,0.));
#3164=DIRECTION('ref_axis',(1.,-3.5202057750202E-19,0.));
#3165=DIRECTION('center_axis',(-3.5202057750202E-19,-1.,0.));
#3166=DIRECTION('ref_axis',(1.,-3.5202057750202E-19,0.));
#3167=DIRECTION('',(3.5202057750202E-19,1.,0.));
#3168=DIRECTION('center_axis',(-3.5202057750202E-19,-1.,0.));
#3169=DIRECTION('ref_axis',(1.,-3.5202057750202E-19,0.));
#3170=DIRECTION('center_axis',(-3.5202057750202E-19,-1.,0.));
#3171=DIRECTION('ref_axis',(1.,-3.5202057750202E-19,0.));
#3172=DIRECTION('',(0.468149123763826,0.883649476839749,5.73317325941007E-17));
#3173=DIRECTION('center_axis',(-3.5202057750202E-19,-1.,0.));
#3174=DIRECTION('ref_axis',(1.,-3.5202057750202E-19,0.));
#3175=DIRECTION('center_axis',(-3.5202057750202E-19,-1.,0.));
#3176=DIRECTION('ref_axis',(1.,-3.5202057750202E-19,0.));
#3177=DIRECTION('',(3.5202057750202E-19,1.,0.));
#3178=DIRECTION('center_axis',(3.5202057750202E-19,1.,0.));
#3179=DIRECTION('ref_axis',(1.,-3.5202057750202E-19,0.));
#3180=DIRECTION('',(0.707106781186547,-0.707106781186548,-8.65956056235493E-17));
#3181=DIRECTION('center_axis',(-3.5202057750202E-19,-1.,0.));
#3182=DIRECTION('ref_axis',(1.,-3.5202057750202E-19,0.));
#3183=DIRECTION('center_axis',(-3.5202057750202E-19,-1.,0.));
#3184=DIRECTION('ref_axis',(0.,0.,-1.));
#3185=DIRECTION('',(-1.33409946940915E-18,4.84578985816067E-15,-1.));
#3186=DIRECTION('',(1.,-2.71697435342305E-15,-1.33409946942232E-18));
#3187=DIRECTION('',(0.,0.,1.));
#3188=DIRECTION('',(1.,0.,0.));
#3189=DIRECTION('',(-8.88908208424398E-15,-1.24364888488111E-32,-1.));
#3190=DIRECTION('',(-2.21692584347576E-16,1.,1.95820709088498E-30));
#3191=DIRECTION('',(-1.0607294676601E-14,1.90696002771134E-45,-1.));
#3192=DIRECTION('',(4.43734259186819E-31,1.,-2.7998600175865E-45));
#3193=DIRECTION('',(9.26499415296294E-15,-2.1568026091287E-31,1.));
#3194=DIRECTION('',(4.99248340503771E-16,1.,-4.40985269473102E-30));
#3195=DIRECTION('',(8.88990593694335E-15,2.00376289356298E-35,1.));
#3196=DIRECTION('',(-3.52020577551791E-19,1.,3.10939219336826E-33));
#3197=CARTESIAN_POINT('',(0.,0.,0.));
#3198=CARTESIAN_POINT('',(0.,0.,0.));
#3199=CARTESIAN_POINT('Origin',(-58.9999999999993,85.5,73.0000000000001));
#3200=CARTESIAN_POINT('',(-59.9999999999994,87.5,73.0000000000001));
#3201=CARTESIAN_POINT('',(-59.9999999999993,85.5,75.0000000000001));
#3202=CARTESIAN_POINT('Origin',(-59.9999999999994,85.5,73.0000000000001));
#3203=CARTESIAN_POINT('',(-58.9999999999993,85.5,75.0000000000001));
#3204=CARTESIAN_POINT('',(-58.9999999999993,85.5,75.0000000000001));
#3205=CARTESIAN_POINT('',(-58.9999999999993,87.5,73.0000000000001));
#3206=CARTESIAN_POINT('Origin',(-58.9999999999994,85.5,73.0000000000001));
#3207=CARTESIAN_POINT('',(-58.9999999999993,87.5,73.0000000000001));
#3208=CARTESIAN_POINT('Origin',(-59.,87.5,1.30000000000004));
#3209=CARTESIAN_POINT('',(-59.,87.5,1.30000000000001));
#3210=CARTESIAN_POINT('',(-59.,87.5,-1.02477856365642));
#3211=CARTESIAN_POINT('',(-60.,87.5,1.30000000000002));
#3212=CARTESIAN_POINT('',(-59.22,87.5,1.30000000000001));
#3213=CARTESIAN_POINT('',(-60.,87.5,1.30000000000005));
#3214=CARTESIAN_POINT('Origin',(-58.9999999999996,9.75853194130634E-15,
37.5688053590859));
#3215=CARTESIAN_POINT('',(-58.9999999999993,-85.5,75.));
#3216=CARTESIAN_POINT('',(-58.9999999999993,87.5,75.0000000000001));
#3217=CARTESIAN_POINT('',(-58.9999999999993,-87.5,73.));
#3218=CARTESIAN_POINT('Origin',(-58.9999999999993,-85.5,73.));
#3219=CARTESIAN_POINT('',(-58.9999999999999,-87.5,1.30000000000001));
#3220=CARTESIAN_POINT('',(-59.,-87.5,-1.02477856365645));
#3221=CARTESIAN_POINT('',(-59.,4.84875449343914E-15,1.30000000000001));
#3222=CARTESIAN_POINT('',(-58.9999999999997,82.5,39.749999999999));
#3223=CARTESIAN_POINT('Origin',(-58.9999999999996,82.5,37.499999999999));
#3224=CARTESIAN_POINT('',(-58.9999999999997,-82.5,39.749999999999));
#3225=CARTESIAN_POINT('Origin',(-58.9999999999996,-82.5,37.499999999999));
#3226=CARTESIAN_POINT('Origin',(-58.9999999999993,-85.5,73.));
#3227=CARTESIAN_POINT('',(-59.9999999999993,-85.5,75.));
#3228=CARTESIAN_POINT('',(-59.9999999999993,-87.5,73.));
#3229=CARTESIAN_POINT('Origin',(-59.9999999999993,-85.5,73.));
#3230=CARTESIAN_POINT('',(-58.9999999999993,-87.5,73.));
#3231=CARTESIAN_POINT('',(-58.9999999999993,-85.5,75.));
#3232=CARTESIAN_POINT('Origin',(-58.9999999999999,-87.5,1.30000000000001));
#3233=CARTESIAN_POINT('',(-59.9999999999999,-87.5,1.30000000000002));
#3234=CARTESIAN_POINT('',(-60.,-87.5,-1.02477856365645));
#3235=CARTESIAN_POINT('',(-59.2199999999999,-87.5,1.30000000000001));
#3236=CARTESIAN_POINT('Origin',(58.9999999999993,-85.5,73.));
#3237=CARTESIAN_POINT('',(59.9999999999993,-87.5,73.));
#3238=CARTESIAN_POINT('',(59.9999999999993,-85.5,75.));
#3239=CARTESIAN_POINT('Origin',(59.9999999999993,-85.5,73.));
#3240=CARTESIAN_POINT('',(58.9999999999993,-85.5,75.));
#3241=CARTESIAN_POINT('',(58.9999999999993,-85.5,75.));
#3242=CARTESIAN_POINT('',(58.9999999999985,-87.5,73.));
#3243=CARTESIAN_POINT('Origin',(58.9999999999993,-85.5,73.));
#3244=CARTESIAN_POINT('',(58.9999999999993,-87.5,73.));
#3245=CARTESIAN_POINT('Origin',(59.,-87.5,1.30000000000003));
#3246=CARTESIAN_POINT('',(59.,-87.5,1.30000000000002));
#3247=CARTESIAN_POINT('',(59.,-87.5,-1.02477856365641));
#3248=CARTESIAN_POINT('',(60.,-87.5,1.30000000000003));
#3249=CARTESIAN_POINT('',(59.22,-87.5,1.3));
#3250=CARTESIAN_POINT('',(60.,-87.5,1.30000000000004));
#3251=CARTESIAN_POINT('Origin',(58.9999999999996,6.99726272398724E-15,37.5688053590859));
#3252=CARTESIAN_POINT('',(58.9999999999993,85.5,75.));
#3253=CARTESIAN_POINT('',(58.9999999999993,-87.5,75.));
#3254=CARTESIAN_POINT('',(58.9999999999993,87.5,73.));
#3255=CARTESIAN_POINT('Origin',(58.9999999999993,85.5,73.));
#3256=CARTESIAN_POINT('',(59.,87.5,1.3));
#3257=CARTESIAN_POINT('',(59.,87.5,-1.02477856365645));
#3258=CARTESIAN_POINT('',(59.,3.52056823026994E-15,1.3));
#3259=CARTESIAN_POINT('',(58.9999999999996,82.5,39.75));
#3260=CARTESIAN_POINT('Origin',(58.9999999999996,82.5,37.5));
#3261=CARTESIAN_POINT('',(58.9999999999996,-82.5,39.75));
#3262=CARTESIAN_POINT('Origin',(58.9999999999996,-82.5,37.5));
#3263=CARTESIAN_POINT('Origin',(58.9999999999993,85.5,73.));
#3264=CARTESIAN_POINT('',(59.9999999999993,85.5,75.));
#3265=CARTESIAN_POINT('',(59.9999999999993,87.5,73.));
#3266=CARTESIAN_POINT('Origin',(59.9999999999993,85.5,73.));
#3267=CARTESIAN_POINT('',(58.9999999999993,87.5,73.));
#3268=CARTESIAN_POINT('',(58.9999999999993,85.5,75.));
#3269=CARTESIAN_POINT('Origin',(59.,87.5,1.30000000000002));
#3270=CARTESIAN_POINT('',(60.,87.5,1.30000000000001));
#3271=CARTESIAN_POINT('',(60.,87.5,-1.02477856365644));
#3272=CARTESIAN_POINT('',(59.22,87.5,1.30000000000002));
#3273=CARTESIAN_POINT('Origin',(-165.055548698538,82.5,37.499999999998));
#3274=CARTESIAN_POINT('',(-59.9999999999997,82.5,39.7499999999989));
#3275=CARTESIAN_POINT('',(-165.055548698538,82.5,39.749999999998));
#3276=CARTESIAN_POINT('Origin',(-59.9999999999996,82.5,37.4999999999989));
#3277=CARTESIAN_POINT('Origin',(-165.055548698538,82.5,37.499999999998));
#3278=CARTESIAN_POINT('',(59.9999999999996,82.5,39.75));
#3279=CARTESIAN_POINT('Origin',(59.9999999999996,82.5,37.5));
#3280=CARTESIAN_POINT('',(-165.055548698538,82.5,39.749999999998));
#3281=CARTESIAN_POINT('Origin',(-165.055548698538,-82.5,37.499999999998));
#3282=CARTESIAN_POINT('',(-59.9999999999997,-82.5,39.749999999999));
#3283=CARTESIAN_POINT('',(-165.055548698538,-82.5,39.749999999998));
#3284=CARTESIAN_POINT('Origin',(-59.9999999999996,-82.5,37.499999999999));
#3285=CARTESIAN_POINT('Origin',(-165.055548698538,-82.5,37.499999999998));
#3286=CARTESIAN_POINT('',(59.9999999999996,-82.5,39.75));
#3287=CARTESIAN_POINT('Origin',(59.9999999999996,-82.5,37.5));
#3288=CARTESIAN_POINT('',(-165.055548698538,-82.5,39.749999999998));
#3289=CARTESIAN_POINT('Origin',(58.7,0.,1.3));
#3290=CARTESIAN_POINT('',(60.,3.53926986256265E-15,1.30000000000003));
#3291=CARTESIAN_POINT('',(58.7,-87.5,-1.38777878078145E-16));
#3292=CARTESIAN_POINT('Origin',(58.7,-87.5,1.3));
#3293=CARTESIAN_POINT('',(58.7,87.5,-1.38777878078145E-16));
#3294=CARTESIAN_POINT('',(58.7,43.75,0.));
#3295=CARTESIAN_POINT('Origin',(58.7,87.5,1.3));
#3296=CARTESIAN_POINT('Origin',(59.,-87.5,1.30000000000001));
#3297=CARTESIAN_POINT('',(58.7,-87.5,1.));
#3298=CARTESIAN_POINT('Origin',(58.7,-87.5,1.3));
#3299=CARTESIAN_POINT('',(58.7,-87.5,0.5));
#3300=CARTESIAN_POINT('Origin',(60.,87.5,1.29999999999999));
#3301=CARTESIAN_POINT('',(58.7,87.5,1.));
#3302=CARTESIAN_POINT('',(58.7,87.5,0.5));
#3303=CARTESIAN_POINT('Origin',(58.7,87.5,1.3));
#3304=CARTESIAN_POINT('Origin',(58.9999999999993,-87.5,75.));
#3305=CARTESIAN_POINT('',(59.9999999999993,-87.5,75.));
#3306=CARTESIAN_POINT('Origin',(59.9999999999997,7.04801577654154E-15,37.5688053590859));
#3307=CARTESIAN_POINT('Origin',(58.7,0.,1.3));
#3308=CARTESIAN_POINT('',(58.7,43.75,1.));
#3309=CARTESIAN_POINT('Origin',(-58.7,0.,1.3));
#3310=CARTESIAN_POINT('',(-60.,4.64572601621795E-15,1.30000000000002));
#3311=CARTESIAN_POINT('',(-58.7,87.5,-1.38777878078145E-16));
#3312=CARTESIAN_POINT('Origin',(-58.7,87.5,1.3));
#3313=CARTESIAN_POINT('',(-58.7,-87.5,-1.38777878078145E-16));
#3314=CARTESIAN_POINT('',(-58.7,-43.75,0.));
#3315=CARTESIAN_POINT('Origin',(-58.6999999999999,-87.5,1.3));
#3316=CARTESIAN_POINT('Origin',(-59.,87.5,1.3));
#3317=CARTESIAN_POINT('',(-58.7,87.5,1.));
#3318=CARTESIAN_POINT('Origin',(-58.7,87.5,1.3));
#3319=CARTESIAN_POINT('',(-58.7,87.5,0.5));
#3320=CARTESIAN_POINT('Origin',(-59.9999999999999,-87.5,1.30000000000001));
#3321=CARTESIAN_POINT('',(-58.7,-87.5,1.));
#3322=CARTESIAN_POINT('',(-58.7,-87.5,0.5));
#3323=CARTESIAN_POINT('Origin',(-58.6999999999999,-87.5,1.3));
#3324=CARTESIAN_POINT('Origin',(-58.9999999999993,87.5,75.0000000000001));
#3325=CARTESIAN_POINT('',(-59.9999999999993,87.5,75.0000000000001));
#3326=CARTESIAN_POINT('Origin',(-59.9999999999996,9.55551973108917E-15,
37.5688053590859));
#3327=CARTESIAN_POINT('Origin',(-58.7,0.,1.3));
#3328=CARTESIAN_POINT('',(-58.7,-43.75,1.));
#3329=CARTESIAN_POINT('Origin',(-60.,87.5,0.));
#3330=CARTESIAN_POINT('',(-60.,87.5,0.));
#3331=CARTESIAN_POINT('',(-60.,87.5,1.));
#3332=CARTESIAN_POINT('Origin',(6.66133814775094E-15,3.05217245074916E-14,
0.));
#3333=CARTESIAN_POINT('',(60.,-87.5,0.));
#3334=CARTESIAN_POINT('Origin',(60.,-87.5,0.));
#3335=CARTESIAN_POINT('',(60.,-87.5,1.));
#3336=CARTESIAN_POINT('Origin',(6.66133814775094E-15,2.99982603387161E-14,
1.));
#3337=CARTESIAN_POINT('',(0.,0.,0.));
#3338=CARTESIAN_POINT('Origin',(-164.662307413765,-82.499999999999,37.4999999999928));
#3339=CARTESIAN_POINT('',(58.9,-83.7295000000002,37.4999999999928));
#3340=CARTESIAN_POINT('Origin',(58.9,-82.5000000000002,37.4999999999928));
#3341=CARTESIAN_POINT('',(57.9,-83.7295000000002,37.4999999999928));
#3342=CARTESIAN_POINT('',(-164.662307413765,-83.729499999999,37.4999999999927));
#3343=CARTESIAN_POINT('Origin',(57.9,-82.5000000000002,37.4999999999928));
#3344=CARTESIAN_POINT('Origin',(-164.662307413765,-82.499999999999,37.4999999999928));
#3345=CARTESIAN_POINT('',(-57.9,-83.7294999999996,37.4999999999928));
#3346=CARTESIAN_POINT('Origin',(-57.9,-82.4999999999996,37.4999999999928));
#3347=CARTESIAN_POINT('',(-58.9,-83.7294999999996,37.4999999999928));
#3348=CARTESIAN_POINT('',(-164.662307413765,-83.729499999999,37.4999999999927));
#3349=CARTESIAN_POINT('Origin',(-58.9,-82.4999999999996,37.4999999999928));
#3350=CARTESIAN_POINT('Origin',(-164.662307413765,82.5000000000059,37.4999999999936));
#3351=CARTESIAN_POINT('',(58.9,81.2705000000047,37.4999999999936));
#3352=CARTESIAN_POINT('Origin',(58.9,82.5000000000047,37.4999999999937));
#3353=CARTESIAN_POINT('',(57.9,81.2705000000047,37.4999999999936));
#3354=CARTESIAN_POINT('',(-164.662307413765,81.2705000000059,37.4999999999936));
#3355=CARTESIAN_POINT('Origin',(57.9,82.5000000000047,37.4999999999937));
#3356=CARTESIAN_POINT('Origin',(-164.662307413765,82.5000000000059,37.4999999999936));
#3357=CARTESIAN_POINT('',(-57.9,81.2705000000053,37.4999999999936));
#3358=CARTESIAN_POINT('Origin',(-57.9,82.5000000000053,37.4999999999936));
#3359=CARTESIAN_POINT('',(-58.9,81.2705000000053,37.4999999999936));
#3360=CARTESIAN_POINT('',(-164.662307413765,81.2705000000059,37.4999999999936));
#3361=CARTESIAN_POINT('Origin',(-58.9,82.5000000000053,37.4999999999936));
#3362=CARTESIAN_POINT('Origin',(-57.4,0.,1.49999999999999));
#3363=CARTESIAN_POINT('',(-58.9,85.9292893218814,1.49999999999999));
#3364=CARTESIAN_POINT('',(-58.9,-85.9292893218814,1.49999999999999));
#3365=CARTESIAN_POINT('',(-58.9,-9.32494585127414E-16,1.49999999999998));
#3366=CARTESIAN_POINT('',(-57.4,86.,0.));
#3367=CARTESIAN_POINT('Ctrl Pts',(-57.4,86.,-3.60822483003176E-15));
#3368=CARTESIAN_POINT('Ctrl Pts',(-57.8487989505128,85.986531299406,-5.63702523812654E-15));
#3369=CARTESIAN_POINT('Ctrl Pts',(-58.2925719045215,85.973062598812,0.215443259592608));
#3370=CARTESIAN_POINT('Ctrl Pts',(-58.5724250905161,85.9595938982179,0.564551622382356));
#3371=CARTESIAN_POINT('Ctrl Pts',(-58.782314980012,85.9494923727724,0.826382894474667));
#3372=CARTESIAN_POINT('Ctrl Pts',(-58.9,85.9393908473269,1.16340078711537));
#3373=CARTESIAN_POINT('Ctrl Pts',(-58.9,85.9292893218814,1.49999999999998));
#3374=CARTESIAN_POINT('',(-57.4,-86.,3.05311331771918E-15));
#3375=CARTESIAN_POINT('',(-57.4,-43.,0.));
#3376=CARTESIAN_POINT('Ctrl Pts',(-58.9,-85.9292893218814,1.5));
#3377=CARTESIAN_POINT('Ctrl Pts',(-58.9,-85.9393908473269,1.16340078711538));
#3378=CARTESIAN_POINT('Ctrl Pts',(-58.782314980012,-85.9494923727724,0.826382894474675));
#3379=CARTESIAN_POINT('Ctrl Pts',(-58.572425090516,-85.9595938982179,0.564551622382362));
#3380=CARTESIAN_POINT('Ctrl Pts',(-58.2925719045215,-85.9730625988119,0.215443259592614));
#3381=CARTESIAN_POINT('Ctrl Pts',(-57.8487989505128,-85.986531299406,1.42908172068564E-15));
#3382=CARTESIAN_POINT('Ctrl Pts',(-57.4,-86.,0.));
#3383=CARTESIAN_POINT('Origin',(-57.9,-1.35535325869733E-15,4.78473598159835));
#3384=CARTESIAN_POINT('',(-57.9,-85.9292893218814,1.49999999999999));
#3385=CARTESIAN_POINT('',(-57.9,85.9292893218814,1.49999999999999));
#3386=CARTESIAN_POINT('',(-57.9,-7.27602565968659E-16,1.49999999999999));
#3387=CARTESIAN_POINT('',(-57.9000000000001,77.4292893218813,9.99999999999997));
#3388=CARTESIAN_POINT('',(-57.9,85.9292893218814,1.49999999999999));
#3389=CARTESIAN_POINT('',(-57.9,-77.4292893218814,9.99999999999997));
#3390=CARTESIAN_POINT('',(-57.9000000000001,77.4292893218813,9.99999999999997));
#3391=CARTESIAN_POINT('',(-57.9,-85.9292893218814,1.49999999999999));
#3392=CARTESIAN_POINT('Origin',(-57.9,-77.4292893218814,9.99999999999997));
#3393=CARTESIAN_POINT('',(-58.9,-77.4292893218814,9.99999999999996));
#3394=CARTESIAN_POINT('',(-58.9,-85.9292893218814,1.49999999999999));
#3395=CARTESIAN_POINT('',(-57.9,-85.9292893218814,1.49999999999999));
#3396=CARTESIAN_POINT('',(-57.9,-77.4292893218814,9.99999999999997));
#3397=CARTESIAN_POINT('Ctrl Pts',(-57.9,-85.9292893218814,1.5));
#3398=CARTESIAN_POINT('Ctrl Pts',(-57.9,-85.9393908473269,1.38780026237179));
#3399=CARTESIAN_POINT('Ctrl Pts',(-57.808467206676,-85.9629610733664,1.12567523476235));
#3400=CARTESIAN_POINT('Ctrl Pts',(-57.5495996501709,-85.986531299406,0.999999999999996));
#3401=CARTESIAN_POINT('Ctrl Pts',(-57.4,-86.,0.999999999999996));
#3402=CARTESIAN_POINT('Ctrl Pts',(-58.2333333333333,-85.9292893218814,1.5));
#3403=CARTESIAN_POINT('Ctrl Pts',(-58.2333333333333,-85.9393908473269,1.31300043728632));
#3404=CARTESIAN_POINT('Ctrl Pts',(-58.0807786777933,-85.9629610733664,0.876125391270594));
#3405=CARTESIAN_POINT('Ctrl Pts',(-57.6493327502849,-85.986531299406,0.666666666666663));
#3406=CARTESIAN_POINT('Ctrl Pts',(-57.4,-86.,0.666666666666663));
#3407=CARTESIAN_POINT('Ctrl Pts',(-58.5666666666666,-85.9292893218814,1.5));
#3408=CARTESIAN_POINT('Ctrl Pts',(-58.5666666666666,-85.9393908473269,1.23820061220085));
#3409=CARTESIAN_POINT('Ctrl Pts',(-58.3530901489106,-85.9629610733664,0.626575547778833));
#3410=CARTESIAN_POINT('Ctrl Pts',(-57.7490658503988,-85.986531299406,0.33333333333333));
#3411=CARTESIAN_POINT('Ctrl Pts',(-57.4,-86.,0.33333333333333));
#3412=CARTESIAN_POINT('Ctrl Pts',(-58.9,-85.9292893218814,1.5));
#3413=CARTESIAN_POINT('Ctrl Pts',(-58.9,-85.9393908473269,1.16340078711538));
#3414=CARTESIAN_POINT('Ctrl Pts',(-58.625401620028,-85.9629610733664,0.377025704287071));
#3415=CARTESIAN_POINT('Ctrl Pts',(-57.8487989505128,-85.986531299406,-3.60822483003176E-15));
#3416=CARTESIAN_POINT('Ctrl Pts',(-57.4,-86.,-3.60822483003176E-15));
#3417=CARTESIAN_POINT('',(-57.4,-86.,1.));
#3418=CARTESIAN_POINT('Ctrl Pts',(-57.4,-86.,0.999999999999996));
#3419=CARTESIAN_POINT('Ctrl Pts',(-57.4,-86.,0.666666666666663));
#3420=CARTESIAN_POINT('Ctrl Pts',(-57.4,-86.,0.33333333333333));
#3421=CARTESIAN_POINT('Ctrl Pts',(-57.4,-86.,-3.60822483003176E-15));
#3422=CARTESIAN_POINT('Ctrl Pts',(-57.4,-86.,0.999999999999996));
#3423=CARTESIAN_POINT('Ctrl Pts',(-57.5495996501709,-85.986531299406,0.999999999999996));
#3424=CARTESIAN_POINT('Ctrl Pts',(-57.6975239681738,-85.9730625988119,1.0718144198642));
#3425=CARTESIAN_POINT('Ctrl Pts',(-57.7908083635053,-85.9595938982179,1.18818387412745));
#3426=CARTESIAN_POINT('Ctrl Pts',(-57.860771660004,-85.9494923727724,1.27546096482489));
#3427=CARTESIAN_POINT('Ctrl Pts',(-57.9,-85.9393908473269,1.38780026237179));
#3428=CARTESIAN_POINT('Ctrl Pts',(-57.9,-85.9292893218814,1.49999999999999));
#3429=CARTESIAN_POINT('Ctrl Pts',(-58.9,85.9292893218814,1.49999999999999));
#3430=CARTESIAN_POINT('Ctrl Pts',(-58.9,85.9393908473269,1.16340078711537));
#3431=CARTESIAN_POINT('Ctrl Pts',(-58.625401620028,85.9629610733665,0.377025704287065));
#3432=CARTESIAN_POINT('Ctrl Pts',(-57.8487989505128,85.986531299406,-7.07468892722451E-15));
#3433=CARTESIAN_POINT('Ctrl Pts',(-57.4,86.,-3.88578058618805E-15));
#3434=CARTESIAN_POINT('Ctrl Pts',(-58.5666666666667,85.9292893218814,1.49999999999999));
#3435=CARTESIAN_POINT('Ctrl Pts',(-58.5666666666667,85.9393908473269,1.23820061220084));
#3436=CARTESIAN_POINT('Ctrl Pts',(-58.3530901489107,85.9629610733665,0.626575547778828));
#3437=CARTESIAN_POINT('Ctrl Pts',(-57.7490658503989,85.986531299406,0.333333333333327));
#3438=CARTESIAN_POINT('Ctrl Pts',(-57.4,86.,0.33333333333333));
#3439=CARTESIAN_POINT('Ctrl Pts',(-58.2333333333333,85.9292893218814,1.49999999999999));
#3440=CARTESIAN_POINT('Ctrl Pts',(-58.2333333333333,85.9393908473269,1.31300043728631));
#3441=CARTESIAN_POINT('Ctrl Pts',(-58.0807786777934,85.9629610733665,0.87612539127059));
#3442=CARTESIAN_POINT('Ctrl Pts',(-57.6493327502849,85.986531299406,0.666666666666661));
#3443=CARTESIAN_POINT('Ctrl Pts',(-57.4,86.,0.666666666666663));
#3444=CARTESIAN_POINT('Ctrl Pts',(-57.9,85.9292893218814,1.49999999999999));
#3445=CARTESIAN_POINT('Ctrl Pts',(-57.9,85.9393908473269,1.38780026237179));
#3446=CARTESIAN_POINT('Ctrl Pts',(-57.808467206676,85.9629610733665,1.12567523476235));
#3447=CARTESIAN_POINT('Ctrl Pts',(-57.5495996501709,85.986531299406,0.999999999999995));
#3448=CARTESIAN_POINT('Ctrl Pts',(-57.4,86.,0.999999999999996));
#3449=CARTESIAN_POINT('',(-57.9,85.9292893218814,1.49999999999999));
#3450=CARTESIAN_POINT('',(-57.4,86.,1.));
#3451=CARTESIAN_POINT('Ctrl Pts',(-57.4,86.,0.999999999999996));
#3452=CARTESIAN_POINT('Ctrl Pts',(-57.5495996501709,85.986531299406,0.999999999999996));
#3453=CARTESIAN_POINT('Ctrl Pts',(-57.6975239681739,85.973062598812,1.0718144198642));
#3454=CARTESIAN_POINT('Ctrl Pts',(-57.7908083635054,85.9595938982179,1.18818387412745));
#3455=CARTESIAN_POINT('Ctrl Pts',(-57.860771660004,85.9494923727724,1.27546096482489));
#3456=CARTESIAN_POINT('Ctrl Pts',(-57.9,85.9393908473269,1.38780026237179));
#3457=CARTESIAN_POINT('Ctrl Pts',(-57.9,85.9292893218814,1.49999999999999));
#3458=CARTESIAN_POINT('Ctrl Pts',(-57.4,86.,-3.88578058618805E-15));
#3459=CARTESIAN_POINT('Ctrl Pts',(-57.4,86.,0.33333333333333));
#3460=CARTESIAN_POINT('Ctrl Pts',(-57.4,86.,0.666666666666663));
#3461=CARTESIAN_POINT('Ctrl Pts',(-57.4,86.,0.999999999999996));
#3462=CARTESIAN_POINT('Origin',(-57.9,85.9292893218814,1.49999999999999));
#3463=CARTESIAN_POINT('',(-58.9,77.4292893218813,9.99999999999996));
#3464=CARTESIAN_POINT('',(-58.9,85.9292893218814,1.49999999999999));
#3465=CARTESIAN_POINT('',(-57.9000000000001,77.4292893218813,9.99999999999997));
#3466=CARTESIAN_POINT('Origin',(-57.9000000000001,77.4292893218813,9.99999999999997));
#3467=CARTESIAN_POINT('',(-58.9,77.4292893218813,9.99999999999996));
#3468=CARTESIAN_POINT('Origin',(-58.9,-1.5583654689145E-15,4.78473598159833));
#3469=CARTESIAN_POINT('Origin',(-57.4,0.,1.49999999999999));
#3470=CARTESIAN_POINT('',(-57.4,-43.,1.));
#3471=CARTESIAN_POINT('Origin',(-57.4,-86.0000000000002,37.));
#3472=CARTESIAN_POINT('',(-58.9,-86.0000000000001,1.57071067811866));
#3473=CARTESIAN_POINT('',(-58.9,-86.0000000000004,72.9292893218814));
#3474=CARTESIAN_POINT('',(-58.9,-86.0000000000002,37.686026709575));
#3475=CARTESIAN_POINT('',(-57.4,-87.5,1.5));
#3476=CARTESIAN_POINT('Ctrl Pts',(-57.4,-87.5,1.49999999999999));
#3477=CARTESIAN_POINT('Ctrl Pts',(-57.8487989505128,-87.5,1.51346870059402));
#3478=CARTESIAN_POINT('Ctrl Pts',(-58.2927348480476,-87.2847289536437,1.52693740118805));
#3479=CARTESIAN_POINT('Ctrl Pts',(-58.5725647563956,-86.9355959889631,1.54040610178209));
#3480=CARTESIAN_POINT('Ctrl Pts',(-58.7824371876566,-86.6737462654526,1.55050762722761));
#3481=CARTESIAN_POINT('Ctrl Pts',(-58.9,-86.3365992128847,1.56060915267313));
#3482=CARTESIAN_POINT('Ctrl Pts',(-58.9,-86.0000000000001,1.57071067811866));
#3483=CARTESIAN_POINT('',(-57.4,-87.5000000000004,72.5));
#3484=CARTESIAN_POINT('',(-57.4,-87.5000000000003,54.7558628632032));
#3485=CARTESIAN_POINT('Ctrl Pts',(-58.9,-86.0000000000005,72.9292893218814));
#3486=CARTESIAN_POINT('Ctrl Pts',(-58.9,-86.4487989505133,72.8475199272373));
#3487=CARTESIAN_POINT('Ctrl Pts',(-58.6847279319007,-86.8927339969368,72.7657505325932));
#3488=CARTESIAN_POINT('Ctrl Pts',(-58.3355951131833,-87.1725640268721,72.6839811379492));
#3489=CARTESIAN_POINT('Ctrl Pts',(-58.0737454991453,-87.3824365493236,72.6226540919661));
#3490=CARTESIAN_POINT('Ctrl Pts',(-57.7365992128846,-87.5000000000004,72.5613270459831));
#3491=CARTESIAN_POINT('Ctrl Pts',(-57.4,-87.5000000000004,72.5));
#3492=CARTESIAN_POINT('Origin',(-57.9,-82.73147940714,38.3720534191499));
#3493=CARTESIAN_POINT('',(-57.9,-86.0000000000004,72.9292893218814));
#3494=CARTESIAN_POINT('',(-57.9,-86.0000000000001,1.57071067811865));
#3495=CARTESIAN_POINT('',(-57.9,-86.0000000000002,37.686026709575));
#3496=CARTESIAN_POINT('',(-57.9,-77.5000000000001,10.0707106781186));
#3497=CARTESIAN_POINT('',(-57.9,-86.0000000000001,1.57071067811865));
#3498=CARTESIAN_POINT('',(-57.9,-77.5000000000005,72.9292893218814));
#3499=CARTESIAN_POINT('',(-57.9,-77.5000000000001,10.0707106781186));
#3500=CARTESIAN_POINT('',(-57.9,-86.0000000000005,72.9292893218813));
#3501=CARTESIAN_POINT('Origin',(-57.9,-77.5000000000005,72.9292893218814));
#3502=CARTESIAN_POINT('',(-58.9,-77.5000000000005,72.9292893218814));
#3503=CARTESIAN_POINT('',(-58.9,-86.0000000000005,72.9292893218813));
#3504=CARTESIAN_POINT('',(-57.9,-86.0000000000004,72.9292893218814));
#3505=CARTESIAN_POINT('',(-57.9,-77.5000000000005,72.9292893218814));
#3506=CARTESIAN_POINT('Ctrl Pts',(-58.9,-86.0000000000005,72.9292893218814));
#3507=CARTESIAN_POINT('Ctrl Pts',(-58.5666666666667,-86.0000000000005,72.9292893218814));
#3508=CARTESIAN_POINT('Ctrl Pts',(-58.2333333333333,-86.0000000000004,72.9292893218814));
#3509=CARTESIAN_POINT('Ctrl Pts',(-57.9,-86.0000000000004,72.9292893218814));
#3510=CARTESIAN_POINT('Ctrl Pts',(-58.9,-86.4487989505133,72.8475199272373));
#3511=CARTESIAN_POINT('Ctrl Pts',(-58.5655826914069,-86.3486206719468,72.8475199272373));
#3512=CARTESIAN_POINT('Ctrl Pts',(-58.2344173085931,-86.2497779287379,72.8475199272373));
#3513=CARTESIAN_POINT('Ctrl Pts',(-57.9,-86.1495996501714,72.8475199272373));
#3514=CARTESIAN_POINT('Ctrl Pts',(-58.5232738808262,-87.2256852817545,72.7044234866102));
#3515=CARTESIAN_POINT('Ctrl Pts',(-58.2739113860754,-86.9534451886173,72.7044234866102));
#3516=CARTESIAN_POINT('Ctrl Pts',(-58.0237871216929,-86.6808018537223,72.7044234866102));
#3517=CARTESIAN_POINT('Ctrl Pts',(-57.7744246269421,-86.4085617605851,72.7044234866102));
#3518=CARTESIAN_POINT('Ctrl Pts',(-57.7365992128846,-87.5000000000004,72.5613270459831));
#3519=CARTESIAN_POINT('Ctrl Pts',(-57.6619854871336,-87.1664106402839,72.5613270459831));
#3520=CARTESIAN_POINT('Ctrl Pts',(-57.5868134633793,-86.833589359717,72.5613270459831));
#3521=CARTESIAN_POINT('Ctrl Pts',(-57.5121997376282,-86.5000000000004,72.5613270459831));
#3522=CARTESIAN_POINT('Ctrl Pts',(-57.4,-87.5000000000004,72.5));
#3523=CARTESIAN_POINT('Ctrl Pts',(-57.4,-87.1666666666671,72.5));
#3524=CARTESIAN_POINT('Ctrl Pts',(-57.4,-86.8333333333337,72.5));
#3525=CARTESIAN_POINT('Ctrl Pts',(-57.4,-86.5000000000004,72.5));
#3526=CARTESIAN_POINT('',(-57.4,-86.5000000000004,72.5));
#3527=CARTESIAN_POINT('',(-57.4,-86.5000000000004,72.5));
#3528=CARTESIAN_POINT('Ctrl Pts',(-57.4,-86.5000000000004,72.5));
#3529=CARTESIAN_POINT('Ctrl Pts',(-57.5121997376282,-86.5000000000004,72.5613270459831));
#3530=CARTESIAN_POINT('Ctrl Pts',(-57.6245818330484,-86.4608121831081,72.6226540919661));
#3531=CARTESIAN_POINT('Ctrl Pts',(-57.7118650377278,-86.3908546756243,72.6839811379492));
#3532=CARTESIAN_POINT('Ctrl Pts',(-57.8282426439669,-86.2975779989792,72.7657505325932));
#3533=CARTESIAN_POINT('Ctrl Pts',(-57.9,-86.1495996501714,72.8475199272373));
#3534=CARTESIAN_POINT('Ctrl Pts',(-57.9,-86.0000000000005,72.9292893218814));
#3535=CARTESIAN_POINT('Ctrl Pts',(-57.4,-87.5,1.49999999999999));
#3536=CARTESIAN_POINT('Ctrl Pts',(-57.4,-87.1666666666667,1.5));
#3537=CARTESIAN_POINT('Ctrl Pts',(-57.4,-86.8333333333334,1.5));
#3538=CARTESIAN_POINT('Ctrl Pts',(-57.4,-86.5,1.5));
#3539=CARTESIAN_POINT('Ctrl Pts',(-57.8487989505128,-87.5,1.51346870059402));
#3540=CARTESIAN_POINT('Ctrl Pts',(-57.7486206719463,-87.1655826914069,1.51346870059402));
#3541=CARTESIAN_POINT('Ctrl Pts',(-57.6497779287374,-86.8344173085931,1.51346870059403));
#3542=CARTESIAN_POINT('Ctrl Pts',(-57.5495996501709,-86.5,1.51346870059403));
#3543=CARTESIAN_POINT('Ctrl Pts',(-58.6256867711987,-87.1232756688765,1.53703892663358));
#3544=CARTESIAN_POINT('Ctrl Pts',(-58.3534466780616,-86.8739131741257,1.53703892663358));
#3545=CARTESIAN_POINT('Ctrl Pts',(-58.0808023502034,-86.6237877177096,1.53703892663358));
#3546=CARTESIAN_POINT('Ctrl Pts',(-57.8085622570662,-86.3744252229588,1.53703892663358));
#3547=CARTESIAN_POINT('Ctrl Pts',(-58.9,-86.3365992128847,1.56060915267313));
#3548=CARTESIAN_POINT('Ctrl Pts',(-58.5664106402835,-86.2619854871336,1.56060915267313));
#3549=CARTESIAN_POINT('Ctrl Pts',(-58.2335893597166,-86.1868134633793,1.56060915267313));
#3550=CARTESIAN_POINT('Ctrl Pts',(-57.9,-86.1121997376282,1.56060915267313));
#3551=CARTESIAN_POINT('Ctrl Pts',(-58.9,-86.0000000000001,1.57071067811866));
#3552=CARTESIAN_POINT('Ctrl Pts',(-58.5666666666667,-86.0000000000001,1.57071067811866));
#3553=CARTESIAN_POINT('Ctrl Pts',(-58.2333333333333,-86.,1.57071067811866));
#3554=CARTESIAN_POINT('Ctrl Pts',(-57.9,-86.,1.57071067811866));
#3555=CARTESIAN_POINT('',(-57.9,-86.0000000000001,1.57071067811865));
#3556=CARTESIAN_POINT('',(-57.4,-86.5,1.5));
#3557=CARTESIAN_POINT('Ctrl Pts',(-57.4,-86.5,1.5));
#3558=CARTESIAN_POINT('Ctrl Pts',(-57.5495996501709,-86.5,1.51346870059403));
#3559=CARTESIAN_POINT('Ctrl Pts',(-57.6975782826825,-86.4282429845479,1.52693740118806));
#3560=CARTESIAN_POINT('Ctrl Pts',(-57.7908549187985,-86.3118653296544,1.54040610178209));
#3561=CARTESIAN_POINT('Ctrl Pts',(-57.8608123958855,-86.2245820884842,1.55050762722761));
#3562=CARTESIAN_POINT('Ctrl Pts',(-57.9,-86.1121997376282,1.56060915267313));
#3563=CARTESIAN_POINT('Ctrl Pts',(-57.9,-86.,1.57071067811866));
#3564=CARTESIAN_POINT('Ctrl Pts',(-57.4,-87.5,1.49999999999999));
#3565=CARTESIAN_POINT('Ctrl Pts',(-57.4,-87.1666666666667,1.5));
#3566=CARTESIAN_POINT('Ctrl Pts',(-57.4,-86.8333333333334,1.5));
#3567=CARTESIAN_POINT('Ctrl Pts',(-57.4,-86.5,1.5));
#3568=CARTESIAN_POINT('Origin',(-57.9,-86.0000000000001,1.57071067811865));
#3569=CARTESIAN_POINT('',(-58.9,-77.5000000000001,10.0707106781186));
#3570=CARTESIAN_POINT('',(-58.9,-86.0000000000001,1.57071067811865));
#3571=CARTESIAN_POINT('',(-57.9,-77.5000000000001,10.0707106781186));
#3572=CARTESIAN_POINT('Origin',(-57.9,-77.5000000000001,10.0707106781186));
#3573=CARTESIAN_POINT('',(-58.9,-77.5000000000001,10.0707106781186));
#3574=CARTESIAN_POINT('Origin',(-58.9,-82.73147940714,38.3720534191499));
#3575=CARTESIAN_POINT('Origin',(-57.4,-86.0000000000002,37.));
#3576=CARTESIAN_POINT('',(-57.4,-86.5000000000003,54.7558628632032));
#3577=CARTESIAN_POINT('Origin',(-1.13579039130604E-18,-86.0000000000004,
72.5));
#3578=CARTESIAN_POINT('',(-57.8292893218813,-86.0000000000004,74.));
#3579=CARTESIAN_POINT('',(57.8292893218813,-86.0000000000004,74.));
#3580=CARTESIAN_POINT('',(-1.81243147548836E-18,-86.0000000000004,74.));
#3581=CARTESIAN_POINT('Ctrl Pts',(-57.4,-87.5000000000004,72.5));
#3582=CARTESIAN_POINT('Ctrl Pts',(-57.4817693946441,-87.5000000000004,72.9487989505129));
#3583=CARTESIAN_POINT('Ctrl Pts',(-57.5635387892881,-87.2847279319011,73.3927339969364));
#3584=CARTESIAN_POINT('Ctrl Pts',(-57.6453081839322,-86.9355951131837,73.6725640268717));
#3585=CARTESIAN_POINT('Ctrl Pts',(-57.7066352299152,-86.6737454991457,73.8824365493232));
#3586=CARTESIAN_POINT('Ctrl Pts',(-57.7679622758983,-86.336599212885,74.));
#3587=CARTESIAN_POINT('Ctrl Pts',(-57.8292893218813,-86.0000000000004,74.));
#3588=CARTESIAN_POINT('',(57.4,-87.5000000000004,72.5));
#3589=CARTESIAN_POINT('',(28.7,-87.5000000000004,72.5));
#3590=CARTESIAN_POINT('Ctrl Pts',(57.8292893218813,-86.0000000000004,74.));
#3591=CARTESIAN_POINT('Ctrl Pts',(57.7475199272373,-86.4487989505133,74.));
#3592=CARTESIAN_POINT('Ctrl Pts',(57.6657505325932,-86.8927339969368,73.7847279319007));
#3593=CARTESIAN_POINT('Ctrl Pts',(57.5839811379491,-87.1725640268721,73.4355951131833));
#3594=CARTESIAN_POINT('Ctrl Pts',(57.5226540919661,-87.3824365493236,73.1737454991453));
#3595=CARTESIAN_POINT('Ctrl Pts',(57.461327045983,-87.5000000000004,72.8365992128846));
#3596=CARTESIAN_POINT('Ctrl Pts',(57.4,-87.5000000000004,72.5));
#3597=CARTESIAN_POINT('Origin',(-4.86546770561095E-18,-82.4732537990441,
73.));
#3598=CARTESIAN_POINT('',(57.8292893218813,-86.0000000000004,73.));
#3599=CARTESIAN_POINT('',(-57.8292893218813,-86.0000000000004,73.));
#3600=CARTESIAN_POINT('',(-6.04143825162796E-19,-86.0000000000004,73.));
#3601=CARTESIAN_POINT('',(-57.8292893218813,-77.5000000000004,73.));
#3602=CARTESIAN_POINT('',(-57.8292893218813,-86.0000000000004,73.));
#3603=CARTESIAN_POINT('',(57.8292893218813,-77.5000000000004,73.));
#3604=CARTESIAN_POINT('',(-57.8292893218813,-77.5000000000004,73.));
#3605=CARTESIAN_POINT('',(57.8292893218813,-86.0000000000004,73.));
#3606=CARTESIAN_POINT('Origin',(57.8292893218813,-77.5000000000004,73.));
#3607=CARTESIAN_POINT('',(57.8292893218813,-77.5000000000004,73.9999999999999));
#3608=CARTESIAN_POINT('',(57.8292893218813,-86.0000000000004,74.));
#3609=CARTESIAN_POINT('',(57.8292893218813,-86.0000000000004,73.));
#3610=CARTESIAN_POINT('',(57.8292893218813,-77.5000000000004,73.));
#3611=CARTESIAN_POINT('Ctrl Pts',(57.8292893218813,-86.0000000000004,74.));
#3612=CARTESIAN_POINT('Ctrl Pts',(57.8292893218813,-86.0000000000004,73.6666666666667));
#3613=CARTESIAN_POINT('Ctrl Pts',(57.8292893218813,-86.0000000000004,73.3333333333333));
#3614=CARTESIAN_POINT('Ctrl Pts',(57.8292893218813,-86.0000000000004,73.));
#3615=CARTESIAN_POINT('Ctrl Pts',(57.7475199272373,-86.4487989505133,74.));
#3616=CARTESIAN_POINT('Ctrl Pts',(57.7475199272373,-86.3486206719468,73.6655826914069));
#3617=CARTESIAN_POINT('Ctrl Pts',(57.7475199272373,-86.2497779287378,73.3344173085931));
#3618=CARTESIAN_POINT('Ctrl Pts',(57.7475199272373,-86.1495996501714,73.));
#3619=CARTESIAN_POINT('Ctrl Pts',(57.6044234866102,-87.2256852817545,73.6232738808262));
#3620=CARTESIAN_POINT('Ctrl Pts',(57.6044234866102,-86.9534451886173,73.3739113860754));
#3621=CARTESIAN_POINT('Ctrl Pts',(57.6044234866102,-86.6808018537222,73.1237871216928));
#3622=CARTESIAN_POINT('Ctrl Pts',(57.6044234866102,-86.4085617605851,72.874424626942));
#3623=CARTESIAN_POINT('Ctrl Pts',(57.461327045983,-87.5000000000004,72.8365992128846));
#3624=CARTESIAN_POINT('Ctrl Pts',(57.461327045983,-87.1664106402839,72.7619854871336));
#3625=CARTESIAN_POINT('Ctrl Pts',(57.461327045983,-86.833589359717,72.6868134633793));
#3626=CARTESIAN_POINT('Ctrl Pts',(57.461327045983,-86.5000000000004,72.6121997376282));
#3627=CARTESIAN_POINT('Ctrl Pts',(57.4,-87.5000000000004,72.5));
#3628=CARTESIAN_POINT('Ctrl Pts',(57.4,-87.1666666666671,72.5));
#3629=CARTESIAN_POINT('Ctrl Pts',(57.4,-86.8333333333337,72.5));
#3630=CARTESIAN_POINT('Ctrl Pts',(57.4,-86.5000000000004,72.5));
#3631=CARTESIAN_POINT('',(57.4,-86.5000000000004,72.5));
#3632=CARTESIAN_POINT('',(57.4,-86.5000000000004,72.5));
#3633=CARTESIAN_POINT('Ctrl Pts',(57.4,-86.5000000000004,72.5));
#3634=CARTESIAN_POINT('Ctrl Pts',(57.461327045983,-86.5000000000004,72.6121997376282));
#3635=CARTESIAN_POINT('Ctrl Pts',(57.5226540919661,-86.4608121831081,72.7245818330484));
#3636=CARTESIAN_POINT('Ctrl Pts',(57.5839811379491,-86.3908546756243,72.8118650377278));
#3637=CARTESIAN_POINT('Ctrl Pts',(57.6657505325932,-86.2975779989792,72.9282426439669));
#3638=CARTESIAN_POINT('Ctrl Pts',(57.7475199272373,-86.1495996501714,73.));
#3639=CARTESIAN_POINT('Ctrl Pts',(57.8292893218813,-86.0000000000004,73.));
#3640=CARTESIAN_POINT('Ctrl Pts',(-57.4,-87.5000000000004,72.5));
#3641=CARTESIAN_POINT('Ctrl Pts',(-57.4,-87.1666666666671,72.5));
#3642=CARTESIAN_POINT('Ctrl Pts',(-57.4,-86.8333333333337,72.5));
#3643=CARTESIAN_POINT('Ctrl Pts',(-57.4,-86.5000000000004,72.5));
#3644=CARTESIAN_POINT('Ctrl Pts',(-57.4817693946441,-87.5000000000004,72.9487989505129));
#3645=CARTESIAN_POINT('Ctrl Pts',(-57.4817693946441,-87.1655826914073,72.8486206719463));
#3646=CARTESIAN_POINT('Ctrl Pts',(-57.4817693946441,-86.8344173085935,72.7497779287374));
#3647=CARTESIAN_POINT('Ctrl Pts',(-57.4817693946441,-86.5000000000004,72.649599650171));
#3648=CARTESIAN_POINT('Ctrl Pts',(-57.6248658352712,-87.1232738808266,73.7256852817541));
#3649=CARTESIAN_POINT('Ctrl Pts',(-57.6248658352712,-86.8739113860758,73.4534451886169));
#3650=CARTESIAN_POINT('Ctrl Pts',(-57.6248658352712,-86.6237871216932,73.1808018537218));
#3651=CARTESIAN_POINT('Ctrl Pts',(-57.6248658352712,-86.3744246269424,72.9085617605847));
#3652=CARTESIAN_POINT('Ctrl Pts',(-57.7679622758983,-86.336599212885,74.));
#3653=CARTESIAN_POINT('Ctrl Pts',(-57.7679622758983,-86.261985487134,73.6664106402835));
#3654=CARTESIAN_POINT('Ctrl Pts',(-57.7679622758983,-86.1868134633797,73.3335893597165));
#3655=CARTESIAN_POINT('Ctrl Pts',(-57.7679622758983,-86.1121997376286,73.));
#3656=CARTESIAN_POINT('Ctrl Pts',(-57.8292893218813,-86.0000000000004,74.));
#3657=CARTESIAN_POINT('Ctrl Pts',(-57.8292893218813,-86.0000000000004,73.6666666666667));
#3658=CARTESIAN_POINT('Ctrl Pts',(-57.8292893218813,-86.0000000000004,73.3333333333333));
#3659=CARTESIAN_POINT('Ctrl Pts',(-57.8292893218813,-86.0000000000004,73.));
#3660=CARTESIAN_POINT('',(-57.8292893218813,-86.0000000000004,73.));
#3661=CARTESIAN_POINT('Ctrl Pts',(-57.4,-86.5000000000004,72.5));
#3662=CARTESIAN_POINT('Ctrl Pts',(-57.4817693946441,-86.5000000000004,72.649599650171));
#3663=CARTESIAN_POINT('Ctrl Pts',(-57.5635387892881,-86.4282426439673,72.7975779989788));
#3664=CARTESIAN_POINT('Ctrl Pts',(-57.6453081839322,-86.3118650377282,72.8908546756239));
#3665=CARTESIAN_POINT('Ctrl Pts',(-57.7066352299152,-86.2245818330488,72.9608121831077));
#3666=CARTESIAN_POINT('Ctrl Pts',(-57.7679622758983,-86.1121997376286,73.));
#3667=CARTESIAN_POINT('Ctrl Pts',(-57.8292893218813,-86.0000000000004,73.));
#3668=CARTESIAN_POINT('Origin',(-57.8292893218813,-86.0000000000004,73.));
#3669=CARTESIAN_POINT('',(-57.8292893218813,-77.5000000000004,73.9999999999999));
#3670=CARTESIAN_POINT('',(-57.8292893218813,-86.0000000000004,74.));
#3671=CARTESIAN_POINT('',(-57.8292893218813,-77.5000000000004,73.));
#3672=CARTESIAN_POINT('Origin',(-57.8292893218813,-77.5000000000004,73.));
#3673=CARTESIAN_POINT('',(-57.8292893218813,-77.5000000000004,73.9999999999999));
#3674=CARTESIAN_POINT('Origin',(-6.07375535593654E-18,-82.4732537990441,
74.));
#3675=CARTESIAN_POINT('Origin',(-1.13579039130604E-18,-86.0000000000004,
72.5));
#3676=CARTESIAN_POINT('',(28.7,-86.5000000000004,72.5));
#3677=CARTESIAN_POINT('Origin',(57.4,-86.0000000000002,37.));
#3678=CARTESIAN_POINT('',(58.9,-86.0000000000004,72.9292893218814));
#3679=CARTESIAN_POINT('',(58.9,-86.,1.57071067811868));
#3680=CARTESIAN_POINT('',(58.9,-86.0000000000002,37.6860267095749));
#3681=CARTESIAN_POINT('Ctrl Pts',(57.4,-87.5000000000004,72.5));
#3682=CARTESIAN_POINT('Ctrl Pts',(57.7365992128846,-87.5000000000004,72.561327045983));
#3683=CARTESIAN_POINT('Ctrl Pts',(58.0737454991453,-87.3824365493235,72.6226540919661));
#3684=CARTESIAN_POINT('Ctrl Pts',(58.3355951131833,-87.1725640268721,72.6839811379492));
#3685=CARTESIAN_POINT('Ctrl Pts',(58.6847279319006,-86.8927339969368,72.7657505325932));
#3686=CARTESIAN_POINT('Ctrl Pts',(58.9,-86.4487989505132,72.8475199272373));
#3687=CARTESIAN_POINT('Ctrl Pts',(58.9,-86.0000000000004,72.9292893218814));
#3688=CARTESIAN_POINT('',(57.4,-87.5,1.50000000000001));
#3689=CARTESIAN_POINT('',(57.4,-87.5000000000001,19.2558628632032));
#3690=CARTESIAN_POINT('Ctrl Pts',(58.9,-86.,1.57071067811868));
#3691=CARTESIAN_POINT('Ctrl Pts',(58.9,-86.3365992128846,1.56060915267315));
#3692=CARTESIAN_POINT('Ctrl Pts',(58.7824371876566,-86.6737462654526,1.55050762722762));
#3693=CARTESIAN_POINT('Ctrl Pts',(58.5725647563956,-86.935595988963,1.5404061017821));
#3694=CARTESIAN_POINT('Ctrl Pts',(58.2927348480476,-87.2847289536437,1.52693740118806));
#3695=CARTESIAN_POINT('Ctrl Pts',(57.8487989505128,-87.5,1.51346870059402));
#3696=CARTESIAN_POINT('Ctrl Pts',(57.4,-87.5,1.49999999999999));
#3697=CARTESIAN_POINT('Origin',(57.9,-82.7314794071399,38.3720534191499));
#3698=CARTESIAN_POINT('',(57.9,-86.,1.57071067811868));
#3699=CARTESIAN_POINT('',(57.9,-86.0000000000004,72.9292893218814));
#3700=CARTESIAN_POINT('',(57.9,-86.0000000000002,37.686026709575));
#3701=CARTESIAN_POINT('',(57.9,-77.5000000000004,72.9292893218814));
#3702=CARTESIAN_POINT('',(57.9,-86.0000000000004,72.9292893218813));
#3703=CARTESIAN_POINT('',(57.9,-77.5000000000001,10.0707106781186));
#3704=CARTESIAN_POINT('',(57.9,-77.5000000000004,72.9292893218814));
#3705=CARTESIAN_POINT('',(57.9,-86.,1.57071067811868));
#3706=CARTESIAN_POINT('Origin',(57.9,-77.5000000000001,10.0707106781186));
#3707=CARTESIAN_POINT('',(58.9,-77.5000000000001,10.0707106781186));
#3708=CARTESIAN_POINT('',(58.9,-86.,1.57071067811866));
#3709=CARTESIAN_POINT('',(57.9,-86.,1.57071067811868));
#3710=CARTESIAN_POINT('',(57.9,-77.5000000000001,10.0707106781186));
#3711=CARTESIAN_POINT('Ctrl Pts',(58.9,-86.,1.57071067811868));
#3712=CARTESIAN_POINT('Ctrl Pts',(58.5666666666667,-86.,1.57071067811868));
#3713=CARTESIAN_POINT('Ctrl Pts',(58.2333333333333,-86.,1.57071067811868));
#3714=CARTESIAN_POINT('Ctrl Pts',(57.9,-86.,1.57071067811868));
#3715=CARTESIAN_POINT('Ctrl Pts',(58.9,-86.3365992128846,1.56060915267315));
#3716=CARTESIAN_POINT('Ctrl Pts',(58.5664106402834,-86.2619854871336,1.56060915267315));
#3717=CARTESIAN_POINT('Ctrl Pts',(58.2335893597165,-86.1868134633793,1.56060915267316));
#3718=CARTESIAN_POINT('Ctrl Pts',(57.9,-86.1121997376282,1.56060915267316));
#3719=CARTESIAN_POINT('Ctrl Pts',(58.6256867711987,-87.1232756688764,1.53703892663359));
#3720=CARTESIAN_POINT('Ctrl Pts',(58.3534466780616,-86.8739131741256,1.53703892663359));
#3721=CARTESIAN_POINT('Ctrl Pts',(58.0808023502034,-86.6237877177095,1.53703892663359));
#3722=CARTESIAN_POINT('Ctrl Pts',(57.8085622570662,-86.3744252229588,1.53703892663359));
#3723=CARTESIAN_POINT('Ctrl Pts',(57.8487989505128,-87.5,1.51346870059402));
#3724=CARTESIAN_POINT('Ctrl Pts',(57.7486206719463,-87.1655826914069,1.51346870059403));
#3725=CARTESIAN_POINT('Ctrl Pts',(57.6497779287374,-86.8344173085931,1.51346870059403));
#3726=CARTESIAN_POINT('Ctrl Pts',(57.5495996501709,-86.5,1.51346870059403));
#3727=CARTESIAN_POINT('Ctrl Pts',(57.4,-87.5,1.49999999999999));
#3728=CARTESIAN_POINT('Ctrl Pts',(57.4,-87.1666666666667,1.49999999999999));
#3729=CARTESIAN_POINT('Ctrl Pts',(57.4,-86.8333333333333,1.5));
#3730=CARTESIAN_POINT('Ctrl Pts',(57.4,-86.5,1.5));
#3731=CARTESIAN_POINT('',(57.4,-86.5,1.5));
#3732=CARTESIAN_POINT('Ctrl Pts',(57.4,-86.5,1.5));
#3733=CARTESIAN_POINT('Ctrl Pts',(57.4,-86.8333333333333,1.5));
#3734=CARTESIAN_POINT('Ctrl Pts',(57.4,-87.1666666666667,1.49999999999999));
#3735=CARTESIAN_POINT('Ctrl Pts',(57.4,-87.5,1.49999999999999));
#3736=CARTESIAN_POINT('Ctrl Pts',(57.4,-86.5,1.5));
#3737=CARTESIAN_POINT('Ctrl Pts',(57.5495996501709,-86.5,1.51346870059403));
#3738=CARTESIAN_POINT('Ctrl Pts',(57.6975782826825,-86.4282429845479,1.52693740118807));
#3739=CARTESIAN_POINT('Ctrl Pts',(57.7908549187985,-86.3118653296543,1.5404061017821));
#3740=CARTESIAN_POINT('Ctrl Pts',(57.8608123958855,-86.2245820884841,1.55050762722763));
#3741=CARTESIAN_POINT('Ctrl Pts',(57.9,-86.1121997376282,1.56060915267316));
#3742=CARTESIAN_POINT('Ctrl Pts',(57.9,-86.,1.57071067811868));
#3743=CARTESIAN_POINT('Ctrl Pts',(57.4,-87.5000000000004,72.5));
#3744=CARTESIAN_POINT('Ctrl Pts',(57.4,-87.1666666666671,72.5));
#3745=CARTESIAN_POINT('Ctrl Pts',(57.4,-86.8333333333337,72.5));
#3746=CARTESIAN_POINT('Ctrl Pts',(57.4,-86.5000000000004,72.5));
#3747=CARTESIAN_POINT('Ctrl Pts',(57.7365992128846,-87.5000000000004,72.561327045983));
#3748=CARTESIAN_POINT('Ctrl Pts',(57.6619854871335,-87.1664106402838,72.561327045983));
#3749=CARTESIAN_POINT('Ctrl Pts',(57.5868134633792,-86.8335893597169,72.561327045983));
#3750=CARTESIAN_POINT('Ctrl Pts',(57.5121997376282,-86.5000000000004,72.561327045983));
#3751=CARTESIAN_POINT('Ctrl Pts',(58.5232738808261,-87.2256852817545,72.7044234866102));
#3752=CARTESIAN_POINT('Ctrl Pts',(58.2739113860753,-86.9534451886173,72.7044234866102));
#3753=CARTESIAN_POINT('Ctrl Pts',(58.0237871216928,-86.6808018537222,72.7044234866102));
#3754=CARTESIAN_POINT('Ctrl Pts',(57.774424626942,-86.4085617605851,72.7044234866102));
#3755=CARTESIAN_POINT('Ctrl Pts',(58.9,-86.4487989505132,72.8475199272373));
#3756=CARTESIAN_POINT('Ctrl Pts',(58.5655826914069,-86.3486206719467,72.8475199272373));
#3757=CARTESIAN_POINT('Ctrl Pts',(58.2344173085931,-86.2497779287378,72.8475199272373));
#3758=CARTESIAN_POINT('Ctrl Pts',(57.9,-86.1495996501713,72.8475199272373));
#3759=CARTESIAN_POINT('Ctrl Pts',(58.9,-86.0000000000004,72.9292893218814));
#3760=CARTESIAN_POINT('Ctrl Pts',(58.5666666666667,-86.0000000000004,72.9292893218814));
#3761=CARTESIAN_POINT('Ctrl Pts',(58.2333333333333,-86.0000000000004,72.9292893218814));
#3762=CARTESIAN_POINT('Ctrl Pts',(57.9,-86.0000000000004,72.9292893218814));
#3763=CARTESIAN_POINT('',(57.9,-86.0000000000004,72.9292893218814));
#3764=CARTESIAN_POINT('Ctrl Pts',(57.4,-86.5000000000004,72.5));
#3765=CARTESIAN_POINT('Ctrl Pts',(57.5121997376282,-86.5000000000004,72.561327045983));
#3766=CARTESIAN_POINT('Ctrl Pts',(57.6245818330484,-86.4608121831081,72.6226540919661));
#3767=CARTESIAN_POINT('Ctrl Pts',(57.7118650377277,-86.3908546756243,72.6839811379492));
#3768=CARTESIAN_POINT('Ctrl Pts',(57.8282426439669,-86.2975779989792,72.7657505325932));
#3769=CARTESIAN_POINT('Ctrl Pts',(57.9,-86.1495996501713,72.8475199272373));
#3770=CARTESIAN_POINT('Ctrl Pts',(57.9,-86.0000000000004,72.9292893218814));
#3771=CARTESIAN_POINT('Origin',(57.9,-86.0000000000004,72.9292893218814));
#3772=CARTESIAN_POINT('',(58.9,-77.5000000000004,72.9292893218814));
#3773=CARTESIAN_POINT('',(58.9,-86.0000000000004,72.9292893218813));
#3774=CARTESIAN_POINT('',(57.9,-77.5000000000004,72.9292893218814));
#3775=CARTESIAN_POINT('Origin',(57.9,-77.5000000000004,72.9292893218814));
#3776=CARTESIAN_POINT('',(58.9,-77.5000000000004,72.9292893218814));
#3777=CARTESIAN_POINT('Origin',(58.9,-82.73147940714,38.3720534191499));
#3778=CARTESIAN_POINT('Origin',(57.4,-86.0000000000002,37.));
#3779=CARTESIAN_POINT('',(57.4,-86.5000000000001,19.2558628632032));
#3780=CARTESIAN_POINT('Origin',(57.4,1.77635683940025E-14,1.49999999999999));
#3781=CARTESIAN_POINT('',(58.9,-85.9292893218814,1.49999999999999));
#3782=CARTESIAN_POINT('',(58.9,85.9292893218814,1.49999999999999));
#3783=CARTESIAN_POINT('',(58.9,5.82867087928207E-15,1.49999999999999));
#3784=CARTESIAN_POINT('',(57.4,-86.,0.));
#3785=CARTESIAN_POINT('Ctrl Pts',(57.4,-86.,-3.46944695195361E-15));
#3786=CARTESIAN_POINT('Ctrl Pts',(57.7365992128846,-85.9898984745545,-2.95398626194908E-15));
#3787=CARTESIAN_POINT('Ctrl Pts',(58.0736171055253,-85.9797969491089,0.117685019988004));
#3788=CARTESIAN_POINT('Ctrl Pts',(58.3354483776176,-85.9696954236634,0.327574909483935));
#3789=CARTESIAN_POINT('Ctrl Pts',(58.6845567404074,-85.9562267230694,0.607428095478509));
#3790=CARTESIAN_POINT('Ctrl Pts',(58.9,-85.9427580224754,1.05120104948717));
#3791=CARTESIAN_POINT('Ctrl Pts',(58.9,-85.9292893218814,1.49999999999999));
#3792=CARTESIAN_POINT('',(57.4,86.,1.19348975147204E-14));
#3793=CARTESIAN_POINT('',(57.4,43.,0.));
#3794=CARTESIAN_POINT('Ctrl Pts',(58.9,85.9292893218814,1.5));
#3795=CARTESIAN_POINT('Ctrl Pts',(58.9,85.9427580224754,1.05120104948717));
#3796=CARTESIAN_POINT('Ctrl Pts',(58.6845567404074,85.9562267230694,0.607428095478505));
#3797=CARTESIAN_POINT('Ctrl Pts',(58.3354483776176,85.9696954236635,0.327574909483932));
#3798=CARTESIAN_POINT('Ctrl Pts',(58.0736171055253,85.979796949109,0.117685019988005));
#3799=CARTESIAN_POINT('Ctrl Pts',(57.7365992128846,85.9898984745545,8.05093777988149E-16));
#3800=CARTESIAN_POINT('Ctrl Pts',(57.4,86.,-2.51449413539198E-29));
#3801=CARTESIAN_POINT('Origin',(57.9,-6.10622663543836E-15,4.78473598159834));
#3802=CARTESIAN_POINT('',(57.9,85.9292893218814,1.49999999999999));
#3803=CARTESIAN_POINT('',(57.9,-85.9292893218814,1.49999999999999));
#3804=CARTESIAN_POINT('',(57.9,5.82867087928207E-15,1.49999999999999));
#3805=CARTESIAN_POINT('',(57.9,-77.4292893218814,9.99999999999997));
#3806=CARTESIAN_POINT('',(57.9,-85.9292893218814,1.49999999999999));
#3807=CARTESIAN_POINT('',(57.9,77.4292893218813,9.99999999999997));
#3808=CARTESIAN_POINT('',(57.9,-77.4292893218814,9.99999999999997));
#3809=CARTESIAN_POINT('',(57.9,85.9292893218814,1.49999999999999));
#3810=CARTESIAN_POINT('Origin',(57.9,77.4292893218813,9.99999999999997));
#3811=CARTESIAN_POINT('',(58.9,77.4292893218813,9.99999999999997));
#3812=CARTESIAN_POINT('',(58.9,85.9292893218814,1.49999999999999));
#3813=CARTESIAN_POINT('',(57.9,85.9292893218814,1.49999999999999));
#3814=CARTESIAN_POINT('',(57.9,77.4292893218813,9.99999999999997));
#3815=CARTESIAN_POINT('Ctrl Pts',(57.4,86.,-3.60822483003176E-15));
#3816=CARTESIAN_POINT('Ctrl Pts',(57.7365992128846,85.9898984745545,-5.99990608580911E-15));
#3817=CARTESIAN_POINT('Ctrl Pts',(58.5229742957129,85.9663282485149,0.274598379972007));
#3818=CARTESIAN_POINT('Ctrl Pts',(58.9,85.9427580224754,1.05120104948717));
#3819=CARTESIAN_POINT('Ctrl Pts',(58.9,85.9292893218814,1.5));
#3820=CARTESIAN_POINT('Ctrl Pts',(57.4,86.,0.33333333333333));
#3821=CARTESIAN_POINT('Ctrl Pts',(57.6617993877991,85.9898984745545,0.333333333333328));
#3822=CARTESIAN_POINT('Ctrl Pts',(58.2734244522212,85.9663282485149,0.546909851089338));
#3823=CARTESIAN_POINT('Ctrl Pts',(58.5666666666667,85.9427580224754,1.15093414960113));
#3824=CARTESIAN_POINT('Ctrl Pts',(58.5666666666667,85.9292893218814,1.5));
#3825=CARTESIAN_POINT('Ctrl Pts',(57.4,86.,0.666666666666663));
#3826=CARTESIAN_POINT('Ctrl Pts',(57.5869995627137,85.9898984745545,0.666666666666662));
#3827=CARTESIAN_POINT('Ctrl Pts',(58.0238746087294,85.9663282485149,0.819221322206668));
#3828=CARTESIAN_POINT('Ctrl Pts',(58.2333333333333,85.9427580224754,1.25066724971509));
#3829=CARTESIAN_POINT('Ctrl Pts',(58.2333333333333,85.9292893218814,1.5));
#3830=CARTESIAN_POINT('Ctrl Pts',(57.4,86.,0.999999999999996));
#3831=CARTESIAN_POINT('Ctrl Pts',(57.5121997376282,85.9898984745545,0.999999999999996));
#3832=CARTESIAN_POINT('Ctrl Pts',(57.7743247652376,85.9663282485149,1.091532793324));
#3833=CARTESIAN_POINT('Ctrl Pts',(57.9,85.9427580224754,1.35040034982905));
#3834=CARTESIAN_POINT('Ctrl Pts',(57.9,85.9292893218814,1.5));
#3835=CARTESIAN_POINT('',(57.4,86.,1.));
#3836=CARTESIAN_POINT('Ctrl Pts',(57.4,86.,0.999999999999996));
#3837=CARTESIAN_POINT('Ctrl Pts',(57.4,86.,0.666666666666663));
#3838=CARTESIAN_POINT('Ctrl Pts',(57.4,86.,0.33333333333333));
#3839=CARTESIAN_POINT('Ctrl Pts',(57.4,86.,-3.60822483003176E-15));
#3840=CARTESIAN_POINT('Ctrl Pts',(57.4,86.,0.999999999999996));
#3841=CARTESIAN_POINT('Ctrl Pts',(57.5121997376282,85.9898984745545,0.999999999999996));
#3842=CARTESIAN_POINT('Ctrl Pts',(57.6245390351751,85.979796949109,1.039228339996));
#3843=CARTESIAN_POINT('Ctrl Pts',(57.7118161258726,85.9696954236635,1.10919163649464));
#3844=CARTESIAN_POINT('Ctrl Pts',(57.8281855801358,85.9562267230694,1.20247603182617));
#3845=CARTESIAN_POINT('Ctrl Pts',(57.9,85.9427580224754,1.35040034982905));
#3846=CARTESIAN_POINT('Ctrl Pts',(57.9,85.9292893218814,1.5));
#3847=CARTESIAN_POINT('Ctrl Pts',(57.4,-86.,0.999999999999996));
#3848=CARTESIAN_POINT('Ctrl Pts',(57.5121997376282,-85.9898984745545,0.999999999999996));
#3849=CARTESIAN_POINT('Ctrl Pts',(57.7743247652376,-85.9663282485149,1.091532793324));
#3850=CARTESIAN_POINT('Ctrl Pts',(57.9,-85.9427580224754,1.35040034982905));
#3851=CARTESIAN_POINT('Ctrl Pts',(57.9,-85.9292893218814,1.5));
#3852=CARTESIAN_POINT('Ctrl Pts',(57.4,-86.,0.666666666666663));
#3853=CARTESIAN_POINT('Ctrl Pts',(57.5869995627137,-85.9898984745545,0.666666666666663));
#3854=CARTESIAN_POINT('Ctrl Pts',(58.0238746087294,-85.9663282485149,0.819221322206671));
#3855=CARTESIAN_POINT('Ctrl Pts',(58.2333333333333,-85.9427580224754,1.25066724971509));
#3856=CARTESIAN_POINT('Ctrl Pts',(58.2333333333333,-85.9292893218814,1.5));
#3857=CARTESIAN_POINT('Ctrl Pts',(57.4,-86.,0.33333333333333));
#3858=CARTESIAN_POINT('Ctrl Pts',(57.6617993877992,-85.9898984745545,0.33333333333333));
#3859=CARTESIAN_POINT('Ctrl Pts',(58.2734244522212,-85.9663282485149,0.546909851089341));
#3860=CARTESIAN_POINT('Ctrl Pts',(58.5666666666667,-85.9427580224754,1.15093414960113));
#3861=CARTESIAN_POINT('Ctrl Pts',(58.5666666666667,-85.9292893218814,1.5));
#3862=CARTESIAN_POINT('Ctrl Pts',(57.4,-86.,-3.60822483003176E-15));
#3863=CARTESIAN_POINT('Ctrl Pts',(57.7365992128846,-85.9898984745545,-3.60822483003176E-15));
#3864=CARTESIAN_POINT('Ctrl Pts',(58.5229742957129,-85.9663282485149,0.274598379972011));
#3865=CARTESIAN_POINT('Ctrl Pts',(58.9,-85.9427580224754,1.05120104948717));
#3866=CARTESIAN_POINT('Ctrl Pts',(58.9,-85.9292893218814,1.5));
#3867=CARTESIAN_POINT('',(57.9,-85.9292893218814,1.49999999999999));
#3868=CARTESIAN_POINT('',(57.4,-86.,1.));
#3869=CARTESIAN_POINT('Ctrl Pts',(57.4,-86.,0.999999999999996));
#3870=CARTESIAN_POINT('Ctrl Pts',(57.5121997376282,-85.9898984745545,0.999999999999996));
#3871=CARTESIAN_POINT('Ctrl Pts',(57.6245390351751,-85.9797969491089,1.039228339996));
#3872=CARTESIAN_POINT('Ctrl Pts',(57.7118161258725,-85.9696954236634,1.10919163649464));
#3873=CARTESIAN_POINT('Ctrl Pts',(57.8281855801358,-85.9562267230694,1.20247603182617));
#3874=CARTESIAN_POINT('Ctrl Pts',(57.9,-85.9427580224754,1.35040034982905));
#3875=CARTESIAN_POINT('Ctrl Pts',(57.9,-85.9292893218814,1.49999999999999));
#3876=CARTESIAN_POINT('Ctrl Pts',(57.4,-86.,-3.60822483003176E-15));
#3877=CARTESIAN_POINT('Ctrl Pts',(57.4,-86.,0.33333333333333));
#3878=CARTESIAN_POINT('Ctrl Pts',(57.4,-86.,0.666666666666663));
#3879=CARTESIAN_POINT('Ctrl Pts',(57.4,-86.,0.999999999999996));
#3880=CARTESIAN_POINT('Origin',(57.9,-85.9292893218814,1.49999999999999));
#3881=CARTESIAN_POINT('',(58.9,-77.4292893218814,9.99999999999997));
#3882=CARTESIAN_POINT('',(58.9,-85.9292893218814,1.49999999999999));
#3883=CARTESIAN_POINT('',(57.9,-77.4292893218814,9.99999999999997));
#3884=CARTESIAN_POINT('Origin',(57.9,-77.4292893218814,9.99999999999997));
#3885=CARTESIAN_POINT('',(58.9,-77.4292893218814,9.99999999999997));
#3886=CARTESIAN_POINT('Origin',(58.9,-6.10622663543836E-15,4.78473598159835));
#3887=CARTESIAN_POINT('Origin',(57.4,1.77635683940025E-14,1.49999999999999));
#3888=CARTESIAN_POINT('',(57.4,43.,1.));
#3889=CARTESIAN_POINT('Origin',(-57.4,85.9999999999997,37.));
#3890=CARTESIAN_POINT('',(-58.9,85.9999999999994,72.9292893218813));
#3891=CARTESIAN_POINT('',(-58.9,86.,1.57071067811867));
#3892=CARTESIAN_POINT('',(-58.9,85.9999999999997,37.686026709575));
#3893=CARTESIAN_POINT('',(-57.4,87.4999999999994,72.5));
#3894=CARTESIAN_POINT('Ctrl Pts',(-57.4,87.4999999999994,72.5));
#3895=CARTESIAN_POINT('Ctrl Pts',(-57.8487989505129,87.4999999999994,72.5817693946441));
#3896=CARTESIAN_POINT('Ctrl Pts',(-58.2927339969364,87.2847279319,72.6635387892881));
#3897=CARTESIAN_POINT('Ctrl Pts',(-58.5725640268717,86.9355951131826,72.7453081839322));
#3898=CARTESIAN_POINT('Ctrl Pts',(-58.7824365493232,86.6737454991446,72.8066352299152));
#3899=CARTESIAN_POINT('Ctrl Pts',(-58.9,86.336599212884,72.8679622758983));
#3900=CARTESIAN_POINT('Ctrl Pts',(-58.9,85.9999999999994,72.9292893218813));
#3901=CARTESIAN_POINT('',(-57.4,87.5,1.50000000000001));
#3902=CARTESIAN_POINT('',(-57.4,87.4999999999999,19.2558628632032));
#3903=CARTESIAN_POINT('Ctrl Pts',(-58.9,86.,1.57071067811867));
#3904=CARTESIAN_POINT('Ctrl Pts',(-58.9,86.4487989505129,1.55724197752464));
#3905=CARTESIAN_POINT('Ctrl Pts',(-58.6847289536437,86.8927348480476,1.54377327693061));
#3906=CARTESIAN_POINT('Ctrl Pts',(-58.335595988963,87.1725647563956,1.53030457633658));
#3907=CARTESIAN_POINT('Ctrl Pts',(-58.0737462654526,87.3824371876566,1.52020305089106));
#3908=CARTESIAN_POINT('Ctrl Pts',(-57.7365992128846,87.5,1.51010152544554));
#3909=CARTESIAN_POINT('Ctrl Pts',(-57.4,87.5,1.50000000000001));
#3910=CARTESIAN_POINT('Origin',(-57.9,82.7314794071395,38.3720534191499));
#3911=CARTESIAN_POINT('',(-57.9,86.,1.57071067811867));
#3912=CARTESIAN_POINT('',(-57.9,85.9999999999994,72.9292893218813));
#3913=CARTESIAN_POINT('',(-57.9,85.9999999999997,37.686026709575));
#3914=CARTESIAN_POINT('',(-57.9,77.4999999999994,72.9292893218813));
#3915=CARTESIAN_POINT('',(-57.9,85.9999999999994,72.9292893218813));
#3916=CARTESIAN_POINT('',(-57.9,77.5,10.0707106781187));
#3917=CARTESIAN_POINT('',(-57.9,77.4999999999994,72.9292893218813));
#3918=CARTESIAN_POINT('',(-57.9,86.0000000000001,1.57071067811867));
#3919=CARTESIAN_POINT('Origin',(-57.9,77.5,10.0707106781187));
#3920=CARTESIAN_POINT('',(-58.9,77.5,10.0707106781187));
#3921=CARTESIAN_POINT('',(-58.9,86.0000000000001,1.57071067811866));
#3922=CARTESIAN_POINT('',(-57.9,86.,1.57071067811867));
#3923=CARTESIAN_POINT('',(-57.9,77.5,10.0707106781187));
#3924=CARTESIAN_POINT('Ctrl Pts',(-57.4,86.5,1.5));
#3925=CARTESIAN_POINT('Ctrl Pts',(-57.4,86.8333333333334,1.50000000000001));
#3926=CARTESIAN_POINT('Ctrl Pts',(-57.4,87.1666666666667,1.50000000000001));
#3927=CARTESIAN_POINT('Ctrl Pts',(-57.4,87.5,1.50000000000001));
#3928=CARTESIAN_POINT('Ctrl Pts',(-57.5121997376282,86.5,1.51010152544553));
#3929=CARTESIAN_POINT('Ctrl Pts',(-57.5868134633793,86.8335893597166,1.51010152544553));
#3930=CARTESIAN_POINT('Ctrl Pts',(-57.6619854871336,87.1664106402835,1.51010152544553));
#3931=CARTESIAN_POINT('Ctrl Pts',(-57.7365992128846,87.5,1.51010152544554));
#3932=CARTESIAN_POINT('Ctrl Pts',(-57.7744252229588,86.4085622570663,1.53367175148508));
#3933=CARTESIAN_POINT('Ctrl Pts',(-58.0237877177096,86.6808023502034,1.53367175148508));
#3934=CARTESIAN_POINT('Ctrl Pts',(-58.2739131741257,86.9534466780616,1.53367175148509));
#3935=CARTESIAN_POINT('Ctrl Pts',(-58.5232756688765,87.2256867711988,1.53367175148509));
#3936=CARTESIAN_POINT('Ctrl Pts',(-57.9,86.149599650171,1.55724197752463));
#3937=CARTESIAN_POINT('Ctrl Pts',(-58.2344173085931,86.2497779287375,1.55724197752464));
#3938=CARTESIAN_POINT('Ctrl Pts',(-58.5655826914069,86.3486206719463,1.55724197752464));
#3939=CARTESIAN_POINT('Ctrl Pts',(-58.9,86.4487989505129,1.55724197752464));
#3940=CARTESIAN_POINT('Ctrl Pts',(-57.9,86.,1.57071067811867));
#3941=CARTESIAN_POINT('Ctrl Pts',(-58.2333333333333,86.,1.57071067811867));
#3942=CARTESIAN_POINT('Ctrl Pts',(-58.5666666666667,86.,1.57071067811867));
#3943=CARTESIAN_POINT('Ctrl Pts',(-58.9,86.,1.57071067811867));
#3944=CARTESIAN_POINT('',(-57.4,86.5,1.5));
#3945=CARTESIAN_POINT('Ctrl Pts',(-57.4,86.5,1.5));
#3946=CARTESIAN_POINT('Ctrl Pts',(-57.4,86.8333333333334,1.50000000000001));
#3947=CARTESIAN_POINT('Ctrl Pts',(-57.4,87.1666666666667,1.50000000000001));
#3948=CARTESIAN_POINT('Ctrl Pts',(-57.4,87.5,1.50000000000001));
#3949=CARTESIAN_POINT('Ctrl Pts',(-57.4,86.5,1.5));
#3950=CARTESIAN_POINT('Ctrl Pts',(-57.5121997376282,86.5,1.51010152544553));
#3951=CARTESIAN_POINT('Ctrl Pts',(-57.6245820884842,86.4608123958856,1.52020305089105));
#3952=CARTESIAN_POINT('Ctrl Pts',(-57.7118653296544,86.3908549187986,1.53030457633657));
#3953=CARTESIAN_POINT('Ctrl Pts',(-57.8282429845479,86.2975782826826,1.5437732769306));
#3954=CARTESIAN_POINT('Ctrl Pts',(-57.9,86.149599650171,1.55724197752463));
#3955=CARTESIAN_POINT('Ctrl Pts',(-57.9,86.0000000000001,1.57071067811867));
#3956=CARTESIAN_POINT('Ctrl Pts',(-57.9,85.9999999999994,72.9292893218813));
#3957=CARTESIAN_POINT('Ctrl Pts',(-58.2333333333333,85.9999999999994,72.9292893218813));
#3958=CARTESIAN_POINT('Ctrl Pts',(-58.5666666666667,85.9999999999994,72.9292893218813));
#3959=CARTESIAN_POINT('Ctrl Pts',(-58.9,85.9999999999994,72.9292893218813));
#3960=CARTESIAN_POINT('Ctrl Pts',(-57.9,86.1121997376276,72.8679622758983));
#3961=CARTESIAN_POINT('Ctrl Pts',(-58.2335893597166,86.1868134633786,72.8679622758983));
#3962=CARTESIAN_POINT('Ctrl Pts',(-58.5664106402835,86.2619854871329,72.8679622758983));
#3963=CARTESIAN_POINT('Ctrl Pts',(-58.9,86.336599212884,72.8679622758983));
#3964=CARTESIAN_POINT('Ctrl Pts',(-57.8085617605847,86.3744246269414,72.7248658352712));
#3965=CARTESIAN_POINT('Ctrl Pts',(-58.0808018537218,86.6237871216922,72.7248658352712));
#3966=CARTESIAN_POINT('Ctrl Pts',(-58.3534451886169,86.8739113860747,72.7248658352712));
#3967=CARTESIAN_POINT('Ctrl Pts',(-58.6256852817541,87.1232738808255,72.7248658352712));
#3968=CARTESIAN_POINT('Ctrl Pts',(-57.549599650171,86.4999999999994,72.5817693946441));
#3969=CARTESIAN_POINT('Ctrl Pts',(-57.6497779287375,86.8344173085924,72.5817693946441));
#3970=CARTESIAN_POINT('Ctrl Pts',(-57.7486206719464,87.1655826914063,72.5817693946441));
#3971=CARTESIAN_POINT('Ctrl Pts',(-57.8487989505129,87.4999999999994,72.5817693946441));
#3972=CARTESIAN_POINT('Ctrl Pts',(-57.4,86.4999999999994,72.5));
#3973=CARTESIAN_POINT('Ctrl Pts',(-57.4,86.8333333333327,72.5));
#3974=CARTESIAN_POINT('Ctrl Pts',(-57.4,87.1666666666661,72.5));
#3975=CARTESIAN_POINT('Ctrl Pts',(-57.4,87.4999999999994,72.5));
#3976=CARTESIAN_POINT('',(-57.9,85.9999999999994,72.9292893218813));
#3977=CARTESIAN_POINT('',(-57.4,86.4999999999994,72.5));
#3978=CARTESIAN_POINT('Ctrl Pts',(-57.4,86.4999999999994,72.5));
#3979=CARTESIAN_POINT('Ctrl Pts',(-57.549599650171,86.4999999999994,72.5817693946441));
#3980=CARTESIAN_POINT('Ctrl Pts',(-57.6975779989788,86.4282426439663,72.6635387892881));
#3981=CARTESIAN_POINT('Ctrl Pts',(-57.7908546756239,86.3118650377272,72.7453081839322));
#3982=CARTESIAN_POINT('Ctrl Pts',(-57.8608121831077,86.2245818330478,72.8066352299152));
#3983=CARTESIAN_POINT('Ctrl Pts',(-57.9,86.1121997376276,72.8679622758983));
#3984=CARTESIAN_POINT('Ctrl Pts',(-57.9,85.9999999999994,72.9292893218813));
#3985=CARTESIAN_POINT('',(-57.4,86.4999999999994,72.5));
#3986=CARTESIAN_POINT('Origin',(-57.9,85.9999999999994,72.9292893218813));
#3987=CARTESIAN_POINT('',(-58.9,77.4999999999994,72.9292893218813));
#3988=CARTESIAN_POINT('',(-58.9,85.9999999999994,72.9292893218813));
#3989=CARTESIAN_POINT('',(-57.9,77.4999999999994,72.9292893218813));
#3990=CARTESIAN_POINT('Origin',(-57.9,77.4999999999994,72.9292893218813));
#3991=CARTESIAN_POINT('',(-58.9,77.4999999999994,72.9292893218813));
#3992=CARTESIAN_POINT('Origin',(-58.9,82.7314794071395,38.3720534191499));
#3993=CARTESIAN_POINT('Origin',(-57.4,85.9999999999997,37.));
#3994=CARTESIAN_POINT('',(-57.4,86.4999999999999,19.2558628632032));
#3995=CARTESIAN_POINT('Origin',(1.13579039130605E-18,85.9999999999994,72.5));
#3996=CARTESIAN_POINT('',(57.8292893218813,85.9999999999994,74.));
#3997=CARTESIAN_POINT('',(-57.8292893218813,85.9999999999994,74.));
#3998=CARTESIAN_POINT('',(-1.10841059314967E-15,85.9999999999994,74.));
#3999=CARTESIAN_POINT('',(57.4,87.4999999999994,72.5));
#4000=CARTESIAN_POINT('Ctrl Pts',(57.4,87.4999999999994,72.5));
#4001=CARTESIAN_POINT('Ctrl Pts',(57.4613270459831,87.4999999999994,72.8365992128846));
#4002=CARTESIAN_POINT('Ctrl Pts',(57.5226540919661,87.3824365493226,73.1737454991453));
#4003=CARTESIAN_POINT('Ctrl Pts',(57.5839811379492,87.1725640268711,73.4355951131833));
#4004=CARTESIAN_POINT('Ctrl Pts',(57.6657505325932,86.8927339969358,73.7847279319006));
#4005=CARTESIAN_POINT('Ctrl Pts',(57.7475199272373,86.4487989505122,74.));
#4006=CARTESIAN_POINT('Ctrl Pts',(57.8292893218813,85.9999999999994,74.));
#4007=CARTESIAN_POINT('',(-28.7,87.4999999999994,72.5));
#4008=CARTESIAN_POINT('Ctrl Pts',(-57.8292893218813,85.9999999999994,74.));
#4009=CARTESIAN_POINT('Ctrl Pts',(-57.7679622758983,86.336599212884,74.));
#4010=CARTESIAN_POINT('Ctrl Pts',(-57.7066352299152,86.6737454991447,73.8824365493231));
#4011=CARTESIAN_POINT('Ctrl Pts',(-57.6453081839322,86.9355951131827,73.6725640268717));
#4012=CARTESIAN_POINT('Ctrl Pts',(-57.5635387892881,87.2847279319001,73.3927339969364));
#4013=CARTESIAN_POINT('Ctrl Pts',(-57.4817693946441,87.4999999999994,72.9487989505128));
#4014=CARTESIAN_POINT('Ctrl Pts',(-57.4,87.4999999999994,72.5));
#4015=CARTESIAN_POINT('Origin',(-2.2155805815447E-15,82.4732537990431,73.));
#4016=CARTESIAN_POINT('',(-57.8292893218813,85.9999999999994,73.));
#4017=CARTESIAN_POINT('',(57.8292893218813,85.9999999999994,73.));
#4018=CARTESIAN_POINT('',(-1.10961888079999E-15,85.9999999999994,73.));
#4019=CARTESIAN_POINT('',(57.8292893218813,77.4999999999994,72.9999999999999));
#4020=CARTESIAN_POINT('',(57.8292893218813,85.9999999999994,73.));
#4021=CARTESIAN_POINT('',(-57.8292893218813,77.4999999999994,72.9999999999999));
#4022=CARTESIAN_POINT('',(57.8292893218813,77.4999999999994,72.9999999999999));
#4023=CARTESIAN_POINT('',(-57.8292893218813,85.9999999999994,73.));
#4024=CARTESIAN_POINT('Origin',(-57.8292893218813,77.4999999999994,72.9999999999999));
#4025=CARTESIAN_POINT('',(-57.8292893218813,77.4999999999994,73.9999999999999));
#4026=CARTESIAN_POINT('',(-57.8292893218813,85.9999999999994,74.));
#4027=CARTESIAN_POINT('',(-57.8292893218813,85.9999999999994,73.));
#4028=CARTESIAN_POINT('',(-57.8292893218813,77.4999999999994,72.9999999999999));
#4029=CARTESIAN_POINT('Ctrl Pts',(-57.4,86.4999999999994,72.5));
#4030=CARTESIAN_POINT('Ctrl Pts',(-57.4,86.8333333333327,72.5));
#4031=CARTESIAN_POINT('Ctrl Pts',(-57.4,87.1666666666661,72.5));
#4032=CARTESIAN_POINT('Ctrl Pts',(-57.4,87.4999999999994,72.5));
#4033=CARTESIAN_POINT('Ctrl Pts',(-57.4817693946441,86.4999999999994,72.6495996501709));
#4034=CARTESIAN_POINT('Ctrl Pts',(-57.4817693946441,86.8344173085925,72.7497779287374));
#4035=CARTESIAN_POINT('Ctrl Pts',(-57.4817693946441,87.1655826914063,72.8486206719463));
#4036=CARTESIAN_POINT('Ctrl Pts',(-57.4817693946441,87.4999999999994,72.9487989505128));
#4037=CARTESIAN_POINT('Ctrl Pts',(-57.6248658352712,86.3744246269414,72.9085617605846));
#4038=CARTESIAN_POINT('Ctrl Pts',(-57.6248658352712,86.6237871216922,73.1808018537218));
#4039=CARTESIAN_POINT('Ctrl Pts',(-57.6248658352712,86.8739113860748,73.4534451886169));
#4040=CARTESIAN_POINT('Ctrl Pts',(-57.6248658352712,87.1232738808256,73.7256852817541));
#4041=CARTESIAN_POINT('Ctrl Pts',(-57.7679622758983,86.1121997376276,73.));
#4042=CARTESIAN_POINT('Ctrl Pts',(-57.7679622758983,86.1868134633787,73.3335893597165));
#4043=CARTESIAN_POINT('Ctrl Pts',(-57.7679622758983,86.261985487133,73.6664106402834));
#4044=CARTESIAN_POINT('Ctrl Pts',(-57.7679622758983,86.336599212884,74.));
#4045=CARTESIAN_POINT('Ctrl Pts',(-57.8292893218813,85.9999999999994,73.));
#4046=CARTESIAN_POINT('Ctrl Pts',(-57.8292893218813,85.9999999999994,73.3333333333333));
#4047=CARTESIAN_POINT('Ctrl Pts',(-57.8292893218813,85.9999999999994,73.6666666666667));
#4048=CARTESIAN_POINT('Ctrl Pts',(-57.8292893218813,85.9999999999994,74.));
#4049=CARTESIAN_POINT('Ctrl Pts',(-57.4,86.4999999999994,72.5));
#4050=CARTESIAN_POINT('Ctrl Pts',(-57.4817693946441,86.4999999999994,72.6495996501709));
#4051=CARTESIAN_POINT('Ctrl Pts',(-57.5635387892881,86.4282426439663,72.7975779989788));
#4052=CARTESIAN_POINT('Ctrl Pts',(-57.6453081839322,86.3118650377272,72.8908546756239));
#4053=CARTESIAN_POINT('Ctrl Pts',(-57.7066352299152,86.2245818330478,72.9608121831077));
#4054=CARTESIAN_POINT('Ctrl Pts',(-57.7679622758983,86.1121997376276,73.));
#4055=CARTESIAN_POINT('Ctrl Pts',(-57.8292893218813,85.9999999999994,73.));
#4056=CARTESIAN_POINT('Ctrl Pts',(57.8292893218813,85.9999999999994,73.));
#4057=CARTESIAN_POINT('Ctrl Pts',(57.8292893218813,85.9999999999994,73.3333333333333));
#4058=CARTESIAN_POINT('Ctrl Pts',(57.8292893218813,85.9999999999994,73.6666666666667));
#4059=CARTESIAN_POINT('Ctrl Pts',(57.8292893218813,85.9999999999994,74.));
#4060=CARTESIAN_POINT('Ctrl Pts',(57.7475199272373,86.1495996501704,73.));
#4061=CARTESIAN_POINT('Ctrl Pts',(57.7475199272373,86.2497779287368,73.3344173085931));
#4062=CARTESIAN_POINT('Ctrl Pts',(57.7475199272373,86.3486206719458,73.6655826914069));
#4063=CARTESIAN_POINT('Ctrl Pts',(57.7475199272373,86.4487989505123,74.));
#4064=CARTESIAN_POINT('Ctrl Pts',(57.6044234866102,86.4085617605841,72.874424626942));
#4065=CARTESIAN_POINT('Ctrl Pts',(57.6044234866102,86.6808018537213,73.1237871216928));
#4066=CARTESIAN_POINT('Ctrl Pts',(57.6044234866102,86.9534451886163,73.3739113860754));
#4067=CARTESIAN_POINT('Ctrl Pts',(57.6044234866102,87.2256852817535,73.6232738808262));
#4068=CARTESIAN_POINT('Ctrl Pts',(57.4613270459831,86.4999999999994,72.6121997376282));
#4069=CARTESIAN_POINT('Ctrl Pts',(57.4613270459831,86.833589359716,72.6868134633793));
#4070=CARTESIAN_POINT('Ctrl Pts',(57.4613270459831,87.1664106402829,72.7619854871336));
#4071=CARTESIAN_POINT('Ctrl Pts',(57.4613270459831,87.4999999999994,72.8365992128846));
#4072=CARTESIAN_POINT('Ctrl Pts',(57.4,86.4999999999994,72.5));
#4073=CARTESIAN_POINT('Ctrl Pts',(57.4,86.8333333333327,72.5));
#4074=CARTESIAN_POINT('Ctrl Pts',(57.4,87.1666666666661,72.5));
#4075=CARTESIAN_POINT('Ctrl Pts',(57.4,87.4999999999994,72.5));
#4076=CARTESIAN_POINT('',(57.8292893218813,85.9999999999994,73.));
#4077=CARTESIAN_POINT('',(57.4,86.4999999999994,72.5));
#4078=CARTESIAN_POINT('Ctrl Pts',(57.4,86.4999999999994,72.5));
#4079=CARTESIAN_POINT('Ctrl Pts',(57.4613270459831,86.4999999999994,72.6121997376282));
#4080=CARTESIAN_POINT('Ctrl Pts',(57.5226540919661,86.4608121831071,72.7245818330484));
#4081=CARTESIAN_POINT('Ctrl Pts',(57.5839811379492,86.3908546756233,72.8118650377278));
#4082=CARTESIAN_POINT('Ctrl Pts',(57.6657505325932,86.2975779989782,72.9282426439669));
#4083=CARTESIAN_POINT('Ctrl Pts',(57.7475199272373,86.1495996501704,73.));
#4084=CARTESIAN_POINT('Ctrl Pts',(57.8292893218813,85.9999999999994,73.));
#4085=CARTESIAN_POINT('',(57.4,86.4999999999994,72.5));
#4086=CARTESIAN_POINT('Origin',(57.8292893218813,85.9999999999994,73.));
#4087=CARTESIAN_POINT('',(57.8292893218813,77.4999999999994,73.9999999999999));
#4088=CARTESIAN_POINT('',(57.8292893218813,85.9999999999994,74.));
#4089=CARTESIAN_POINT('',(57.8292893218813,77.4999999999994,72.9999999999999));
#4090=CARTESIAN_POINT('Origin',(57.8292893218813,77.4999999999994,72.9999999999999));
#4091=CARTESIAN_POINT('',(57.8292893218813,77.4999999999994,73.9999999999999));
#4092=CARTESIAN_POINT('Origin',(-2.21437229389438E-15,82.4732537990431,
74.));
#4093=CARTESIAN_POINT('Origin',(1.13579039130605E-18,85.9999999999994,72.5));
#4094=CARTESIAN_POINT('',(-28.7,86.4999999999994,72.5));
#4095=CARTESIAN_POINT('Origin',(57.4,85.9999999999997,37.));
#4096=CARTESIAN_POINT('',(58.9,86.,1.57071067811867));
#4097=CARTESIAN_POINT('',(58.9,85.9999999999994,72.9292893218814));
#4098=CARTESIAN_POINT('',(58.9,85.9999999999997,37.686026709575));
#4099=CARTESIAN_POINT('',(57.4,87.5,1.50000000000001));
#4100=CARTESIAN_POINT('Ctrl Pts',(57.4,87.5,1.50000000000001));
#4101=CARTESIAN_POINT('Ctrl Pts',(57.8487989505128,87.5,1.51346870059404));
#4102=CARTESIAN_POINT('Ctrl Pts',(58.2927348480476,87.2847289536437,1.52693740118807));
#4103=CARTESIAN_POINT('Ctrl Pts',(58.5725647563956,86.9355959889631,1.5404061017821));
#4104=CARTESIAN_POINT('Ctrl Pts',(58.7824371876566,86.6737462654526,1.55050762722762));
#4105=CARTESIAN_POINT('Ctrl Pts',(58.9,86.3365992128847,1.56060915267314));
#4106=CARTESIAN_POINT('Ctrl Pts',(58.9,86.,1.57071067811867));
#4107=CARTESIAN_POINT('',(57.4,87.4999999999996,54.7558628632032));
#4108=CARTESIAN_POINT('Ctrl Pts',(58.9,85.9999999999994,72.9292893218814));
#4109=CARTESIAN_POINT('Ctrl Pts',(58.9,86.4487989505122,72.8475199272373));
#4110=CARTESIAN_POINT('Ctrl Pts',(58.6847279319007,86.8927339969357,72.7657505325932));
#4111=CARTESIAN_POINT('Ctrl Pts',(58.3355951131833,87.1725640268711,72.6839811379492));
#4112=CARTESIAN_POINT('Ctrl Pts',(58.0737454991453,87.3824365493225,72.6226540919661));
#4113=CARTESIAN_POINT('Ctrl Pts',(57.7365992128846,87.4999999999994,72.5613270459831));
#4114=CARTESIAN_POINT('Ctrl Pts',(57.4,87.4999999999994,72.5));
#4115=CARTESIAN_POINT('Origin',(57.9,82.7314794071395,38.3720534191499));
#4116=CARTESIAN_POINT('',(57.9,85.9999999999994,72.9292893218814));
#4117=CARTESIAN_POINT('',(57.9,86.,1.57071067811867));
#4118=CARTESIAN_POINT('',(57.9,85.9999999999997,37.686026709575));
#4119=CARTESIAN_POINT('',(57.9,77.5,10.0707106781186));
#4120=CARTESIAN_POINT('',(57.9,86.0000000000001,1.57071067811867));
#4121=CARTESIAN_POINT('',(57.9,77.4999999999994,72.9292893218813));
#4122=CARTESIAN_POINT('',(57.9,77.5,10.0707106781186));
#4123=CARTESIAN_POINT('',(57.9,85.9999999999994,72.9292893218813));
#4124=CARTESIAN_POINT('Origin',(57.9,77.4999999999994,72.9292893218813));
#4125=CARTESIAN_POINT('',(58.8999999999999,77.4999999999994,72.9292893218813));
#4126=CARTESIAN_POINT('',(58.9,85.9999999999994,72.9292893218813));
#4127=CARTESIAN_POINT('',(57.9,85.9999999999994,72.9292893218814));
#4128=CARTESIAN_POINT('',(57.9,77.4999999999994,72.9292893218813));
#4129=CARTESIAN_POINT('Ctrl Pts',(57.4,86.4999999999994,72.5));
#4130=CARTESIAN_POINT('Ctrl Pts',(57.4,86.8333333333327,72.5));
#4131=CARTESIAN_POINT('Ctrl Pts',(57.4,87.1666666666661,72.5));
#4132=CARTESIAN_POINT('Ctrl Pts',(57.4,87.4999999999994,72.5));
#4133=CARTESIAN_POINT('Ctrl Pts',(57.5121997376282,86.4999999999994,72.5613270459831));
#4134=CARTESIAN_POINT('Ctrl Pts',(57.5868134633793,86.8335893597159,72.5613270459831));
#4135=CARTESIAN_POINT('Ctrl Pts',(57.6619854871336,87.1664106402828,72.5613270459831));
#4136=CARTESIAN_POINT('Ctrl Pts',(57.7365992128846,87.4999999999994,72.5613270459831));
#4137=CARTESIAN_POINT('Ctrl Pts',(57.774424626942,86.4085617605841,72.7044234866102));
#4138=CARTESIAN_POINT('Ctrl Pts',(58.0237871216928,86.6808018537212,72.7044234866102));
#4139=CARTESIAN_POINT('Ctrl Pts',(58.2739113860754,86.9534451886163,72.7044234866102));
#4140=CARTESIAN_POINT('Ctrl Pts',(58.5232738808262,87.2256852817534,72.7044234866102));
#4141=CARTESIAN_POINT('Ctrl Pts',(57.9,86.1495996501703,72.8475199272373));
#4142=CARTESIAN_POINT('Ctrl Pts',(58.2344173085931,86.2497779287368,72.8475199272373));
#4143=CARTESIAN_POINT('Ctrl Pts',(58.5655826914069,86.3486206719457,72.8475199272373));
#4144=CARTESIAN_POINT('Ctrl Pts',(58.9,86.4487989505122,72.8475199272373));
#4145=CARTESIAN_POINT('Ctrl Pts',(57.9,85.9999999999994,72.9292893218814));
#4146=CARTESIAN_POINT('Ctrl Pts',(58.2333333333333,85.9999999999994,72.9292893218814));
#4147=CARTESIAN_POINT('Ctrl Pts',(58.5666666666667,85.9999999999994,72.9292893218814));
#4148=CARTESIAN_POINT('Ctrl Pts',(58.9,85.9999999999994,72.9292893218814));
#4149=CARTESIAN_POINT('Ctrl Pts',(57.4,86.4999999999994,72.5));
#4150=CARTESIAN_POINT('Ctrl Pts',(57.5121997376282,86.4999999999994,72.5613270459831));
#4151=CARTESIAN_POINT('Ctrl Pts',(57.6245818330484,86.4608121831071,72.6226540919661));
#4152=CARTESIAN_POINT('Ctrl Pts',(57.7118650377278,86.3908546756233,72.6839811379492));
#4153=CARTESIAN_POINT('Ctrl Pts',(57.8282426439669,86.2975779989782,72.7657505325932));
#4154=CARTESIAN_POINT('Ctrl Pts',(57.9,86.1495996501703,72.8475199272373));
#4155=CARTESIAN_POINT('Ctrl Pts',(57.9,85.9999999999994,72.9292893218814));
#4156=CARTESIAN_POINT('Ctrl Pts',(57.9,86.,1.57071067811867));
#4157=CARTESIAN_POINT('Ctrl Pts',(58.2333333333333,86.,1.57071067811867));
#4158=CARTESIAN_POINT('Ctrl Pts',(58.5666666666667,86.,1.57071067811867));
#4159=CARTESIAN_POINT('Ctrl Pts',(58.9,86.,1.57071067811867));
#4160=CARTESIAN_POINT('Ctrl Pts',(57.9,86.1121997376282,1.56060915267314));
#4161=CARTESIAN_POINT('Ctrl Pts',(58.2335893597165,86.1868134633793,1.56060915267314));
#4162=CARTESIAN_POINT('Ctrl Pts',(58.5664106402834,86.2619854871336,1.56060915267314));
#4163=CARTESIAN_POINT('Ctrl Pts',(58.9,86.3365992128847,1.56060915267314));
#4164=CARTESIAN_POINT('Ctrl Pts',(57.8085622570662,86.3744252229588,1.53703892663359));
#4165=CARTESIAN_POINT('Ctrl Pts',(58.0808023502034,86.6237877177096,1.53703892663359));
#4166=CARTESIAN_POINT('Ctrl Pts',(58.3534466780616,86.8739131741257,1.53703892663359));
#4167=CARTESIAN_POINT('Ctrl Pts',(58.6256867711987,87.1232756688765,1.5370389266336));
#4168=CARTESIAN_POINT('Ctrl Pts',(57.5495996501709,86.5,1.51346870059404));
#4169=CARTESIAN_POINT('Ctrl Pts',(57.6497779287374,86.8344173085931,1.51346870059404));
#4170=CARTESIAN_POINT('Ctrl Pts',(57.7486206719463,87.1655826914069,1.51346870059404));
#4171=CARTESIAN_POINT('Ctrl Pts',(57.8487989505128,87.5,1.51346870059404));
#4172=CARTESIAN_POINT('Ctrl Pts',(57.4,86.5,1.5));
#4173=CARTESIAN_POINT('Ctrl Pts',(57.4,86.8333333333334,1.50000000000001));
#4174=CARTESIAN_POINT('Ctrl Pts',(57.4,87.1666666666667,1.50000000000001));
#4175=CARTESIAN_POINT('Ctrl Pts',(57.4,87.5,1.50000000000001));
#4176=CARTESIAN_POINT('',(57.9,86.,1.57071067811867));
#4177=CARTESIAN_POINT('',(57.4,86.5,1.5));
#4178=CARTESIAN_POINT('Ctrl Pts',(57.4,86.5,1.5));
#4179=CARTESIAN_POINT('Ctrl Pts',(57.5495996501709,86.5,1.51346870059404));
#4180=CARTESIAN_POINT('Ctrl Pts',(57.6975782826825,86.4282429845479,1.52693740118807));
#4181=CARTESIAN_POINT('Ctrl Pts',(57.7908549187985,86.3118653296544,1.5404061017821));
#4182=CARTESIAN_POINT('Ctrl Pts',(57.8608123958855,86.2245820884842,1.55050762722762));
#4183=CARTESIAN_POINT('Ctrl Pts',(57.9,86.1121997376283,1.56060915267314));
#4184=CARTESIAN_POINT('Ctrl Pts',(57.9,86.0000000000001,1.57071067811866));
#4185=CARTESIAN_POINT('Ctrl Pts',(57.4,87.5,1.50000000000001));
#4186=CARTESIAN_POINT('Ctrl Pts',(57.4,87.1666666666667,1.50000000000001));
#4187=CARTESIAN_POINT('Ctrl Pts',(57.4,86.8333333333334,1.50000000000001));
#4188=CARTESIAN_POINT('Ctrl Pts',(57.4,86.5,1.5));
#4189=CARTESIAN_POINT('Origin',(57.9,86.,1.57071067811867));
#4190=CARTESIAN_POINT('',(58.8999999999999,77.5,10.0707106781186));
#4191=CARTESIAN_POINT('',(58.9,86.0000000000001,1.57071067811867));
#4192=CARTESIAN_POINT('',(57.9,77.5,10.0707106781186));
#4193=CARTESIAN_POINT('Origin',(57.9,77.5,10.0707106781186));
#4194=CARTESIAN_POINT('',(58.9,77.5,10.0707106781186));
#4195=CARTESIAN_POINT('Origin',(58.9,82.7314794071394,38.3720534191499));
#4196=CARTESIAN_POINT('Origin',(57.4,85.9999999999997,37.));
#4197=CARTESIAN_POINT('',(57.4,86.4999999999996,54.7558628632032));
#4198=CARTESIAN_POINT('Origin',(57.4,86.4999999999994,72.5));
#4199=CARTESIAN_POINT('Origin',(57.4,86.,1.5));
#4200=CARTESIAN_POINT('Origin',(57.4,86.,1.5));
#4201=CARTESIAN_POINT('Origin',(57.4,86.4999999999994,72.5));
#4202=CARTESIAN_POINT('Origin',(57.4,-86.,1.5));
#4203=CARTESIAN_POINT('Origin',(57.4,-86.,1.5));
#4204=CARTESIAN_POINT('Origin',(-57.4,-86.5000000000004,72.5));
#4205=CARTESIAN_POINT('Origin',(-57.4,-86.,1.5));
#4206=CARTESIAN_POINT('Origin',(-57.4,-86.,1.5));
#4207=CARTESIAN_POINT('Origin',(-57.4,-86.5000000000004,72.5));
#4208=CARTESIAN_POINT('Origin',(-57.4,86.,1.5));
#4209=CARTESIAN_POINT('Origin',(-57.4,86.,1.5));
#4210=CARTESIAN_POINT('Origin',(0.,87.4999999999997,37.0117257264064));
#4211=CARTESIAN_POINT('',(3.38320542091163E-19,87.5,1.50000000000002));
#4212=CARTESIAN_POINT('Origin',(0.,86.,1.5));
#4213=CARTESIAN_POINT('',(-29.45,86.,0.));
#4214=CARTESIAN_POINT('Origin',(6.66133814775094E-15,1.22598845575721E-14,
1.));
#4215=CARTESIAN_POINT('',(29.45,-86.,1.));
#4216=CARTESIAN_POINT('',(-29.45,86.,1.));
#4217=CARTESIAN_POINT('Origin',(0.,-86.5000000000002,37.0117257264064));
#4218=CARTESIAN_POINT('',(-2.65823283071627E-19,-86.5,1.5));
#4219=CARTESIAN_POINT('Origin',(0.,-86.,1.5));
#4220=CARTESIAN_POINT('Origin',(0.,86.,1.5));
#4221=CARTESIAN_POINT('',(2.65823283071628E-19,86.5,1.50000000000002));
#4222=CARTESIAN_POINT('Origin',(0.,86.4999999999997,37.0117257264064));
#4223=CARTESIAN_POINT('Origin',(0.,-86.,1.5));
#4224=CARTESIAN_POINT('',(29.45,-86.,0.));
#4225=CARTESIAN_POINT('',(-3.38320542091163E-19,-87.5,1.5));
#4226=CARTESIAN_POINT('Origin',(0.,-87.5000000000002,37.0117257264064));
#4227=CARTESIAN_POINT('Origin',(6.66133814775094E-15,1.33226762955019E-14,
0.));
#4228=CARTESIAN_POINT('',(0.,0.,0.));
#4229=CARTESIAN_POINT('Ctrl Pts',(-1.40119566223922,1.67377061542674,0.252503384597919));
#4230=CARTESIAN_POINT('Ctrl Pts',(-1.35180950614758,1.56667096077677,0.252505108451827));
#4231=CARTESIAN_POINT('Ctrl Pts',(-1.19051785511471,1.35309033859909,0.252509460460801));
#4232=CARTESIAN_POINT('Ctrl Pts',(-0.816490553708992,0.997806631462385,
0.252503368517758));
#4233=CARTESIAN_POINT('Ctrl Pts',(-0.40555815609529,0.607191077907444,0.252499106784498));
#4234=CARTESIAN_POINT('Ctrl Pts',(-0.253633820090312,0.322699275833921,
0.252498663564042));
#4235=CARTESIAN_POINT('Ctrl Pts',(-0.252886934700411,0.180363053935508,
0.252904547976345));
#4236=CARTESIAN_POINT('Ctrl Pts',(-1.26037250057783,1.73870774468011,0.25211593963941));
#4237=CARTESIAN_POINT('Ctrl Pts',(-1.22789017042759,1.65145364617671,0.252025027944593));
#4238=CARTESIAN_POINT('Ctrl Pts',(-1.1015648780662,1.44211082963804,0.251803263297922));
#4239=CARTESIAN_POINT('Ctrl Pts',(-0.766123619149556,1.05479106442031,0.2522128639056));
#4240=CARTESIAN_POINT('Ctrl Pts',(-0.386559584175453,0.617713002479127,
0.252525217138976));
#4241=CARTESIAN_POINT('Ctrl Pts',(-0.253557559324573,0.32274872085003,0.252575042787322));
#4242=CARTESIAN_POINT('Ctrl Pts',(-0.252886934700412,0.180363053935508,
0.252904547976345));
#4243=CARTESIAN_POINT('Ctrl Pts',(-1.01588130436972,1.8285202136264,0.301303257038008));
#4244=CARTESIAN_POINT('Ctrl Pts',(-1.0011450086043,1.77213188165909,0.299510994452647));
#4245=CARTESIAN_POINT('Ctrl Pts',(-0.921844344852994,1.57927719450944,0.293018676656163));
#4246=CARTESIAN_POINT('Ctrl Pts',(-0.661588407388979,1.14463355291567,0.27685939842842));
#4247=CARTESIAN_POINT('Ctrl Pts',(-0.353548362348051,0.631186526747257,
0.258996383833073));
#4248=CARTESIAN_POINT('Ctrl Pts',(-0.25340784150779,0.32281396129367,0.252724916903427));
#4249=CARTESIAN_POINT('Ctrl Pts',(-0.252886934700412,0.180363053935508,
0.252904547976345));
#4250=CARTESIAN_POINT('Ctrl Pts',(-0.700648306174142,1.88269853631511,0.498721471911838));
#4251=CARTESIAN_POINT('Ctrl Pts',(-0.694802105057156,1.84606934725989,0.495167302334971));
#4252=CARTESIAN_POINT('Ctrl Pts',(-0.653385292112165,1.6678607862473,0.471727364231491));
#4253=CARTESIAN_POINT('Ctrl Pts',(-0.498727859254002,1.20376968778233,0.387020353392442));
#4254=CARTESIAN_POINT('Ctrl Pts',(-0.311494538365419,0.638805167326124,
0.28497960959326));
#4255=CARTESIAN_POINT('Ctrl Pts',(-0.253162161763354,0.322852181084502,
0.252970688212652));
#4256=CARTESIAN_POINT('Ctrl Pts',(-0.252886934700412,0.180363053935508,
0.252904547976345));
#4257=CARTESIAN_POINT('Ctrl Pts',(-0.464534862011534,1.88296217746373,0.734261608831674));
#4258=CARTESIAN_POINT('Ctrl Pts',(-0.461326440368065,1.84643069444072,0.728069551216354));
#4259=CARTESIAN_POINT('Ctrl Pts',(-0.440882931729547,1.66828770362272,0.683774904329537));
#4260=CARTESIAN_POINT('Ctrl Pts',(-0.368015390901128,1.2040471641317,0.517462182796185));
#4261=CARTESIAN_POINT('Ctrl Pts',(-0.280476993013325,0.638851377948435,
0.315908281514477));
#4262=CARTESIAN_POINT('Ctrl Pts',(-0.252938630552515,0.322852326046712,
0.253194219770783));
#4263=CARTESIAN_POINT('Ctrl Pts',(-0.252886934700412,0.180363053935508,
0.252904547976345));
#4264=CARTESIAN_POINT('Ctrl Pts',(-0.288042738835333,1.81459159950119,1.05943062764602));
#4265=CARTESIAN_POINT('Ctrl Pts',(-0.286445426329483,1.75312777689471,1.04272089385265));
#4266=CARTESIAN_POINT('Ctrl Pts',(-0.281189816237197,1.55658425601416,0.956706500881453));
#4267=CARTESIAN_POINT('Ctrl Pts',(-0.269672263607853,1.12951834278148,0.682291710442205));
#4268=CARTESIAN_POINT('Ctrl Pts',(-0.257280761538559,0.629206583942261,
0.359413775081551));
#4269=CARTESIAN_POINT('Ctrl Pts',(-0.25269694821411,0.322804213663303,0.253435786844293));
#4270=CARTESIAN_POINT('Ctrl Pts',(-0.252886934700412,0.180363053935508,
0.252904547976345));
#4271=CARTESIAN_POINT('Ctrl Pts',(-0.2525,1.7232802222452,1.293536732646));
#4272=CARTESIAN_POINT('Ctrl Pts',(-0.252551242596801,1.63133049129681,1.25678209117455));
#4273=CARTESIAN_POINT('Ctrl Pts',(-0.25266532164615,1.42116455110369,1.12171534473835));
#4274=CARTESIAN_POINT('Ctrl Pts',(-0.252611845456765,1.04146021984685,0.777511402654032));
#4275=CARTESIAN_POINT('Ctrl Pts',(-0.252467658016788,0.615166337871245,
0.391143183123326));
#4276=CARTESIAN_POINT('Ctrl Pts',(-0.252557217501854,0.322736854906386,
0.253575356182293));
#4277=CARTESIAN_POINT('Ctrl Pts',(-0.252886934700412,0.180363053935508,
0.252904547976345));
#4278=CARTESIAN_POINT('Ctrl Pts',(-0.2525,1.67490428830318,1.39873379103616));
#4279=CARTESIAN_POINT('Ctrl Pts',(-0.2525,1.56815132913442,1.34964236034512));
#4280=CARTESIAN_POINT('Ctrl Pts',(-0.2525,1.3546454107969,1.18896106236806));
#4281=CARTESIAN_POINT('Ctrl Pts',(-0.2525,0.998802213567704,0.81560887835696));
#4282=CARTESIAN_POINT('Ctrl Pts',(-0.2525,0.607374696615585,0.405226021190989));
#4283=CARTESIAN_POINT('Ctrl Pts',(-0.2525,0.322700138832225,0.253632485721876));
#4284=CARTESIAN_POINT('Ctrl Pts',(-0.252886934700412,0.180363053935508,
0.252904547976345));
#4285=CARTESIAN_POINT('',(-0.253501950700695,0.181242946346902,0.2525));
#4286=CARTESIAN_POINT('',(-1.39873379103616,1.67490428830318,0.2525));
#4287=CARTESIAN_POINT('Ctrl Pts',(-0.253501950700695,0.181242946346902,
0.2525));
#4288=CARTESIAN_POINT('Ctrl Pts',(-0.253945081295062,0.323286863103129,
0.2525));
#4289=CARTESIAN_POINT('Ctrl Pts',(-0.329661147629666,0.465330779859356,
0.2525));
#4290=CARTESIAN_POINT('Ctrl Pts',(-0.441942702262976,0.607374696615583,
0.2525));
#4291=CARTESIAN_POINT('Ctrl Pts',(-0.554456151069522,0.749711975507263,
0.2525));
#4292=CARTESIAN_POINT('Ctrl Pts',(-0.703686280948058,0.892049254398944,
0.2525));
#4293=CARTESIAN_POINT('Ctrl Pts',(-0.852979692955682,1.03438653329062,0.2525));
#4294=CARTESIAN_POINT('Ctrl Pts',(-0.9649497519614,1.14113949245938,0.2525));
#4295=CARTESIAN_POINT('Ctrl Pts',(-1.07695540716473,1.24789245162814,0.2525));
#4296=CARTESIAN_POINT('Ctrl Pts',(-1.17312855926066,1.3546454107969,0.2525));
#4297=CARTESIAN_POINT('Ctrl Pts',(-1.26930171135659,1.46139836996566,0.2525));
#4298=CARTESIAN_POINT('Ctrl Pts',(-1.34964236034512,1.56815132913442,0.2525));
#4299=CARTESIAN_POINT('Ctrl Pts',(-1.39873379103616,1.67490428830318,0.2525));
#4300=CARTESIAN_POINT('',(-0.2525,1.67490428830318,1.39873379103616));
#4301=CARTESIAN_POINT('Ctrl Pts',(-1.39873379103616,1.67490428830319,0.2525));
#4302=CARTESIAN_POINT('Ctrl Pts',(-1.3214980525936,1.6995979113212,0.2525));
#4303=CARTESIAN_POINT('Ctrl Pts',(-1.24282139795094,1.7219527064584,0.261401113497111));
#4304=CARTESIAN_POINT('Ctrl Pts',(-1.08424427040411,1.76140645604726,0.296017925677423));
#4305=CARTESIAN_POINT('Ctrl Pts',(-1.00354250170321,1.77839692552257,0.322863535012851));
#4306=CARTESIAN_POINT('Ctrl Pts',(-0.846801091357762,1.80493453685773,0.395463209049374));
#4307=CARTESIAN_POINT('Ctrl Pts',(-0.719354265250715,1.82312523884123,0.464938989680356));
#4308=CARTESIAN_POINT('Ctrl Pts',(-0.481701254478667,1.82319993529886,0.702120420915221));
#4309=CARTESIAN_POINT('Ctrl Pts',(-0.408529062350214,1.80949074167882,0.819562062658764));
#4310=CARTESIAN_POINT('Ctrl Pts',(-0.322948035440936,1.77844909341745,1.00332597555874));
#4311=CARTESIAN_POINT('Ctrl Pts',(-0.295775573088714,1.76165856063514,1.08335328949268));
#4312=CARTESIAN_POINT('Ctrl Pts',(-0.261080234824037,1.72194057379789,1.24293316702172));
#4313=CARTESIAN_POINT('Ctrl Pts',(-0.2525,1.69961234947441,1.32145289350843));
#4314=CARTESIAN_POINT('Ctrl Pts',(-0.2525,1.67490428830319,1.39873379103616));
#4315=CARTESIAN_POINT('Ctrl Pts',(-0.2525,1.67490428830318,1.39873379103616));
#4316=CARTESIAN_POINT('Ctrl Pts',(-0.2525,1.6533624774181,1.38882757087834));
#4317=CARTESIAN_POINT('Ctrl Pts',(-0.252499999746617,1.63228329311561,1.3778662300394));
#4318=CARTESIAN_POINT('Ctrl Pts',(-0.252500000768301,1.61162596717297,1.36609041859979));
#4319=CARTESIAN_POINT('Ctrl Pts',(-0.252500001832078,1.59011757876336,1.3538294547662));
#4320=CARTESIAN_POINT('Ctrl Pts',(-0.25250000429074,1.56906656417081,1.34068520816583));
#4321=CARTESIAN_POINT('Ctrl Pts',(-0.25250001312032,1.54842714417038,1.32687269441884));
#4322=CARTESIAN_POINT('Ctrl Pts',(-0.252500022527703,1.52643708931724,1.3121562956562));
#4323=CARTESIAN_POINT('Ctrl Pts',(-0.252500039209514,1.50491429095504,1.29668113585824));
#4324=CARTESIAN_POINT('Ctrl Pts',(-0.252500072402595,1.48380308541842,1.28064789380926));
#4325=CARTESIAN_POINT('Ctrl Pts',(-0.252500108015538,1.46115281856915,1.26344578707792));
#4326=CARTESIAN_POINT('Ctrl Pts',(-0.252500162752792,1.43897636465442,1.24560105970087));
#4327=CARTESIAN_POINT('Ctrl Pts',(-0.252500250387845,1.41720422430941,1.22729823025939));
#4328=CARTESIAN_POINT('Ctrl Pts',(-0.252500335424913,1.3960775301444,1.2095379975107));
#4329=CARTESIAN_POINT('Ctrl Pts',(-0.252500451632896,1.37533152267375,1.19134541589399));
#4330=CARTESIAN_POINT('Ctrl Pts',(-0.252500611338503,1.35490196910092,1.17284229437769));
#4331=CARTESIAN_POINT('Ctrl Pts',(-0.252500795738336,1.33131352836061,1.15147815718096));
#4332=CARTESIAN_POINT('Ctrl Pts',(-0.252501037706587,1.30814703614776,1.12970033222151));
#4333=CARTESIAN_POINT('Ctrl Pts',(-0.25250135851903,1.28530208565165,1.10764241414049));
#4334=CARTESIAN_POINT('Ctrl Pts',(-0.252501717058662,1.25977059432069,1.08299050936352));
#4335=CARTESIAN_POINT('Ctrl Pts',(-0.252502174060199,1.23464076182171,1.05798828412745));
#4336=CARTESIAN_POINT('Ctrl Pts',(-0.252502762500687,1.20976996168875,1.03275496086317));
#4337=CARTESIAN_POINT('Ctrl Pts',(-0.252503014217119,1.19913101143399,1.02196093455377));
#4338=CARTESIAN_POINT('Ctrl Pts',(-0.252503290024313,1.18853942796329,1.01112389480712));
#4339=CARTESIAN_POINT('Ctrl Pts',(-0.252503592600484,1.17798390321363,1.0002504340731));
#4340=CARTESIAN_POINT('Ctrl Pts',(-0.252504402969424,1.14971376759442,0.971128792383886));
#4341=CARTESIAN_POINT('Ctrl Pts',(-0.252504794501493,1.12183760437532,0.942120143451141));
#4342=CARTESIAN_POINT('Ctrl Pts',(-0.252504811952224,1.09408251958404,0.913162692480318));
#4343=CARTESIAN_POINT('Ctrl Pts',(-0.252504824255615,1.07451418910487,0.892746650710225));
#4344=CARTESIAN_POINT('Ctrl Pts',(-0.252504662630858,1.05500603640163,0.872354189029001));
#4345=CARTESIAN_POINT('Ctrl Pts',(-0.252504405545681,1.03546068434185,0.851954600576692));
#4346=CARTESIAN_POINT('Ctrl Pts',(-0.252504031554927,1.0070273805376,0.822278609365476));
#4347=CARTESIAN_POINT('Ctrl Pts',(-0.252503464452334,0.978515925877899,
0.792583714182027));
#4348=CARTESIAN_POINT('Ctrl Pts',(-0.252502922607271,0.949617435715553,
0.762788727305806));
#4349=CARTESIAN_POINT('Ctrl Pts',(-0.252502508379217,0.927525206502053,
0.740011147031374));
#4350=CARTESIAN_POINT('Ctrl Pts',(-0.252502107670246,0.90520658576468,0.717174774690153));
#4351=CARTESIAN_POINT('Ctrl Pts',(-0.252501768926268,0.882518722400479,
0.694276602901892));
#4352=CARTESIAN_POINT('Ctrl Pts',(-0.252501455477355,0.861525032351969,
0.673088308813397));
#4353=CARTESIAN_POINT('Ctrl Pts',(-0.252501194055229,0.840215152740898,
0.651846429476999));
#4354=CARTESIAN_POINT('Ctrl Pts',(-0.252500990542997,0.818472373443839,
0.630587994716446));
#4355=CARTESIAN_POINT('Ctrl Pts',(-0.252500799645408,0.798077313534644,
0.610647257398846));
#4356=CARTESIAN_POINT('Ctrl Pts',(-0.252500658687517,0.777301322853811,
0.590691394700729));
#4357=CARTESIAN_POINT('Ctrl Pts',(-0.252500557294515,0.756045299838186,
0.570795518023174));
#4358=CARTESIAN_POINT('Ctrl Pts',(-0.252500463683345,0.736420659706226,
0.552426634078145));
#4359=CARTESIAN_POINT('Ctrl Pts',(-0.252500403056104,0.716386796956551,
0.534108608233978));
#4360=CARTESIAN_POINT('Ctrl Pts',(-0.252500365894266,0.695863848009212,
0.51594516380787));
#4361=CARTESIAN_POINT('Ctrl Pts',(-0.2525003506095,0.687422702544994,0.508474489056137));
#4362=CARTESIAN_POINT('Ctrl Pts',(-0.252500339337001,0.678898799086923,
0.501030538289176));
#4363=CARTESIAN_POINT('Ctrl Pts',(-0.252500331768991,0.670286509788448,
0.493623165269628));
#4364=CARTESIAN_POINT('Ctrl Pts',(-0.252500313572123,0.649578729937397,
0.475812540887722));
#4365=CARTESIAN_POINT('Ctrl Pts',(-0.252500310187994,0.628646961924081,
0.458465113696279));
#4366=CARTESIAN_POINT('Ctrl Pts',(-0.252500318016367,0.607515591457309,
0.441769890184859));
#4367=CARTESIAN_POINT('Ctrl Pts',(-0.252500336819748,0.556759043341629,
0.401668756337821));
#4368=CARTESIAN_POINT('Ctrl Pts',(-0.252500117945607,0.504847166780409,
0.365330085493352));
#4369=CARTESIAN_POINT('Ctrl Pts',(-0.252519078108324,0.452171981810558,
0.335502456251659));
#4370=CARTESIAN_POINT('Ctrl Pts',(-0.25253256167675,0.414711888692519,0.314290461086883));
#4371=CARTESIAN_POINT('Ctrl Pts',(-0.252555841125539,0.376867942942743,
0.296373941223751));
#4372=CARTESIAN_POINT('Ctrl Pts',(-0.252596681485842,0.338788215797677,
0.282716831850162));
#4373=CARTESIAN_POINT('Ctrl Pts',(-0.252625084572927,0.312305055555308,
0.273218774928417));
#4374=CARTESIAN_POINT('Ctrl Pts',(-0.2526619916478,0.2857079465508,0.265780282987043));
#4375=CARTESIAN_POINT('Ctrl Pts',(-0.252710116792229,0.259044051550141,
0.260710400512401));
#4376=CARTESIAN_POINT('Ctrl Pts',(-0.252728097510817,0.249081775110977,
0.258816169728594));
#4377=CARTESIAN_POINT('Ctrl Pts',(-0.252748654891157,0.238569916005521,
0.257153083021421));
#4378=CARTESIAN_POINT('Ctrl Pts',(-0.252771925134165,0.2277355202175,0.255866001535274));
#4379=CARTESIAN_POINT('Ctrl Pts',(-0.252793629716246,0.217630080726155,
0.25466551704743));
#4380=CARTESIAN_POINT('Ctrl Pts',(-0.252817697674166,0.207244058178077,
0.253792444598208));
#4381=CARTESIAN_POINT('Ctrl Pts',(-0.252844045430227,0.196762011181661,
0.253318392169065));
#4382=CARTESIAN_POINT('Ctrl Pts',(-0.252857003920209,0.191606676485467,
0.253085241245718));
#4383=CARTESIAN_POINT('Ctrl Pts',(-0.252870510501066,0.186428118321644,
0.252947854377365));
#4384=CARTESIAN_POINT('Ctrl Pts',(-0.252884533175786,0.181248308344568,
0.252910042904442));
#4385=CARTESIAN_POINT('Origin',(-0.2525,1.32927294603617,0.596959576238921));
#4386=CARTESIAN_POINT('',(-0.2525,1.65972469240778,1.44535267544286));
#4387=CARTESIAN_POINT('Origin',(-0.2525,-2.7,1.54611658392353E-17));
#4388=CARTESIAN_POINT('',(-0.2525,0.18,0.2525));
#4389=CARTESIAN_POINT('Origin',(-1.54074395550979E-32,-2.7,0.));
#4390=CARTESIAN_POINT('',(-3.45,0.342614007724279,-4.22503145705837E-16));
#4391=CARTESIAN_POINT('Origin',(1.20607180859382E-19,0.342614007724279,
0.));
#4392=CARTESIAN_POINT('',(-1.44535267544286,1.65972469240778,0.2525));
#4393=CARTESIAN_POINT('Origin',(3.09223316784707E-17,-2.7,0.2525));
#4394=CARTESIAN_POINT('',(-1.44535267544286,1.65972469240778,-0.2525));
#4395=CARTESIAN_POINT('Origin',(1.25415112171173,-1.68898928387198,-1.53589215685133E-16));
#4396=CARTESIAN_POINT('',(-1.39873379103616,1.67490428830318,-0.2525));
#4397=CARTESIAN_POINT('Origin',(-3.09223316784707E-17,-2.7,-0.2525));
#4398=CARTESIAN_POINT('',(-0.2525,1.67490428830318,-1.39873379103616));
#4399=CARTESIAN_POINT('Ctrl Pts',(-0.2525,1.67490428830319,-1.39873379103616));
#4400=CARTESIAN_POINT('Ctrl Pts',(-0.2525,1.6995979113212,-1.3214980525936));
#4401=CARTESIAN_POINT('Ctrl Pts',(-0.26140111349711,1.7219527064584,-1.24282139795094));
#4402=CARTESIAN_POINT('Ctrl Pts',(-0.296017925677421,1.76140645604726,-1.08424427040412));
#4403=CARTESIAN_POINT('Ctrl Pts',(-0.322863535012848,1.77839692552257,-1.00354250170322));
#4404=CARTESIAN_POINT('Ctrl Pts',(-0.395463209049344,1.80493453685772,-0.846801091357825));
#4405=CARTESIAN_POINT('Ctrl Pts',(-0.464938989680312,1.82312523884123,-0.719354265250761));
#4406=CARTESIAN_POINT('Ctrl Pts',(-0.702120420915213,1.82319993529886,-0.481701254478674));
#4407=CARTESIAN_POINT('Ctrl Pts',(-0.819562062658756,1.80949074167882,-0.408529062350219));
#4408=CARTESIAN_POINT('Ctrl Pts',(-1.00332597555873,1.77844909341745,-0.322948035440939));
#4409=CARTESIAN_POINT('Ctrl Pts',(-1.08335328949268,1.76165856063514,-0.295775573088716));
#4410=CARTESIAN_POINT('Ctrl Pts',(-1.24293316702172,1.72194057379789,-0.261080234824037));
#4411=CARTESIAN_POINT('Ctrl Pts',(-1.32145289350843,1.69961234947441,-0.2525));
#4412=CARTESIAN_POINT('Ctrl Pts',(-1.39873379103616,1.67490428830319,-0.2525));
#4413=CARTESIAN_POINT('',(-0.2525,1.65972469240778,-1.44535267544286));
#4414=CARTESIAN_POINT('Origin',(-0.2525,-2.7,4.6383497517706E-17));
#4415=CARTESIAN_POINT('',(0.2525,1.65972469240778,-1.44535267544286));
#4416=CARTESIAN_POINT('Origin',(2.303838235277E-16,-1.68898928387198,1.25415112171173));
#4417=CARTESIAN_POINT('',(0.2525,1.67490428830318,-1.39873379103616));
#4418=CARTESIAN_POINT('Origin',(0.2525,-2.7,-1.54611658392353E-17));
#4419=CARTESIAN_POINT('',(1.39873379103616,1.67490428830318,-0.2525));
#4420=CARTESIAN_POINT('Ctrl Pts',(1.39873379103616,1.67490428830319,-0.2525));
#4421=CARTESIAN_POINT('Ctrl Pts',(1.3214980525936,1.6995979113212,-0.2525));
#4422=CARTESIAN_POINT('Ctrl Pts',(1.24282139795094,1.7219527064584,-0.26140111349711));
#4423=CARTESIAN_POINT('Ctrl Pts',(1.08424427040412,1.76140645604726,-0.29601792567742));
#4424=CARTESIAN_POINT('Ctrl Pts',(1.00354250170323,1.77839692552257,-0.322863535012846));
#4425=CARTESIAN_POINT('Ctrl Pts',(0.846801091357732,1.80493453685774,-0.395463209049387));
#4426=CARTESIAN_POINT('Ctrl Pts',(0.719354265250698,1.82312523884123,-0.464938989680376));
#4427=CARTESIAN_POINT('Ctrl Pts',(0.481701254478673,1.82319993529886,-0.702120420915215));
#4428=CARTESIAN_POINT('Ctrl Pts',(0.408529062350218,1.80949074167882,-0.819562062658759));
#4429=CARTESIAN_POINT('Ctrl Pts',(0.322948035440937,1.77844909341745,-1.00332597555874));
#4430=CARTESIAN_POINT('Ctrl Pts',(0.295775573088715,1.76165856063514,-1.08335328949268));
#4431=CARTESIAN_POINT('Ctrl Pts',(0.261080234824037,1.72194057379789,-1.24293316702172));
#4432=CARTESIAN_POINT('Ctrl Pts',(0.2525,1.69961234947441,-1.32145289350843));
#4433=CARTESIAN_POINT('Ctrl Pts',(0.2525,1.67490428830319,-1.39873379103616));
#4434=CARTESIAN_POINT('',(1.44535267544286,1.65972469240778,-0.2525));
#4435=CARTESIAN_POINT('Origin',(-1.54074395550979E-32,-2.7,-0.2525));
#4436=CARTESIAN_POINT('',(1.44535267544286,1.65972469240778,0.2525));
#4437=CARTESIAN_POINT('Origin',(-1.25415112171173,-1.68898928387198,0.));
#4438=CARTESIAN_POINT('',(1.39873379103616,1.67490428830318,0.2525));
#4439=CARTESIAN_POINT('Origin',(-1.54074395550979E-32,-2.7,0.2525));
#4440=CARTESIAN_POINT('',(0.2525,1.67490428830318,1.39873379103616));
#4441=CARTESIAN_POINT('Ctrl Pts',(0.2525,1.67490428830319,1.39873379103616));
#4442=CARTESIAN_POINT('Ctrl Pts',(0.2525,1.69952432615653,1.32172820936433));
#4443=CARTESIAN_POINT('Ctrl Pts',(0.261018212931326,1.72178746020236,1.24347226649336));
#4444=CARTESIAN_POINT('Ctrl Pts',(0.295495381675376,1.76139191025834,1.08449823776063));
#4445=CARTESIAN_POINT('Ctrl Pts',(0.322478723422486,1.77813427539122,1.00485347638301));
#4446=CARTESIAN_POINT('Ctrl Pts',(0.407617361272442,1.80916833672454,0.821724212078196));
#4447=CARTESIAN_POINT('Ctrl Pts',(0.480894071351672,1.82309210163272,0.703633333302493));
#4448=CARTESIAN_POINT('Ctrl Pts',(0.721845851371982,1.8230739364315,0.462976017738591));
#4449=CARTESIAN_POINT('Ctrl Pts',(0.851097000282161,1.8042131825057,0.393653769800222));
#4450=CARTESIAN_POINT('Ctrl Pts',(1.00439788963741,1.77821717749088,0.322644876191461));
#4451=CARTESIAN_POINT('Ctrl Pts',(1.08485470928406,1.76126320748993,0.295882555079941));
#4452=CARTESIAN_POINT('Ctrl Pts',(1.24310256113013,1.72187305446981,0.261365380099199));
#4453=CARTESIAN_POINT('Ctrl Pts',(1.32164715298556,1.69955024130541,0.2525));
#4454=CARTESIAN_POINT('Ctrl Pts',(1.39873379103616,1.67490428830319,0.2525));
#4455=CARTESIAN_POINT('',(0.2525,1.65972469240778,1.44535267544286));
#4456=CARTESIAN_POINT('Origin',(0.2525,-2.7,-1.54611658392353E-17));
#4457=CARTESIAN_POINT('Origin',(-7.67946078425667E-17,-1.68898928387198,
-1.25415112171173));
#4458=CARTESIAN_POINT('Ctrl Pts',(0.25288693468364,0.180363007294736,0.25290454795881));
#4459=CARTESIAN_POINT('Ctrl Pts',(0.253566318659954,0.251531454990339,0.2525));
#4460=CARTESIAN_POINT('Ctrl Pts',(0.282533776762533,0.358284417488803,0.2525));
#4461=CARTESIAN_POINT('Ctrl Pts',(0.402462665490956,0.57179034248573,0.2525));
#4462=CARTESIAN_POINT('Ctrl Pts',(0.654848953272938,0.856464909148299,0.2525));
#4463=CARTESIAN_POINT('Ctrl Pts',(1.01180563897889,1.17672379664369,0.2525));
#4464=CARTESIAN_POINT('Ctrl Pts',(1.24015201737986,1.42581404247344,0.2525));
#4465=CARTESIAN_POINT('Ctrl Pts',(1.34268946564927,1.56815132580472,0.2525));
#4466=CARTESIAN_POINT('Ctrl Pts',(1.38236998029542,1.63931996747036,0.2525));
#4467=CARTESIAN_POINT('Ctrl Pts',(1.39873379103616,1.67490428830319,0.2525));
#4468=CARTESIAN_POINT('Ctrl Pts',(0.25288693468364,0.180363007294736,0.25290454795881));
#4469=CARTESIAN_POINT('Ctrl Pts',(0.253494613874731,0.251555875975505,0.252571799093397));
#4470=CARTESIAN_POINT('Ctrl Pts',(0.278219831089633,0.359170165564305,0.252626807216481));
#4471=CARTESIAN_POINT('Ctrl Pts',(0.385456279600631,0.583249804127288,0.252559884004897));
#4472=CARTESIAN_POINT('Ctrl Pts',(0.616589874229042,0.894601759191803,0.252447084679981));
#4473=CARTESIAN_POINT('Ctrl Pts',(0.944013740684606,1.25218953094168,0.252261450148793));
#4474=CARTESIAN_POINT('Ctrl Pts',(1.13951799087665,1.5122122900578,0.252271387305761));
#4475=CARTESIAN_POINT('Ctrl Pts',(1.21974521067037,1.64836070202153,0.252359779495625));
#4476=CARTESIAN_POINT('Ctrl Pts',(1.24768955459965,1.71040077361539,0.252465287159062));
#4477=CARTESIAN_POINT('Ctrl Pts',(1.25847104651595,1.7394055335592,0.2525));
#4478=CARTESIAN_POINT('Ctrl Pts',(0.25288693468364,0.180363007294736,0.25290454795881));
#4479=CARTESIAN_POINT('Ctrl Pts',(0.253354101245129,0.251588135303397,0.252712436301032));
#4480=CARTESIAN_POINT('Ctrl Pts',(0.271758273851416,0.360141560035993,0.253738771440245));
#4481=CARTESIAN_POINT('Ctrl Pts',(0.354717399854805,0.599442953479044,0.258979408503156));
#4482=CARTESIAN_POINT('Ctrl Pts',(0.539933551293671,0.953263267760873,0.270095649464581));
#4483=CARTESIAN_POINT('Ctrl Pts',(0.803109921411167,1.37128724255501,0.285821000060426));
#4484=CARTESIAN_POINT('Ctrl Pts',(0.944726943156785,1.64160804099229,0.295601433906236));
#4485=CARTESIAN_POINT('Ctrl Pts',(0.995396774804367,1.76337931813655,0.299775603288491));
#4486=CARTESIAN_POINT('Ctrl Pts',(1.01005754514459,1.80990150285309,0.301280477255474));
#4487=CARTESIAN_POINT('Ctrl Pts',(1.01496099244387,1.82867838538119,0.301879612744958));
#4488=CARTESIAN_POINT('Ctrl Pts',(0.25288693468364,0.180363007294736,0.25290454795881));
#4489=CARTESIAN_POINT('Ctrl Pts',(0.253123437596736,0.251607093557164,0.252943173161797));
#4490=CARTESIAN_POINT('Ctrl Pts',(0.263655061494934,0.360725902502917,0.258673026558134));
#4491=CARTESIAN_POINT('Ctrl Pts',(0.312912446247252,0.60942559660352,0.285668213220655));
#4492=CARTESIAN_POINT('Ctrl Pts',(0.424842099362926,0.991362136465949,0.346769681135061));
#4493=CARTESIAN_POINT('Ctrl Pts',(0.584227565697128,1.44984050308726,0.433721279720911));
#4494=CARTESIAN_POINT('Ctrl Pts',(0.665283603234407,1.72378749990823,0.478543736809464));
#4495=CARTESIAN_POINT('Ctrl Pts',(0.691993430707343,1.83446099525498,0.493610049309348));
#4496=CARTESIAN_POINT('Ctrl Pts',(0.698699572407698,1.87048880624921,0.497536748682596));
#4497=CARTESIAN_POINT('Ctrl Pts',(0.700648306174142,1.88269853631511,0.498721471911838));
#4498=CARTESIAN_POINT('Ctrl Pts',(0.25288693468364,0.180363007294736,0.25290454795881));
#4499=CARTESIAN_POINT('Ctrl Pts',(0.252912988506229,0.251607165614658,0.253153622530573));
#4500=CARTESIAN_POINT('Ctrl Pts',(0.257811669607508,0.360732033545783,0.264495894783628));
#4501=CARTESIAN_POINT('Ctrl Pts',(0.281036485748116,0.609477860117731,0.317462910534688));
#4502=CARTESIAN_POINT('Ctrl Pts',(0.333494639118905,0.991548488352538,0.437917535032289));
#4503=CARTESIAN_POINT('Ctrl Pts',(0.408132906429096,1.4502125012811,0.609456028114936));
#4504=CARTESIAN_POINT('Ctrl Pts',(0.446850513414528,1.72419359422166,0.696473333234269));
#4505=CARTESIAN_POINT('Ctrl Pts',(0.459985912981462,1.83481069688549,0.725059400072452));
#4506=CARTESIAN_POINT('Ctrl Pts',(0.46346538809702,1.87078501607625,0.732197589562189));
#4507=CARTESIAN_POINT('Ctrl Pts',(0.464534862011534,1.88296217746373,0.734261608831674));
#4508=CARTESIAN_POINT('Ctrl Pts',(0.25288693468364,0.180363007294736,0.25290454795881));
#4509=CARTESIAN_POINT('Ctrl Pts',(0.252685438769974,0.251583230642006,0.253381079835522));
#4510=CARTESIAN_POINT('Ctrl Pts',(0.253442926663425,0.359986215517557,0.272887601901722));
#4511=CARTESIAN_POINT('Ctrl Pts',(0.257149204407849,0.596838532018444,0.360496717209496));
#4512=CARTESIAN_POINT('Ctrl Pts',(0.264832258213707,0.943365163639513,0.555200679381912));
#4513=CARTESIAN_POINT('Ctrl Pts',(0.275660194618298,1.35091183392789,0.831726885585518));
#4514=CARTESIAN_POINT('Ctrl Pts',(0.282894749100881,1.62020991031856,0.982612440708914));
#4515=CARTESIAN_POINT('Ctrl Pts',(0.28621549555457,1.74485308289809,1.0375529380847));
#4516=CARTESIAN_POINT('Ctrl Pts',(0.287510301316776,1.79410365799333,1.05386071620783));
#4517=CARTESIAN_POINT('Ctrl Pts',(0.288042738835333,1.81459159950119,1.05943062764602));
#4518=CARTESIAN_POINT('Ctrl Pts',(0.25288693468364,0.180363007294736,0.25290454795881));
#4519=CARTESIAN_POINT('Ctrl Pts',(0.252553879661617,0.25154972044835,0.253512509535294));
#4520=CARTESIAN_POINT('Ctrl Pts',(0.252477279358164,0.358953450897663,0.279408103735204));
#4521=CARTESIAN_POINT('Ctrl Pts',(0.25248821186298,0.58037860248374,0.389757400227545));
#4522=CARTESIAN_POINT('Ctrl Pts',(0.252550221476483,0.885120582147742,0.62597380325691));
#4523=CARTESIAN_POINT('Ctrl Pts',(0.252661481380038,1.2334989577097,0.960386553662705));
#4524=CARTESIAN_POINT('Ctrl Pts',(0.252616506979536,1.49068576330651,1.16420861938213));
#4525=CARTESIAN_POINT('Ctrl Pts',(0.252551681954439,1.62831245241817,1.25025254382567));
#4526=CARTESIAN_POINT('Ctrl Pts',(0.252517080866133,1.69263031097308,1.28128518510671));
#4527=CARTESIAN_POINT('Ctrl Pts',(0.2525,1.7232802222452,1.293536732646));
#4528=CARTESIAN_POINT('Ctrl Pts',(0.25288693468364,0.180363007294736,0.25290454795881));
#4529=CARTESIAN_POINT('Ctrl Pts',(0.2525,0.251531454990339,0.253566318659954));
#4530=CARTESIAN_POINT('Ctrl Pts',(0.2525,0.358284417488803,0.282533776762533));
#4531=CARTESIAN_POINT('Ctrl Pts',(0.2525,0.57179034248573,0.402462665490956));
#4532=CARTESIAN_POINT('Ctrl Pts',(0.2525,0.856464909148299,0.654848953272938));
#4533=CARTESIAN_POINT('Ctrl Pts',(0.2525,1.17672379664369,1.01180563897889));
#4534=CARTESIAN_POINT('Ctrl Pts',(0.2525,1.42581404247344,1.24015201737986));
#4535=CARTESIAN_POINT('Ctrl Pts',(0.2525,1.56815132580472,1.34268946564927));
#4536=CARTESIAN_POINT('Ctrl Pts',(0.2525,1.63931996747036,1.38236998029542));
#4537=CARTESIAN_POINT('Ctrl Pts',(0.2525,1.67490428830319,1.39873379103616));
#4538=CARTESIAN_POINT('',(0.252747594240682,0.181484899620735,0.253449417268222));
#4539=CARTESIAN_POINT('Ctrl Pts',(0.2525,0.181242946346902,0.253501967447103));
#4540=CARTESIAN_POINT('Ctrl Pts',(0.2525,0.252118210338476,0.253725769059662));
#4541=CARTESIAN_POINT('Ctrl Pts',(0.2525,0.322993474330049,0.273014355995065));
#4542=CARTESIAN_POINT('Ctrl Pts',(0.2525,0.393868738321623,0.305966034468562));
#4543=CARTESIAN_POINT('Ctrl Pts',(0.2525,0.429453059154444,0.32251007300534));
#4544=CARTESIAN_POINT('Ctrl Pts',(0.2525,0.465037379987266,0.342498221126744));
#4545=CARTESIAN_POINT('Ctrl Pts',(0.2525,0.500621700820087,0.365376403710984));
#4546=CARTESIAN_POINT('Ctrl Pts',(0.2525,0.607374663318551,0.434010951463704));
#4547=CARTESIAN_POINT('Ctrl Pts',(0.2525,0.714127625817014,0.528655809381947));
#4548=CARTESIAN_POINT('Ctrl Pts',(0.2525,0.820880588315478,0.633732397578936));
#4549=CARTESIAN_POINT('Ctrl Pts',(0.2525,0.963217871646762,0.773834515174922));
#4550=CARTESIAN_POINT('Ctrl Pts',(0.2525,1.10555515497805,0.932481931044234));
#4551=CARTESIAN_POINT('Ctrl Pts',(0.2525,1.24789243830933,1.07235349953437));
#4552=CARTESIAN_POINT('Ctrl Pts',(0.2525,1.31906107997498,1.14228928377944));
#4553=CARTESIAN_POINT('Ctrl Pts',(0.2525,1.39022972164062,1.20753110617972));
#4554=CARTESIAN_POINT('Ctrl Pts',(0.2525,1.46139836330626,1.26345752973628));
#4555=CARTESIAN_POINT('Ctrl Pts',(0.2525,1.49698268413908,1.29142074151457));
#4556=CARTESIAN_POINT('Ctrl Pts',(0.2525,1.5325670049719,1.31705510358192));
#4557=CARTESIAN_POINT('Ctrl Pts',(0.2525,1.56815132580472,1.33979241327713));
#4558=CARTESIAN_POINT('Ctrl Pts',(0.2525,1.60373564663754,1.36252972297235));
#4559=CARTESIAN_POINT('Ctrl Pts',(0.2525,1.63931996747036,1.38236998029542));
#4560=CARTESIAN_POINT('Ctrl Pts',(0.2525,1.67490428830319,1.39873379103616));
#4561=CARTESIAN_POINT('Ctrl Pts',(1.39873379103616,1.67490428830319,0.2525));
#4562=CARTESIAN_POINT('Ctrl Pts',(1.38236998029542,1.63931996747036,0.2525));
#4563=CARTESIAN_POINT('Ctrl Pts',(1.36252972297235,1.60373564663754,0.2525));
#4564=CARTESIAN_POINT('Ctrl Pts',(1.33979241327713,1.56815132580472,0.2525));
#4565=CARTESIAN_POINT('Ctrl Pts',(1.31705510358192,1.5325670049719,0.2525));
#4566=CARTESIAN_POINT('Ctrl Pts',(1.29142074151457,1.49698268413908,0.2525));
#4567=CARTESIAN_POINT('Ctrl Pts',(1.26345752973628,1.46139836330626,0.2525));
#4568=CARTESIAN_POINT('Ctrl Pts',(1.20753110617972,1.39022972164062,0.2525));
#4569=CARTESIAN_POINT('Ctrl Pts',(1.14228928377944,1.31906107997498,0.2525));
#4570=CARTESIAN_POINT('Ctrl Pts',(1.07235349953437,1.24789243830933,0.2525));
#4571=CARTESIAN_POINT('Ctrl Pts',(0.932481931044234,1.10555515497805,0.2525));
#4572=CARTESIAN_POINT('Ctrl Pts',(0.773834515174922,0.963217871646762,0.2525));
#4573=CARTESIAN_POINT('Ctrl Pts',(0.633732397578936,0.820880588315478,0.2525));
#4574=CARTESIAN_POINT('Ctrl Pts',(0.528655809381947,0.714127625817014,0.2525));
#4575=CARTESIAN_POINT('Ctrl Pts',(0.434010951463704,0.607374663318551,0.2525));
#4576=CARTESIAN_POINT('Ctrl Pts',(0.365376403710984,0.500621700820087,0.2525));
#4577=CARTESIAN_POINT('Ctrl Pts',(0.342498221126744,0.465037379987266,0.2525));
#4578=CARTESIAN_POINT('Ctrl Pts',(0.32251007300534,0.429453059154444,0.2525));
#4579=CARTESIAN_POINT('Ctrl Pts',(0.305966034468562,0.393868738321623,0.2525));
#4580=CARTESIAN_POINT('Ctrl Pts',(0.273014355995065,0.322993474330049,0.2525));
#4581=CARTESIAN_POINT('Ctrl Pts',(0.253725769059662,0.252118210338476,0.2525));
#4582=CARTESIAN_POINT('Ctrl Pts',(0.253501967447103,0.181242946346902,0.2525));
#4583=CARTESIAN_POINT('Origin',(0.596959576238921,1.32927294603617,0.2525));
#4584=CARTESIAN_POINT('',(0.2525,0.18,0.2525));
#4585=CARTESIAN_POINT('Ctrl Pts',(1.40119566223923,1.67377061542673,-0.252503384597919));
#4586=CARTESIAN_POINT('Ctrl Pts',(1.35180950614759,1.56667096077676,-0.252505108451827));
#4587=CARTESIAN_POINT('Ctrl Pts',(1.19051785511471,1.35309033859909,-0.2525094604608));
#4588=CARTESIAN_POINT('Ctrl Pts',(0.816490553708995,0.997806631462384,-0.252503368517758));
#4589=CARTESIAN_POINT('Ctrl Pts',(0.405558156095291,0.607191077907444,-0.252499106784498));
#4590=CARTESIAN_POINT('Ctrl Pts',(0.253633820090312,0.322699275833922,-0.252498663564042));
#4591=CARTESIAN_POINT('Ctrl Pts',(0.252886934700411,0.180363053935509,-0.252904547976345));
#4592=CARTESIAN_POINT('Ctrl Pts',(1.26037250057784,1.73870774468011,-0.252115939639409));
#4593=CARTESIAN_POINT('Ctrl Pts',(1.22789017042759,1.65145364617671,-0.252025027944592));
#4594=CARTESIAN_POINT('Ctrl Pts',(1.10156487806621,1.44211082963804,-0.251803263297922));
#4595=CARTESIAN_POINT('Ctrl Pts',(0.766123619149559,1.05479106442032,-0.2522128639056));
#4596=CARTESIAN_POINT('Ctrl Pts',(0.386559584175455,0.617713002479128,-0.252525217138976));
#4597=CARTESIAN_POINT('Ctrl Pts',(0.253557559324573,0.322748720850031,-0.252575042787322));
#4598=CARTESIAN_POINT('Ctrl Pts',(0.252886934700411,0.180363053935509,-0.252904547976345));
#4599=CARTESIAN_POINT('Ctrl Pts',(1.01588130436972,1.8285202136264,-0.301303257038007));
#4600=CARTESIAN_POINT('Ctrl Pts',(1.00114500860431,1.77213188165909,-0.299510994452646));
#4601=CARTESIAN_POINT('Ctrl Pts',(0.921844344852997,1.57927719450945,-0.293018676656162));
#4602=CARTESIAN_POINT('Ctrl Pts',(0.661588407388982,1.14463355291566,-0.276859398428419));
#4603=CARTESIAN_POINT('Ctrl Pts',(0.353548362348051,0.631186526747257,-0.258996383833073));
#4604=CARTESIAN_POINT('Ctrl Pts',(0.253407841507791,0.322813961293671,-0.252724916903427));
#4605=CARTESIAN_POINT('Ctrl Pts',(0.252886934700411,0.180363053935509,-0.252904547976345));
#4606=CARTESIAN_POINT('Ctrl Pts',(0.700648306174142,1.88269853631511,-0.498721471911838));
#4607=CARTESIAN_POINT('Ctrl Pts',(0.694802105057157,1.84606934725989,-0.495167302334971));
#4608=CARTESIAN_POINT('Ctrl Pts',(0.653385292112166,1.6678607862473,-0.471727364231491));
#4609=CARTESIAN_POINT('Ctrl Pts',(0.498727859254003,1.20376968778233,-0.387020353392442));
#4610=CARTESIAN_POINT('Ctrl Pts',(0.311494538365419,0.638805167326126,-0.28497960959326));
#4611=CARTESIAN_POINT('Ctrl Pts',(0.253162161763354,0.322852181084504,-0.252970688212652));
#4612=CARTESIAN_POINT('Ctrl Pts',(0.252886934700411,0.180363053935509,-0.252904547976345));
#4613=CARTESIAN_POINT('Ctrl Pts',(0.464534862011534,1.88296217746373,-0.734261608831675));
#4614=CARTESIAN_POINT('Ctrl Pts',(0.461326440368065,1.84643069444072,-0.728069551216355));
#4615=CARTESIAN_POINT('Ctrl Pts',(0.440882931729548,1.66828770362272,-0.683774904329537));
#4616=CARTESIAN_POINT('Ctrl Pts',(0.368015390901128,1.2040471641317,-0.517462182796186));
#4617=CARTESIAN_POINT('Ctrl Pts',(0.280476993013325,0.638851377948437,-0.315908281514478));
#4618=CARTESIAN_POINT('Ctrl Pts',(0.252938630552515,0.322852326046713,-0.253194219770783));
#4619=CARTESIAN_POINT('Ctrl Pts',(0.252886934700411,0.180363053935509,-0.252904547976345));
#4620=CARTESIAN_POINT('Ctrl Pts',(0.288042738835333,1.81459159950119,-1.05943062764602));
#4621=CARTESIAN_POINT('Ctrl Pts',(0.286445426329483,1.75312777689471,-1.04272089385265));
#4622=CARTESIAN_POINT('Ctrl Pts',(0.281189816237197,1.55658425601416,-0.956706500881454));
#4623=CARTESIAN_POINT('Ctrl Pts',(0.269672263607853,1.12951834278148,-0.682291710442206));
#4624=CARTESIAN_POINT('Ctrl Pts',(0.257280761538559,0.629206583942263,-0.359413775081551));
#4625=CARTESIAN_POINT('Ctrl Pts',(0.252696948214109,0.322804213663305,-0.253435786844293));
#4626=CARTESIAN_POINT('Ctrl Pts',(0.252886934700411,0.180363053935509,-0.252904547976345));
#4627=CARTESIAN_POINT('Ctrl Pts',(0.2525,1.7232802222452,-1.293536732646));
#4628=CARTESIAN_POINT('Ctrl Pts',(0.252551242596801,1.63133049129681,-1.25678209117455));
#4629=CARTESIAN_POINT('Ctrl Pts',(0.25266532164615,1.42116455110369,-1.12171534473835));
#4630=CARTESIAN_POINT('Ctrl Pts',(0.252611845456766,1.04146021984685,-0.777511402654033));
#4631=CARTESIAN_POINT('Ctrl Pts',(0.252467658016787,0.615166337871246,-0.391143183123327));
#4632=CARTESIAN_POINT('Ctrl Pts',(0.252557217501854,0.322736854906387,-0.253575356182293));
#4633=CARTESIAN_POINT('Ctrl Pts',(0.252886934700411,0.180363053935509,-0.252904547976345));
#4634=CARTESIAN_POINT('Ctrl Pts',(0.2525,1.67490428830318,-1.39873379103616));
#4635=CARTESIAN_POINT('Ctrl Pts',(0.2525,1.56815132913442,-1.34964236034512));
#4636=CARTESIAN_POINT('Ctrl Pts',(0.2525,1.3546454107969,-1.18896106236806));
#4637=CARTESIAN_POINT('Ctrl Pts',(0.2525,0.998802213567705,-0.81560887835696));
#4638=CARTESIAN_POINT('Ctrl Pts',(0.2525,0.607374696615586,-0.405226021190989));
#4639=CARTESIAN_POINT('Ctrl Pts',(0.2525,0.322700138832226,-0.253632485721876));
#4640=CARTESIAN_POINT('Ctrl Pts',(0.252886934700411,0.180363053935509,-0.252904547976345));
#4641=CARTESIAN_POINT('',(0.253501950700695,0.181242946346902,-0.2525));
#4642=CARTESIAN_POINT('Ctrl Pts',(0.253501950700695,0.181242946346902,-0.2525));
#4643=CARTESIAN_POINT('Ctrl Pts',(0.253945081295062,0.32328686310313,-0.2525));
#4644=CARTESIAN_POINT('Ctrl Pts',(0.329661147629666,0.465330779859357,-0.2525));
#4645=CARTESIAN_POINT('Ctrl Pts',(0.441942702262977,0.607374696615583,-0.2525));
#4646=CARTESIAN_POINT('Ctrl Pts',(0.554456151069523,0.749711975507264,-0.2525));
#4647=CARTESIAN_POINT('Ctrl Pts',(0.703686280948059,0.892049254398945,-0.2525));
#4648=CARTESIAN_POINT('Ctrl Pts',(0.852979692955682,1.03438653329062,-0.2525));
#4649=CARTESIAN_POINT('Ctrl Pts',(0.9649497519614,1.14113949245938,-0.2525));
#4650=CARTESIAN_POINT('Ctrl Pts',(1.07695540716473,1.24789245162814,-0.2525));
#4651=CARTESIAN_POINT('Ctrl Pts',(1.17312855926066,1.3546454107969,-0.2525));
#4652=CARTESIAN_POINT('Ctrl Pts',(1.26930171135659,1.46139836996566,-0.2525));
#4653=CARTESIAN_POINT('Ctrl Pts',(1.34964236034512,1.56815132913442,-0.2525));
#4654=CARTESIAN_POINT('Ctrl Pts',(1.39873379103616,1.67490428830318,-0.2525));
#4655=CARTESIAN_POINT('Ctrl Pts',(0.2525,1.67490428830318,-1.39873379103616));
#4656=CARTESIAN_POINT('Ctrl Pts',(0.2525,1.65336247741811,-1.38882757087834));
#4657=CARTESIAN_POINT('Ctrl Pts',(0.252499999746617,1.63228329311562,-1.3778662300394));
#4658=CARTESIAN_POINT('Ctrl Pts',(0.252500000768301,1.61162596717299,-1.3660904185998));
#4659=CARTESIAN_POINT('Ctrl Pts',(0.252500001832078,1.59011757876339,-1.35382945476622));
#4660=CARTESIAN_POINT('Ctrl Pts',(0.25250000429074,1.56906656417084,-1.34068520816585));
#4661=CARTESIAN_POINT('Ctrl Pts',(0.25250001312032,1.54842714417042,-1.32687269441887));
#4662=CARTESIAN_POINT('Ctrl Pts',(0.252500022527703,1.52643708931728,-1.31215629565623));
#4663=CARTESIAN_POINT('Ctrl Pts',(0.252500039209514,1.50491429095507,-1.29668113585826));
#4664=CARTESIAN_POINT('Ctrl Pts',(0.252500072402595,1.48380308541845,-1.28064789380928));
#4665=CARTESIAN_POINT('Ctrl Pts',(0.252500108015538,1.46115281856918,-1.26344578707794));
#4666=CARTESIAN_POINT('Ctrl Pts',(0.252500162752792,1.43897636465445,-1.24560105970089));
#4667=CARTESIAN_POINT('Ctrl Pts',(0.252500250387845,1.41720422430944,-1.22729823025941));
#4668=CARTESIAN_POINT('Ctrl Pts',(0.252500335424913,1.39607753014442,-1.20953799751071));
#4669=CARTESIAN_POINT('Ctrl Pts',(0.252500451632896,1.37533152267376,-1.191345415894));
#4670=CARTESIAN_POINT('Ctrl Pts',(0.252500611338503,1.35490196910092,-1.17284229437769));
#4671=CARTESIAN_POINT('Ctrl Pts',(0.252500795738336,1.33131352836061,-1.15147815718096));
#4672=CARTESIAN_POINT('Ctrl Pts',(0.252501037706587,1.30814703614777,-1.12970033222152));
#4673=CARTESIAN_POINT('Ctrl Pts',(0.25250135851903,1.28530208565167,-1.10764241414051));
#4674=CARTESIAN_POINT('Ctrl Pts',(0.252501717058661,1.25977059432071,-1.08299050936354));
#4675=CARTESIAN_POINT('Ctrl Pts',(0.252502174060199,1.23464076182173,-1.05798828412748));
#4676=CARTESIAN_POINT('Ctrl Pts',(0.252502762500687,1.20976996168878,-1.0327549608632));
#4677=CARTESIAN_POINT('Ctrl Pts',(0.252503014217119,1.19913101143401,-1.02196093455379));
#4678=CARTESIAN_POINT('Ctrl Pts',(0.252503290024313,1.1885394279633,-1.01112389480713));
#4679=CARTESIAN_POINT('Ctrl Pts',(0.252503592600484,1.17798390321363,-1.00025043407309));
#4680=CARTESIAN_POINT('Ctrl Pts',(0.252504402969424,1.1497137675921,-0.971128792381501));
#4681=CARTESIAN_POINT('Ctrl Pts',(0.252504794501493,1.12183760437076,-0.942120143446388));
#4682=CARTESIAN_POINT('Ctrl Pts',(0.252504811952224,1.09408251957726,-0.913162692473183));
#4683=CARTESIAN_POINT('Ctrl Pts',(0.252504824255616,1.07451418910039,-0.89274665070544));
#4684=CARTESIAN_POINT('Ctrl Pts',(0.252504662630858,1.05500603639944,-0.87235418902655));
#4685=CARTESIAN_POINT('Ctrl Pts',(0.252504405545681,1.03546068434198,-0.851954600576566));
#4686=CARTESIAN_POINT('Ctrl Pts',(0.252504031554928,1.00702738053783,-0.822278609365309));
#4687=CARTESIAN_POINT('Ctrl Pts',(0.252503464452335,0.978515925878281,-0.792583714181797));
#4688=CARTESIAN_POINT('Ctrl Pts',(0.252502922607273,0.949617435716141,-0.762788727305498));
#4689=CARTESIAN_POINT('Ctrl Pts',(0.25250250837922,0.92752520650318,-0.740011147031399));
#4690=CARTESIAN_POINT('Ctrl Pts',(0.252502107670249,0.905206585766387,-0.717174774690505));
#4691=CARTESIAN_POINT('Ctrl Pts',(0.252501768926271,0.882518722402808,-0.694276602902572));
#4692=CARTESIAN_POINT('Ctrl Pts',(0.25250145547736,0.8615250323547,-0.673088308814205));
#4693=CARTESIAN_POINT('Ctrl Pts',(0.252501194055233,0.840215152744061,-0.651846429477935));
#4694=CARTESIAN_POINT('Ctrl Pts',(0.252500990543002,0.81847237344746,-0.630587994717515));
#4695=CARTESIAN_POINT('Ctrl Pts',(0.252500799645413,0.798077313538601,-0.610647257399949));
#4696=CARTESIAN_POINT('Ctrl Pts',(0.252500658687522,0.777301322858121,-0.59069139470187));
#4697=CARTESIAN_POINT('Ctrl Pts',(0.25250055729452,0.756045299842861,-0.570795518024364));
#4698=CARTESIAN_POINT('Ctrl Pts',(0.25250046368335,0.736420659711174,-0.552426634079322));
#4699=CARTESIAN_POINT('Ctrl Pts',(0.252500403056109,0.716386796961777,-0.53410860823515));
#4700=CARTESIAN_POINT('Ctrl Pts',(0.252500365894272,0.695863848014715,-0.515945163809051));
#4701=CARTESIAN_POINT('Ctrl Pts',(0.252500350609505,0.687422702549824,-0.508474489056625));
#4702=CARTESIAN_POINT('Ctrl Pts',(0.252500339337006,0.678898799091064,-0.501030538288978));
#4703=CARTESIAN_POINT('Ctrl Pts',(0.252500331768996,0.670286509791882,-0.493623165268754));
#4704=CARTESIAN_POINT('Ctrl Pts',(0.252500313572128,0.649578729940389,-0.475812540886307));
#4705=CARTESIAN_POINT('Ctrl Pts',(0.252500310187999,0.628646961926605,-0.458465113694317));
#4706=CARTESIAN_POINT('Ctrl Pts',(0.252500318016373,0.607515591459294,-0.441769890182425));
#4707=CARTESIAN_POINT('Ctrl Pts',(0.252500336819755,0.55675904353942,-0.401668756489973));
#4708=CARTESIAN_POINT('Ctrl Pts',(0.25250011794562,0.504847167182557,-0.365330085771372));
#4709=CARTESIAN_POINT('Ctrl Pts',(0.252519078108114,0.452171982421179,-0.335502456595006));
#4710=CARTESIAN_POINT('Ctrl Pts',(0.25253256167645,0.414711889260563,-0.314290461368627));
#4711=CARTESIAN_POINT('Ctrl Pts',(0.252555841125131,0.376867943466381,-0.296373941446807));
#4712=CARTESIAN_POINT('Ctrl Pts',(0.252596681485336,0.338788216275798,-0.282716832021011));
#4713=CARTESIAN_POINT('Ctrl Pts',(0.252625084572469,0.312305055892322,-0.273218775023705));
#4714=CARTESIAN_POINT('Ctrl Pts',(0.252661991647466,0.285707946745232,-0.265780283026936));
#4715=CARTESIAN_POINT('Ctrl Pts',(0.252710116792138,0.25904405160129,-0.260710400522085));
#4716=CARTESIAN_POINT('Ctrl Pts',(0.252728097510726,0.249081775158712,-0.258816169736521));
#4717=CARTESIAN_POINT('Ctrl Pts',(0.252748654891067,0.238569916049926,-0.257153083027724));
#4718=CARTESIAN_POINT('Ctrl Pts',(0.252771925134077,0.227735520258543,-0.255866001540147));
#4719=CARTESIAN_POINT('Ctrl Pts',(0.25279362971616,0.217630080763832,-0.25466551705094));
#4720=CARTESIAN_POINT('Ctrl Pts',(0.252817697674083,0.207244058212348,-0.253792444600538));
#4721=CARTESIAN_POINT('Ctrl Pts',(0.25284404543015,0.196762011212417,-0.253318392170456));
#4722=CARTESIAN_POINT('Ctrl Pts',(0.252857003920155,0.191606676506041,-0.253085241246265));
#4723=CARTESIAN_POINT('Ctrl Pts',(0.252870510501038,0.186428118331932,-0.25294785437744));
#4724=CARTESIAN_POINT('Ctrl Pts',(0.252884533175786,0.181248308344568,-0.252910042904442));
#4725=CARTESIAN_POINT('Origin',(0.2525,1.32927294603617,0.596959576238921));
#4726=CARTESIAN_POINT('',(0.2525,0.18,-0.2525));
#4727=CARTESIAN_POINT('Ctrl Pts',(-0.252503384597919,1.67377061542673,-1.40119566223924));
#4728=CARTESIAN_POINT('Ctrl Pts',(-0.252505108451827,1.56667096077676,-1.3518095061476));
#4729=CARTESIAN_POINT('Ctrl Pts',(-0.252509460460801,1.35309033859908,-1.19051785511472));
#4730=CARTESIAN_POINT('Ctrl Pts',(-0.252503368517758,0.997806631462381,
-0.816490553708998));
#4731=CARTESIAN_POINT('Ctrl Pts',(-0.252499106784498,0.607191077907444,
-0.405558156095293));
#4732=CARTESIAN_POINT('Ctrl Pts',(-0.252498663564042,0.322699275833923,
-0.253633820090312));
#4733=CARTESIAN_POINT('Ctrl Pts',(-0.252904547976345,0.180363053935509,
-0.252886934700411));
#4734=CARTESIAN_POINT('Ctrl Pts',(-0.252115939639408,1.73870774468011,-1.26037250057784));
#4735=CARTESIAN_POINT('Ctrl Pts',(-0.252025027944591,1.6514536461767,-1.2278901704276));
#4736=CARTESIAN_POINT('Ctrl Pts',(-0.251803263297921,1.44211082963804,-1.10156487806621));
#4737=CARTESIAN_POINT('Ctrl Pts',(-0.252212863905599,1.05479106442032,-0.766123619149562));
#4738=CARTESIAN_POINT('Ctrl Pts',(-0.252525217138976,0.617713002479129,
-0.386559584175455));
#4739=CARTESIAN_POINT('Ctrl Pts',(-0.252575042787322,0.322748720850032,
-0.253557559324573));
#4740=CARTESIAN_POINT('Ctrl Pts',(-0.252904547976345,0.180363053935509,
-0.252886934700411));
#4741=CARTESIAN_POINT('Ctrl Pts',(-0.301303257038005,1.8285202136264,-1.01588130436973));
#4742=CARTESIAN_POINT('Ctrl Pts',(-0.299510994452644,1.77213188165909,-1.00114500860431));
#4743=CARTESIAN_POINT('Ctrl Pts',(-0.29301867665616,1.57927719450945,-0.921844344853001));
#4744=CARTESIAN_POINT('Ctrl Pts',(-0.276859398428418,1.14463355291566,-0.661588407388984));
#4745=CARTESIAN_POINT('Ctrl Pts',(-0.258996383833074,0.631186526747258,
-0.353548362348053));
#4746=CARTESIAN_POINT('Ctrl Pts',(-0.252724916903427,0.322813961293672,
-0.253407841507791));
#4747=CARTESIAN_POINT('Ctrl Pts',(-0.252904547976345,0.180363053935509,
-0.252886934700411));
#4748=CARTESIAN_POINT('Ctrl Pts',(-0.498721471911838,1.88269853631511,-0.700648306174143));
#4749=CARTESIAN_POINT('Ctrl Pts',(-0.495167302334971,1.8460693472599,-0.694802105057158));
#4750=CARTESIAN_POINT('Ctrl Pts',(-0.471727364231491,1.66786078624731,-0.653385292112165));
#4751=CARTESIAN_POINT('Ctrl Pts',(-0.387020353392443,1.20376968778233,-0.498727859254003));
#4752=CARTESIAN_POINT('Ctrl Pts',(-0.28497960959326,0.638805167326127,-0.311494538365419));
#4753=CARTESIAN_POINT('Ctrl Pts',(-0.252970688212652,0.322852181084504,
-0.253162161763354));
#4754=CARTESIAN_POINT('Ctrl Pts',(-0.252904547976345,0.180363053935509,
-0.252886934700411));
#4755=CARTESIAN_POINT('Ctrl Pts',(-0.734261608831674,1.88296217746373,-0.464534862011534));
#4756=CARTESIAN_POINT('Ctrl Pts',(-0.728069551216355,1.84643069444072,-0.461326440368065));
#4757=CARTESIAN_POINT('Ctrl Pts',(-0.683774904329537,1.66828770362272,-0.440882931729548));
#4758=CARTESIAN_POINT('Ctrl Pts',(-0.517462182796186,1.2040471641317,-0.368015390901129));
#4759=CARTESIAN_POINT('Ctrl Pts',(-0.315908281514478,0.638851377948437,
-0.280476993013325));
#4760=CARTESIAN_POINT('Ctrl Pts',(-0.253194219770783,0.322852326046714,
-0.252938630552515));
#4761=CARTESIAN_POINT('Ctrl Pts',(-0.252904547976345,0.180363053935509,
-0.252886934700411));
#4762=CARTESIAN_POINT('Ctrl Pts',(-1.05943062764602,1.81459159950119,-0.288042738835333));
#4763=CARTESIAN_POINT('Ctrl Pts',(-1.04272089385265,1.75312777689471,-0.286445426329483));
#4764=CARTESIAN_POINT('Ctrl Pts',(-0.956706500881454,1.55658425601416,-0.281189816237197));
#4765=CARTESIAN_POINT('Ctrl Pts',(-0.682291710442207,1.12951834278148,-0.269672263607854));
#4766=CARTESIAN_POINT('Ctrl Pts',(-0.359413775081551,0.629206583942264,
-0.257280761538559));
#4767=CARTESIAN_POINT('Ctrl Pts',(-0.253435786844294,0.322804213663305,
-0.25269694821411));
#4768=CARTESIAN_POINT('Ctrl Pts',(-0.252904547976345,0.180363053935509,
-0.252886934700411));
#4769=CARTESIAN_POINT('Ctrl Pts',(-1.293536732646,1.7232802222452,-0.2525));
#4770=CARTESIAN_POINT('Ctrl Pts',(-1.25678209117455,1.63133049129681,-0.252551242596801));
#4771=CARTESIAN_POINT('Ctrl Pts',(-1.12171534473835,1.42116455110369,-0.25266532164615));
#4772=CARTESIAN_POINT('Ctrl Pts',(-0.777511402654034,1.04146021984685,-0.252611845456766));
#4773=CARTESIAN_POINT('Ctrl Pts',(-0.391143183123327,0.615166337871246,
-0.252467658016788));
#4774=CARTESIAN_POINT('Ctrl Pts',(-0.253575356182293,0.322736854906388,
-0.252557217501854));
#4775=CARTESIAN_POINT('Ctrl Pts',(-0.252904547976345,0.180363053935509,
-0.252886934700411));
#4776=CARTESIAN_POINT('Ctrl Pts',(-1.39873379103616,1.67490428830318,-0.2525));
#4777=CARTESIAN_POINT('Ctrl Pts',(-1.34964236034512,1.56815132913442,-0.2525));
#4778=CARTESIAN_POINT('Ctrl Pts',(-1.18896106236806,1.3546454107969,-0.2525));
#4779=CARTESIAN_POINT('Ctrl Pts',(-0.81560887835696,0.998802213567706,-0.2525));
#4780=CARTESIAN_POINT('Ctrl Pts',(-0.40522602119099,0.607374696615586,-0.2525));
#4781=CARTESIAN_POINT('Ctrl Pts',(-0.253632485721877,0.322700138832227,
-0.2525));
#4782=CARTESIAN_POINT('Ctrl Pts',(-0.252904547976345,0.180363053935509,
-0.252886934700411));
#4783=CARTESIAN_POINT('',(-0.2525,0.181242946346902,-0.253501950700695));
#4784=CARTESIAN_POINT('Ctrl Pts',(-0.2525,0.181242946346902,-0.253501950700695));
#4785=CARTESIAN_POINT('Ctrl Pts',(-0.2525,0.32328686310313,-0.253945081295062));
#4786=CARTESIAN_POINT('Ctrl Pts',(-0.2525,0.465330779859357,-0.329661147629666));
#4787=CARTESIAN_POINT('Ctrl Pts',(-0.2525,0.607374696615585,-0.441942702262977));
#4788=CARTESIAN_POINT('Ctrl Pts',(-0.2525,0.749711975507265,-0.554456151069523));
#4789=CARTESIAN_POINT('Ctrl Pts',(-0.2525,0.892049254398946,-0.703686280948058));
#4790=CARTESIAN_POINT('Ctrl Pts',(-0.2525,1.03438653329062,-0.852979692955682));
#4791=CARTESIAN_POINT('Ctrl Pts',(-0.2525,1.14113949245938,-0.9649497519614));
#4792=CARTESIAN_POINT('Ctrl Pts',(-0.2525,1.24789245162814,-1.07695540716473));
#4793=CARTESIAN_POINT('Ctrl Pts',(-0.2525,1.3546454107969,-1.17312855926066));
#4794=CARTESIAN_POINT('Ctrl Pts',(-0.2525,1.46139836996566,-1.26930171135659));
#4795=CARTESIAN_POINT('Ctrl Pts',(-0.2525,1.56815132913442,-1.34964236034512));
#4796=CARTESIAN_POINT('Ctrl Pts',(-0.2525,1.67490428830318,-1.39873379103616));
#4797=CARTESIAN_POINT('Ctrl Pts',(-1.39873379103616,1.67490428830318,-0.2525));
#4798=CARTESIAN_POINT('Ctrl Pts',(-1.38882757087834,1.6533624774181,-0.2525));
#4799=CARTESIAN_POINT('Ctrl Pts',(-1.3778662300394,1.63228329311561,-0.252499999746617));
#4800=CARTESIAN_POINT('Ctrl Pts',(-1.36609041859979,1.61162596717297,-0.252500000768301));
#4801=CARTESIAN_POINT('Ctrl Pts',(-1.35382945476621,1.59011757876337,-0.252500001832078));
#4802=CARTESIAN_POINT('Ctrl Pts',(-1.34068520816584,1.56906656417082,-0.25250000429074));
#4803=CARTESIAN_POINT('Ctrl Pts',(-1.32687269441886,1.54842714417041,-0.25250001312032));
#4804=CARTESIAN_POINT('Ctrl Pts',(-1.31215629565622,1.52643708931726,-0.252500022527703));
#4805=CARTESIAN_POINT('Ctrl Pts',(-1.29668113585826,1.50491429095506,-0.252500039209514));
#4806=CARTESIAN_POINT('Ctrl Pts',(-1.28064789380928,1.48380308541844,-0.252500072402595));
#4807=CARTESIAN_POINT('Ctrl Pts',(-1.26344578707793,1.46115281856918,-0.252500108015538));
#4808=CARTESIAN_POINT('Ctrl Pts',(-1.24560105970089,1.43897636465444,-0.252500162752792));
#4809=CARTESIAN_POINT('Ctrl Pts',(-1.22729823025941,1.41720422430943,-0.252500250387845));
#4810=CARTESIAN_POINT('Ctrl Pts',(-1.20953799751071,1.39607753014442,-0.252500335424913));
#4811=CARTESIAN_POINT('Ctrl Pts',(-1.191345415894,1.37533152267376,-0.252500451632896));
#4812=CARTESIAN_POINT('Ctrl Pts',(-1.17284229437769,1.35490196910092,-0.252500611338503));
#4813=CARTESIAN_POINT('Ctrl Pts',(-1.15147815718097,1.33131352836062,-0.252500795738336));
#4814=CARTESIAN_POINT('Ctrl Pts',(-1.12970033222153,1.30814703614778,-0.252501037706587));
#4815=CARTESIAN_POINT('Ctrl Pts',(-1.10764241414052,1.28530208565168,-0.25250135851903));
#4816=CARTESIAN_POINT('Ctrl Pts',(-1.08299050936355,1.25977059432071,-0.252501717058662));
#4817=CARTESIAN_POINT('Ctrl Pts',(-1.05798828412748,1.23464076182173,-0.252502174060199));
#4818=CARTESIAN_POINT('Ctrl Pts',(-1.03275496086319,1.20976996168877,-0.252502762500687));
#4819=CARTESIAN_POINT('Ctrl Pts',(-1.02196093455378,1.19913101143401,-0.252503014217119));
#4820=CARTESIAN_POINT('Ctrl Pts',(-1.01112389480713,1.1885394279633,-0.252503290024313));
#4821=CARTESIAN_POINT('Ctrl Pts',(-1.00025043407309,1.17798390321363,-0.252503592600484));
#4822=CARTESIAN_POINT('Ctrl Pts',(-0.971128792382269,1.14971376759285,-0.252504402969424));
#4823=CARTESIAN_POINT('Ctrl Pts',(-0.942120143447919,1.12183760437223,-0.252504794501493));
#4824=CARTESIAN_POINT('Ctrl Pts',(-0.913162692475481,1.09408251957944,-0.252504811952224));
#4825=CARTESIAN_POINT('Ctrl Pts',(-0.892746650706982,1.07451418910183,-0.252504824255615));
#4826=CARTESIAN_POINT('Ctrl Pts',(-0.87235418902734,1.05500603640015,-0.252504662630858));
#4827=CARTESIAN_POINT('Ctrl Pts',(-0.851954600576607,1.03546068434194,-0.252504405545681));
#4828=CARTESIAN_POINT('Ctrl Pts',(-0.822278609365363,1.00702738053776,-0.252504031554928));
#4829=CARTESIAN_POINT('Ctrl Pts',(-0.792583714181871,0.978515925878157,
-0.252503464452335));
#4830=CARTESIAN_POINT('Ctrl Pts',(-0.762788727305597,0.949617435715951,
-0.252502922607272));
#4831=CARTESIAN_POINT('Ctrl Pts',(-0.740011147031391,0.927525206502815,
-0.252502508379219));
#4832=CARTESIAN_POINT('Ctrl Pts',(-0.717174774690391,0.905206585765835,
-0.252502107670248));
#4833=CARTESIAN_POINT('Ctrl Pts',(-0.694276602902351,0.882518722402054,
-0.25250176892627));
#4834=CARTESIAN_POINT('Ctrl Pts',(-0.673088308813943,0.861525032353816,
-0.252501455477358));
#4835=CARTESIAN_POINT('Ctrl Pts',(-0.651846429477633,0.840215152743039,
-0.252501194055232));
#4836=CARTESIAN_POINT('Ctrl Pts',(-0.630587994717171,0.81847237344629,-0.252500990543));
#4837=CARTESIAN_POINT('Ctrl Pts',(-0.610647257399584,0.798077313537312,
-0.252500799645411));
#4838=CARTESIAN_POINT('Ctrl Pts',(-0.590691394701483,0.777301322856708,
-0.25250065868752));
#4839=CARTESIAN_POINT('Ctrl Pts',(-0.570795518023951,0.756045299841319,
-0.252500557294518));
#4840=CARTESIAN_POINT('Ctrl Pts',(-0.552426634078914,0.736420659709543,
-0.252500463683348));
#4841=CARTESIAN_POINT('Ctrl Pts',(-0.534108608234743,0.716386796960057,
-0.252500403056107));
#4842=CARTESIAN_POINT('Ctrl Pts',(-0.515945163808642,0.695863848012904,
-0.25250036589427));
#4843=CARTESIAN_POINT('Ctrl Pts',(-0.508474489056449,0.687422702548241,
-0.252500350609504));
#4844=CARTESIAN_POINT('Ctrl Pts',(-0.501030538289033,0.678898799089713,
-0.252500339337004));
#4845=CARTESIAN_POINT('Ctrl Pts',(-0.493623165269036,0.67028650979077,-0.252500331768994));
#4846=CARTESIAN_POINT('Ctrl Pts',(-0.475812540886764,0.649578729939421,
-0.252500313572127));
#4847=CARTESIAN_POINT('Ctrl Pts',(-0.458465113694952,0.628646961925789,
-0.252500310187998));
#4848=CARTESIAN_POINT('Ctrl Pts',(-0.441769890183213,0.607515591458653,
-0.252500318016371));
#4849=CARTESIAN_POINT('Ctrl Pts',(-0.40166875644075,0.556759043475432,-0.252500336819753));
#4850=CARTESIAN_POINT('Ctrl Pts',(-0.365330085681428,0.504847167052456,
-0.252500117945615));
#4851=CARTESIAN_POINT('Ctrl Pts',(-0.335502456483927,0.452171982223632,
-0.252519078108182));
#4852=CARTESIAN_POINT('Ctrl Pts',(-0.314290461277481,0.414711889076796,
-0.252532561676547));
#4853=CARTESIAN_POINT('Ctrl Pts',(-0.29637394137465,0.376867943296986,-0.252555841125263));
#4854=CARTESIAN_POINT('Ctrl Pts',(-0.282716831965745,0.338788216121135,
-0.252596681485499));
#4855=CARTESIAN_POINT('Ctrl Pts',(-0.273218774992879,0.312305055783297,
-0.252625084572617));
#4856=CARTESIAN_POINT('Ctrl Pts',(-0.265780283014028,0.285707946682323,
-0.252661991647574));
#4857=CARTESIAN_POINT('Ctrl Pts',(-0.260710400518949,0.259044051584722,
-0.252710116792167));
#4858=CARTESIAN_POINT('Ctrl Pts',(-0.258816169733953,0.249081775143251,
-0.252728097510755));
#4859=CARTESIAN_POINT('Ctrl Pts',(-0.257153083025683,0.238569916035543,
-0.252748654891096));
#4860=CARTESIAN_POINT('Ctrl Pts',(-0.255866001538569,0.227735520245249,
-0.252771925134106));
#4861=CARTESIAN_POINT('Ctrl Pts',(-0.254665517049803,0.217630080751628,
-0.252793629716188));
#4862=CARTESIAN_POINT('Ctrl Pts',(-0.253792444599783,0.207244058201247,
-0.25281769767411));
#4863=CARTESIAN_POINT('Ctrl Pts',(-0.253318392170005,0.196762011202455,
-0.252844045430175));
#4864=CARTESIAN_POINT('Ctrl Pts',(-0.253085241246088,0.191606676499376,
-0.252857003920172));
#4865=CARTESIAN_POINT('Ctrl Pts',(-0.252947854377416,0.186428118328599,
-0.252870510501047));
#4866=CARTESIAN_POINT('Ctrl Pts',(-0.252910042904442,0.181248308344568,
-0.252884533175786));
#4867=CARTESIAN_POINT('Origin',(-0.2525,1.32927294603617,-0.596959576238921));
#4868=CARTESIAN_POINT('',(-0.2525,0.18,-0.2525));
#4869=CARTESIAN_POINT('Origin',(0.2525,1.32927294603617,0.596959576238921));
#4870=CARTESIAN_POINT('',(0.2525,0.18,0.2525));
#4871=CARTESIAN_POINT('Origin',(1.44590908625464E-17,0.18,0.2525));
#4872=CARTESIAN_POINT('',(0.,0.18,0.2525));
#4873=CARTESIAN_POINT('Origin',(-4.73855724943949E-17,0.18,-0.2525));
#4874=CARTESIAN_POINT('',(-4.73855724943949E-17,0.18,-0.2525));
#4875=CARTESIAN_POINT('Origin',(-0.596959576238921,1.32927294603617,-0.2525));
#4876=CARTESIAN_POINT('',(-0.2525,0.18,-0.2525));
#4877=CARTESIAN_POINT('Origin',(-0.596959576238921,1.32927294603617,0.2525));
#4878=CARTESIAN_POINT('',(-0.2525,0.18,0.2525));
#4879=CARTESIAN_POINT('Origin',(-0.2525,0.18,3.09223316784707E-17));
#4880=CARTESIAN_POINT('',(-0.2525,0.18,3.09223316784707E-17));
#4881=CARTESIAN_POINT('Origin',(0.596959576238921,1.32927294603617,-0.2525));
#4882=CARTESIAN_POINT('',(0.2525,0.18,-0.2525));
#4883=CARTESIAN_POINT('Origin',(0.2525,0.18,0.));
#4884=CARTESIAN_POINT('',(0.2525,0.18,0.));
#4885=CARTESIAN_POINT('Origin',(0.,0.18,0.));
#4886=CARTESIAN_POINT('Origin',(6.03035904296913E-20,0.17130700386214,0.));
#4887=CARTESIAN_POINT('',(-3.45,0.,-4.22503145705837E-16));
#4888=CARTESIAN_POINT('Origin',(0.,0.,0.));
#4889=CARTESIAN_POINT('',(-3.45,0.17130700386214,-4.22503145705837E-16));
#4890=CARTESIAN_POINT('Origin',(1.3375,0.,0.));
#4891=CARTESIAN_POINT('',(-1.3375,0.,-1.63796509385958E-16));
#4892=CARTESIAN_POINT('Origin',(0.,0.,0.));
#4893=CARTESIAN_POINT('Origin',(-1.22023532933856E-19,-0.3466375,0.));
#4894=CARTESIAN_POINT('',(-1.3375,-0.693275,-1.63796509385958E-16));
#4895=CARTESIAN_POINT('Origin',(-2.44047065867713E-19,-0.693275,0.));
#4896=CARTESIAN_POINT('',(-1.3375,-0.3466375,-1.63796509385958E-16));
#4897=CARTESIAN_POINT('Origin',(-2.98033821684867E-19,-0.8466375,0.));
#4898=CARTESIAN_POINT('',(-1.5,-1.,-1.83697019872103E-16));
#4899=CARTESIAN_POINT('Origin',(-3.5202057750202E-19,-1.,0.));
#4900=CARTESIAN_POINT('',(-1.41875,-0.8466375,-1.73746764629031E-16));
#4901=CARTESIAN_POINT('Origin',(-1.00207497668891E-18,-2.8466375,0.));
#4902=CARTESIAN_POINT('',(-1.5,-4.693275,-1.83697019872103E-16));
#4903=CARTESIAN_POINT('Origin',(-1.65212937587579E-18,-4.693275,0.));
#4904=CARTESIAN_POINT('',(-1.5,-2.8466375,-1.83697019872103E-16));
#4905=CARTESIAN_POINT('Origin',(-1.70611613169295E-18,-4.8466375,0.));
#4906=CARTESIAN_POINT('',(-1.193275,-5.,1.46134040925256E-16));
#4907=CARTESIAN_POINT('',(-1.3466375,-4.8466375,1.64915530398679E-16));
#4908=CARTESIAN_POINT('Origin',(-1.7601028875101E-18,-5.,0.));
#4909=CARTESIAN_POINT('Origin',(0.,-5.,0.));
#4910=CARTESIAN_POINT('',(-58.81076543976,-67.7098575443863,24.1009078953666));
#4911=CARTESIAN_POINT('',(-58.8107654397598,-67.7098575443863,-50.8990921046261));
#4912=CARTESIAN_POINT('',(1.18923456023985,14.7901424556136,-13.3990921046331));
#4913=CARTESIAN_POINT('',(1.18923456023941,-150.209857544386,-13.3990921046339));
#4914=CARTESIAN_POINT('',(-118.81076543976,-150.209857544386,-13.3990921046328));
#4915=CARTESIAN_POINT('',(-118.810765439759,14.7901424556136,-13.399092104632));
#4916=UNCERTAINTY_MEASURE_WITH_UNIT(LENGTH_MEASURE(0.01),#4926,
'DISTANCE_ACCURACY_VALUE',
'Maximum model space distance between geometric entities at asserted c
onnectivities');
#4917=UNCERTAINTY_MEASURE_WITH_UNIT(LENGTH_MEASURE(0.01),#4926,
'DISTANCE_ACCURACY_VALUE',
'Maximum model space distance between geometric entities at asserted c
onnectivities');
#4918=UNCERTAINTY_MEASURE_WITH_UNIT(LENGTH_MEASURE(0.01),#4926,
'DISTANCE_ACCURACY_VALUE',
'Maximum model space distance between geometric entities at asserted c
onnectivities');
#4919=UNCERTAINTY_MEASURE_WITH_UNIT(LENGTH_MEASURE(0.01),#4926,
'DISTANCE_ACCURACY_VALUE',
'Maximum model space distance between geometric entities at asserted c
onnectivities');
#4920=UNCERTAINTY_MEASURE_WITH_UNIT(LENGTH_MEASURE(0.01),#4926,
'DISTANCE_ACCURACY_VALUE',
'Maximum model space distance between geometric entities at asserted c
onnectivities');
#4921=(
GEOMETRIC_REPRESENTATION_CONTEXT(3)
GLOBAL_UNCERTAINTY_ASSIGNED_CONTEXT((#4916))
GLOBAL_UNIT_ASSIGNED_CONTEXT((#4926,#4928,#4929))
REPRESENTATION_CONTEXT('','3D')
);
#4922=(
GEOMETRIC_REPRESENTATION_CONTEXT(3)
GLOBAL_UNCERTAINTY_ASSIGNED_CONTEXT((#4917))
GLOBAL_UNIT_ASSIGNED_CONTEXT((#4926,#4928,#4929))
REPRESENTATION_CONTEXT('','3D')
);
#4923=(
GEOMETRIC_REPRESENTATION_CONTEXT(3)
GLOBAL_UNCERTAINTY_ASSIGNED_CONTEXT((#4918))
GLOBAL_UNIT_ASSIGNED_CONTEXT((#4926,#4928,#4929))
REPRESENTATION_CONTEXT('','3D')
);
#4924=(
GEOMETRIC_REPRESENTATION_CONTEXT(3)
GLOBAL_UNCERTAINTY_ASSIGNED_CONTEXT((#4919))
GLOBAL_UNIT_ASSIGNED_CONTEXT((#4926,#4928,#4929))
REPRESENTATION_CONTEXT('','3D')
);
#4925=(
GEOMETRIC_REPRESENTATION_CONTEXT(3)
GLOBAL_UNCERTAINTY_ASSIGNED_CONTEXT((#4920))
GLOBAL_UNIT_ASSIGNED_CONTEXT((#4926,#4928,#4929))
REPRESENTATION_CONTEXT('','3D')
);
#4926=(
LENGTH_UNIT()
NAMED_UNIT(*)
SI_UNIT(.MILLI.,.METRE.)
);
#4927=(
LENGTH_UNIT()
NAMED_UNIT(*)
SI_UNIT(.CENTI.,.METRE.)
);
#4928=(
NAMED_UNIT(*)
PLANE_ANGLE_UNIT()
SI_UNIT($,.RADIAN.)
);
#4929=(
NAMED_UNIT(*)
SI_UNIT($,.STERADIAN.)
SOLID_ANGLE_UNIT()
);
#4930=SHAPE_DEFINITION_REPRESENTATION(#4934,#4944);
#4931=SHAPE_DEFINITION_REPRESENTATION(#4935,#4945);
#4932=SHAPE_DEFINITION_REPRESENTATION(#4936,#4946);
#4933=SHAPE_DEFINITION_REPRESENTATION(#4937,#4947);
#4934=PRODUCT_DEFINITION_SHAPE('',$,#4949);
#4935=PRODUCT_DEFINITION_SHAPE('',$,#4950);
#4936=PRODUCT_DEFINITION_SHAPE('',$,#4951);
#4937=PRODUCT_DEFINITION_SHAPE('',$,#4952);
#4938=PRODUCT_DEFINITION_SHAPE($,$,#29);
#4939=PRODUCT_DEFINITION_SHAPE($,$,#30);
#4940=PRODUCT_DEFINITION_SHAPE($,$,#31);
#4941=PRODUCT_DEFINITION_SHAPE($,$,#32);
#4942=PRODUCT_DEFINITION_SHAPE($,$,#33);
#4943=PRODUCT_DEFINITION_SHAPE($,$,#34);
#4944=SHAPE_REPRESENTATION('',(#2426,#2614,#2615,#2616,#2617,#2618,#2619),
#4921);
#4945=SHAPE_REPRESENTATION('',(#2427),#4922);
#4946=SHAPE_REPRESENTATION('',(#2482),#4923);
#4947=SHAPE_REPRESENTATION('',(#2573),#4924);
#4948=DESIGN_CONTEXT('part definition',#4962,'design');
#4949=PRODUCT_DEFINITION('MB12-8-18','MB_\X2\FF54\X0\1.0_\X2\88DC5F376709\X0\',
#4953,#4948);
#4950=PRODUCT_DEFINITION('MB12-8-18_cover','MB12-8-18_cover',#4954,#4948);
#4951=PRODUCT_DEFINITION('MB12-8-18_\X2\FF7CFF6CFF70FF7C\X0\',
'MB12-8-18_\X2\FF7CFF6CFF70FF7C\X0\',#4955,#4948);
#4952=PRODUCT_DEFINITION('M3x5','M3x5',#4956,#4948);
#4953=PRODUCT_DEFINITION_FORMATION('',$,#4964);
#4954=PRODUCT_DEFINITION_FORMATION('',$,#4965);
#4955=PRODUCT_DEFINITION_FORMATION('',$,#4966);
#4956=PRODUCT_DEFINITION_FORMATION('',$,#4967);
#4957=PRODUCT_RELATED_PRODUCT_CATEGORY('MB_\X2\FF54\X0\1.0_\X2\88DC5F376709\X0\',
'MB_\X2\FF54\X0\1.0_\X2\88DC5F376709\X0\',(#4964));
#4958=PRODUCT_RELATED_PRODUCT_CATEGORY('MB12-8-18_cover',
'MB12-8-18_cover',(#4965));
#4959=PRODUCT_RELATED_PRODUCT_CATEGORY('MB12-8-18_\X2\FF7CFF6CFF70FF7C\X0\',
'MB12-8-18_\X2\FF7CFF6CFF70FF7C\X0\',(#4966));
#4960=PRODUCT_RELATED_PRODUCT_CATEGORY('M3x5','M3x5',(#4967));
#4961=APPLICATION_PROTOCOL_DEFINITION('international standard',
'ap203_configuration_controlled_3d_design_of_mechanical_parts_and_asse
mblies_mim_lf',2004,#4962);
#4962=APPLICATION_CONTEXT(
'Configuration Controlled 3D Design of Mechanical Parts and Assemblies');
#4963=MECHANICAL_CONTEXT('part definition',#4962,'mechanical');
#4964=PRODUCT('MB12-8-18','MB_\X2\FF54\X0\1.0_\X2\88DC5F376709\X0\',$,(#4963));
#4965=PRODUCT('MB12-8-18_cover','MB12-8-18_cover',$,(#4963));
#4966=PRODUCT('MB12-8-18_\X2\FF7CFF6CFF70FF7C\X0\',
'MB12-8-18_\X2\FF7CFF6CFF70FF7C\X0\',$,(#4963));
#4967=PRODUCT('M3x5','M3x5',$,(#4963));
ENDSEC;
END-ISO-10303-21;
